files,labels,fussed_labels
9518_right,5,4.611737992712938
9598_left,5,4.604851380849178
9598_right,5,4.783286112431716
9608_left,5,5.303056848612775
9608_right,5,5.32071685524447
9680_left,5,5.171364386083325
9682_left,5,5.048543873655588
9682_right,5,5.06114151095198
9783_right,5,4.8225941356134285
9863_left,5,5.25311186533232
9863_right,5,4.983647611417233
9942_left,5,4.524270889878459
10017_left,5,5.203865578690494
10017_right,5,4.818315545745098
10047_right,5,5.016487814571678
10193_right,5,5.485053032487921
10312_left,5,4.513476827101228
10321_left,5,5.090756584731109
10570_left,5,4.866272083533599
10570_right,5,4.745592119177637
10653_left,5,5.171250210599075
10653_right,5,4.622677032521936
10785_left,5,4.674668273736631
10785_right,5,5.251187172368672
10904_left,5,4.918288432487381
10904_right,5,5.40158148931255
10954_left,5,5.35813180372668
10954_right,5,5.180583223951783
11032_left,5,5.486989856196044
11032_right,5,5.117811123677551
11417_right,5,4.719180014597438
11492_left,5,4.946802248695926
11492_right,5,5.384362425467707
11730_right,5,4.727283356649357
11807_left,5,4.536833421802748
11854_left,5,5.0579816425228685
11854_right,5,4.564774499055988
11874_left,5,4.846301745660191
11874_right,5,4.635578069665033
11896_left,5,5.11109014130856
11896_right,5,5.04485238726918
12014_right,5,4.764636920562173
12108_left,5,4.547751332793352
12108_right,5,5.127333724321701
12419_left,5,5.114765097519717
12419_right,5,4.922871420933596
12652_left,5,4.835086289986111
12861_left,5,4.507095314443763
12861_right,5,4.903130119375502
12995_left,5,5.389574769575153
13022_right,5,4.743731169591286
13038_right,5,5.244247196747892
13066_right,5,5.016872421734307
13222_left,5,5.471266625179153
13308_right,5,5.105973171043846
13387_left,5,4.550137341874546
13387_right,5,4.909220965162977
13395_right,5,4.9287568533898725
13588_right,5,5.425469402320304
13651_right,5,4.859114327809529
13664_left,5,5.085905059060052
13664_right,5,4.939465517395099
13669_left,5,4.665082729921688
13669_right,5,4.818987486330905
13705_left,5,4.767222427201999
13811_left,5,4.623522078417799
13811_right,5,4.744579726434619
13819_left,5,5.001118797165502
13819_right,5,4.8938687712788616
13938_left,5,4.809519149940836
13966_left,5,4.757136694654588
13999_left,5,4.603424097362272
13999_right,5,5.461526282453613
14021_right,5,5.06909731285274
14025_right,5,4.573813027251835
14084_left,5,5.480951348294212
14084_right,5,4.880800330170497
14340_left,5,5.285235727610498
14436_right,5,4.994923419118895
14495_right,5,4.7949898079670366
14765_right,5,5.060548593593903
14844_left,5,4.774508443442073
14844_right,5,4.771288160009059
14849_left,5,4.73382233802698
14849_right,5,4.723808261036223
14976_left,5,4.739105374628676
14976_right,5,4.805641085642228
15038_left,5,4.505385812635847
15038_right,5,4.575033581745481
15114_left,5,4.796510963785282
15149_left,5,4.703903003341509
15149_right,5,5.093726770520104
15343_left,5,4.813789000094886
15343_right,5,5.466189584981077
15376_left,5,5.26191396877975
15388_left,5,4.551750722080433
15414_left,5,4.685983835324406
15414_right,5,4.776877227600493
15459_left,5,4.610729395668496
15459_right,5,5.2195656720680095
15590_left,5,4.8886485731132
15590_right,5,5.313916011305826
15870_right,5,5.43018569288371
15941_left,5,5.46824360116572
15975_left,5,5.343039037829128
15975_right,5,5.496998333849952
16007_right,5,4.76629945752094
16046_right,5,4.707401833188754
16114_left,5,5.039452897637905
16114_right,5,5.438222897206048
16309_left,5,4.56806306838566
16309_right,5,4.672896681486474
16392_left,5,4.933994237681217
16392_right,5,5.222591884108421
16413_left,5,5.237805855118849
16413_right,5,4.882015934680136
16565_left,5,5.3677773535627145
16565_right,5,5.01900471022754
16581_right,5,4.843584389480461
16802_left,5,4.943941686196825
16802_right,5,5.269570490998127
16920_left,5,4.6496444078014445
17114_right,5,4.558723657268091
17135_left,5,4.857817188202669
17135_right,5,5.263407890814293
17221_left,5,4.715828309364657
17221_right,5,4.690860060675203
17411_right,5,4.505619892249398
17426_left,5,4.636379571965678
17426_right,5,5.404874059691921
17453_left,5,5.277268359512342
17453_right,5,5.106954599037635
17489_left,5,4.612759633442805
17489_right,5,4.855043731174585
17669_right,5,4.772463043553868
17749_left,5,4.621121829682034
17899_right,5,5.024516215458433
17925_left,5,5.177837843547758
17940_left,5,5.363171694343579
17940_right,5,5.45829037503268
18017_left,5,4.619817232659844
18030_left,5,4.779042068391242
18030_right,5,4.592253021750763
18059_right,5,4.933653000536033
18143_right,5,5.16046852458938
18370_left,5,5.455461237730998
18567_left,5,5.086665056694172
18567_right,5,4.825838787944601
18798_left,5,5.357261077180633
18803_right,5,5.275128400589454
18819_left,5,4.958190781009822
18902_left,5,4.553380349979236
18902_right,5,5.205771567371191
19005_right,5,5.384885861583469
19061_left,5,4.693147551343839
19061_right,5,5.335639194505719
19110_left,5,4.67536946961557
19110_right,5,5.478609543975841
19116_right,5,5.110593642728165
19285_right,5,4.599067305867495
19347_left,5,4.803446318028303
19347_right,5,5.133736520350332
19471_left,5,4.561965720035926
19471_right,5,5.308758665455126
19485_right,5,5.42673239586111
19586_left,5,5.350145207480269
19588_left,5,5.015241889502463
19588_right,5,4.962703041657159
19600_left,5,4.790575048508377
19604_left,5,4.978178505605673
19604_right,5,4.984565249269732
19663_left,5,4.970973250338432
19663_right,5,5.0462251043251385
19748_left,5,4.912210923395081
19748_right,5,4.879219473405547
19771_left,5,5.098821653871047
19771_right,5,4.577164178283576
19961_left,5,4.714681616764963
20026_left,5,4.891508299095445
20026_right,5,4.970014843973512
20111_left,5,5.401834679296098
20144_left,5,4.7229854317810505
20144_right,5,4.941934418643651
20146_right,5,4.8437946657792965
20432_right,5,5.236524411061095
20458_right,5,5.205169245939507
20574_left,5,5.035655809372569
20752_left,5,4.909100560388481
20752_right,5,5.182773569416494
20855_left,5,5.0407804726680565
20855_right,5,5.053796718000799
21033_right,5,4.979784314462049
21096_left,5,4.762062132414961
21096_right,5,4.9940192889644175
21190_left,5,5.475907496850605
21190_right,5,5.037777750727464
21205_left,5,4.750902240976078
21205_right,5,4.925784806119989
21373_left,5,5.481212959008349
21373_right,5,5.357022072319524
21444_left,5,4.560375469849758
21511_left,5,5.18165035214166
21511_right,5,5.48817307351155
21788_left,5,5.449193650978822
21788_right,5,5.077983329917515
22160_right,5,5.428083244912234
22271_left,5,5.0171380526197495
22271_right,5,5.2026211514140766
22379_left,5,5.051043621589785
22379_right,5,5.3151435308457895
22520_left,5,5.322125884730012
22520_right,5,4.750154390160171
22568_left,5,4.538218428259237
22568_right,5,4.811772998780061
22665_left,5,5.232375684224263
22665_right,5,4.869343851695481
22669_left,5,5.052807527494301
22669_right,5,4.536889743945817
22716_left,5,5.111098707773725
22716_right,5,4.598793526291759
22801_right,5,4.701433987394863
22894_left,5,4.529205999423009
22894_right,5,5.378455754064438
22901_left,5,4.593308246705243
22901_right,5,4.863038671391378
22906_left,5,4.862514324652491
22906_right,5,5.151613305311306
23326_left,5,5.217049117696246
23326_right,5,4.989511984827012
23403_left,5,5.147544666894795
23422_left,5,4.963002212187411
23422_right,5,4.777546006908073
23433_left,5,5.398555215628643
23433_right,5,5.092626399815635
23604_left,5,4.521012179789419
23648_right,5,4.7387651475319466
23692_left,5,4.984581437605863
23692_right,5,4.576222329732525
23736_left,5,4.56879998852961
23831_left,5,5.143826708442087
23831_right,5,5.2005169154135285
23906_right,5,5.071304087377487
24010_left,5,5.379047780455426
24010_right,5,4.858624090554897
24019_left,5,5.065803975406979
24019_right,5,4.881724843940284
24163_left,5,4.688481353570188
24222_right,5,5.155731043735999
24472_left,5,4.502174733228774
24472_right,5,4.523294327265868
24772_left,5,5.018711143806161
24773_left,5,4.877007750014269
24773_right,5,5.1505248174347456
24853_left,5,5.41144497378582
24853_right,5,5.248923841954469
24910_left,5,5.156254650617041
24910_right,5,5.371242036619503
25080_left,5,4.962113370000393
25080_right,5,5.321775263418323
25181_left,5,5.288184015755816
25378_right,5,5.440778147075802
25407_left,5,4.947655857924941
25407_right,5,5.04725863382362
25697_right,5,4.691953736318594
25741_right,5,4.9997610543942095
25916_left,5,4.659223119494712
25972_left,5,4.931016701528506
25972_right,5,5.13799694004427
25985_left,5,5.092688594024771
25985_right,5,5.241190759443635
26477_right,5,4.586314768393746
26737_right,5,4.5758190967504015
26772_left,5,5.188380115732893
26772_right,5,5.125849911543906
26997_left,5,4.766419544093537
27081_left,5,5.478183701217483
27081_right,5,5.077091187450257
27094_left,5,5.46543906640417
27251_left,5,5.001722902248223
27251_right,5,5.226504215008984
27376_right,5,4.657773712695915
27395_left,5,4.773114439828478
27395_right,5,5.458376802602547
27597_left,5,4.643093188277335
27597_right,5,4.500513178042194
27674_left,5,5.034035017330248
27674_right,5,4.927832859785312
27727_left,5,4.752966539027666
28072_left,5,4.834108088811504
28077_left,5,5.070169628431518
28077_right,5,5.402562012189606
28257_right,5,4.676317180043088
28386_left,5,4.610488306685408
28386_right,5,4.745813713901564
28434_left,5,5.132280753445959
28434_right,5,4.846188530625096
28435_left,5,5.373749857027335
28435_right,5,4.838542393296225
28524_right,5,5.039121541284845
28549_left,5,5.452944413089305
28549_right,5,4.769465884417025
28675_left,5,5.000129086086705
28743_left,5,4.978880972194768
28929_left,5,4.604333951103657
28929_right,5,4.526003753013636
28948_left,5,5.215592466763483
28948_right,5,4.68632903727835
28976_right,5,5.463891920399528
29027_left,5,5.068136264312763
29027_right,5,5.106703491231481
29058_right,5,5.396085966252427
29599_left,5,4.943006375522728
29703_left,5,5.1034339155611255
29703_right,5,4.65816056709165
29839_left,5,5.464419475938759
29839_right,5,4.934731531195958
29865_left,5,5.387248761691304
29865_right,5,4.701058070083744
29960_left,5,5.308791928393805
30039_left,5,4.953456223567807
30039_right,5,5.212150067828929
30046_left,5,5.298708646471931
30046_right,5,5.207119016879608
30255_left,5,5.480842392969089
30255_right,5,4.609120391920824
30297_left,5,4.912469067313715
30297_right,5,4.687523179311547
30303_right,5,4.648533033646931
30549_left,5,4.980678365941682
30549_right,5,5.138388846930991
30570_left,5,4.892040118545592
30675_left,5,4.724719923354882
30675_right,5,5.286615744536945
30722_left,5,4.637976994041262
30722_right,5,4.70954797981933
30723_left,5,4.725124748479712
30723_right,5,4.552658186256261
30725_right,5,4.567485772424074
30747_right,5,4.996335865991884
30869_left,5,4.830850840367819
30869_right,5,5.231391191464972
31006_left,5,5.201878656759572
31006_right,5,5.389645582744051
31043_left,5,4.817413351396343
31043_right,5,4.939434593509729
31442_right,5,5.144827395169076
31461_right,5,4.505640558438447
31590_left,5,5.486896313976903
31590_right,5,5.076273955364225
31602_left,5,4.732706093167279
31602_right,5,5.154049004762522
31659_left,5,5.115283877080568
31659_right,5,4.901575083249592
31729_left,5,5.1310207357320365
31729_right,5,5.492596646753432
31746_left,5,5.016662227327134
31924_left,5,5.048594094256988
31984_left,5,5.047877389366656
32148_left,5,5.412348624821179
32148_right,5,5.210221490985793
32149_left,5,5.215400850142898
32149_right,5,4.608301695438029
32230_right,5,4.850485285956191
32630_left,5,5.065207486113966
32630_right,5,4.66713972605832
32846_left,5,4.705063606737701
32846_right,5,5.395989277096115
32851_right,5,5.356206627529668
32868_left,5,5.007398062142026
32868_right,5,5.18666835192813
33003_left,5,5.033785126303735
33080_left,5,4.996371146574705
33080_right,5,4.534315892505402
33236_left,5,4.767125354144507
33236_right,5,4.638633050839021
33270_left,5,4.958478200470243
33283_left,5,5.402121405259412
33283_right,5,5.105859353020654
33287_left,5,5.482167414132347
33358_right,5,5.433355301738438
33493_left,5,4.521653214524204
33493_right,5,5.062139690810787
33580_left,5,5.271087720967275
33621_left,5,4.781464628216589
33621_right,5,5.062857064602216
33725_left,5,5.35616814544351
33725_right,5,5.465583158002767
33753_left,5,5.176045811116795
33812_right,5,5.292867014000054
33884_left,5,4.763391451360427
33884_right,5,4.8792316326361815
33906_left,5,5.29915427928456
33906_right,5,4.613212087088074
34152_left,5,4.819681577544633
34152_right,5,5.220304194844033
34400_left,5,5.279325380065767
34400_right,5,4.954780218919882
34453_left,5,4.715329566081784
34453_right,5,5.1437481057814765
34708_left,5,5.298906322963162
34708_right,5,4.974423802160064
34844_left,5,5.294747644307814
34844_right,5,5.301310234338992
34901_left,5,4.848757009927573
34901_right,5,4.693712596451885
34995_left,5,4.619150999032524
34995_right,5,4.773844799384118
35112_left,5,4.869353196718628
35112_right,5,5.164132770946562
35130_left,5,4.771467043699202
35130_right,5,4.94291670654208
35199_right,5,4.624023061480854
35323_right,5,4.913739005263943
35412_left,5,5.406938975937996
35461_left,5,5.480706385939209
35461_right,5,5.131155433615275
35668_left,5,5.267763421393435
35668_right,5,4.86035492074951
35704_left,5,5.164110956704029
35704_right,5,4.958511634106679
35766_left,5,5.329520500492766
35766_right,5,5.25632033786232
35804_left,5,5.42527480986259
35804_right,5,4.778067737600747
35861_left,5,5.062968428412775
35861_right,5,4.867670164061613
35955_left,5,4.647587560608294
35955_right,5,5.170588510683931
36027_right,5,5.135110609653951
36074_left,5,4.6429364150685535
36125_left,5,5.0669563432617375
36166_right,5,4.686280669852044
36258_left,5,4.897630210388876
36258_right,5,4.59123375715862
36300_right,5,4.558453854826905
36453_left,5,5.132178326956701
36453_right,5,4.908540960830066
36531_left,5,4.507078484211815
36640_left,5,4.896220656983397
36640_right,5,4.920108674240292
36653_left,5,5.484818087817244
36653_right,5,4.631508683235654
36722_right,5,5.119767338247828
36832_right,5,4.895171458613644
37008_left,5,4.959318957838311
37008_right,5,4.603380227189367
37117_left,5,4.898808910365945
37117_right,5,5.237019770398708
37232_left,5,5.236275632674654
37332_left,5,5.137358747103404
37332_right,5,5.026807524508138
37438_left,5,5.245507635977684
37708_left,5,5.232548831531155
37708_right,5,4.765816507396405
37783_left,5,4.761709173439822
37783_right,5,5.063513107895652
37808_left,5,5.27636845822148
37808_right,5,5.145744625536088
37813_left,5,5.4726703539966985
37813_right,5,4.620389782019725
37829_left,5,4.928028169588635
37834_left,5,4.871603664159983
37834_right,5,5.43444265773582
37849_left,5,5.061815046013995
37849_right,5,4.60423167205743
37951_left,5,5.441699479783509
37951_right,5,4.93520511278602
37958_left,5,4.721276964713001
37962_left,5,5.063563752171985
38064_left,5,5.251060551145241
38064_right,5,4.717183841751449
38186_left,5,5.168870254584316
38186_right,5,4.707834537679721
38325_left,5,5.330315272821217
38325_right,5,5.176689684247376
38345_left,5,4.722198300711458
38407_left,5,5.141395958310424
38407_right,5,4.530540363681201
38513_left,5,5.190362805564109
38513_right,5,4.787147778787808
38518_left,5,4.599803051206262
38518_right,5,5.466745689635332
38595_right,5,5.328963692527841
38653_left,5,5.45096310780643
38662_left,5,5.166952844536243
38811_left,5,4.594058661437077
38811_right,5,5.06730018202512
38856_left,5,4.9611723467310425
38856_right,5,4.53169242562987
39081_right,5,4.733388140719096
39134_right,5,5.088036822341127
39164_left,5,5.487344438494255
39164_right,5,5.089496727280288
39188_left,5,5.100513802243079
39188_right,5,4.527684870512262
39353_right,5,4.701370278521308
39505_left,5,4.879883216550951
39505_right,5,4.930556243321769
39741_left,5,4.965922403784438
39741_right,5,5.042397622405439
39747_left,5,5.354560004374445
39747_right,5,5.218896367732592
39772_right,5,4.65005276114033
40078_left,5,4.838223295507839
40178_left,5,5.2757367108597615
40178_right,5,4.556334757579282
40183_left,5,5.478419067845581
40183_right,5,4.847371828195264
40319_right,5,4.74378688332754
40323_left,5,5.420934865691107
40323_right,5,5.490437904174636
40405_right,5,4.547869983557283
40673_left,5,4.892356900776861
40673_right,5,4.795790037013071
40819_left,5,5.139236443160066
40819_right,5,5.197757270842369
40893_left,5,4.716762840703085
40893_right,5,5.346949516680161
40917_left,5,4.949393438227956
40940_left,5,4.802075816841249
41174_left,5,4.722877774905579
41174_right,5,5.194064306629601
41201_left,5,5.363262274473745
41201_right,5,5.108176954076102
41339_left,5,4.855337965412499
41339_right,5,5.378338867357137
41387_left,5,5.182475906338321
41387_right,5,4.939328671546602
41430_left,5,4.801992180728664
41430_right,5,5.104973748693439
41445_left,5,4.721946370061946
41445_right,5,5.4268878692610105
41584_left,5,4.727740553716012
41584_right,5,4.75354996788692
41746_left,5,4.975072887155766
41746_right,5,4.96344998142415
41761_left,5,4.598107185503566
41761_right,5,5.141748297954846
41852_right,5,5.318944221671922
42022_right,5,4.749296228462912
42316_left,5,4.847597420155414
42358_left,5,4.618327761147795
42442_right,5,4.81668841475516
42484_left,5,4.5901803079716
42484_right,5,4.807972994676697
42815_left,5,4.534598034897234
42815_right,5,5.17932248957773
43008_left,5,4.96012949735621
43050_left,5,4.629765259632476
43050_right,5,4.797762362210099
43141_left,5,5.460529073846692
43141_right,5,5.144286421797657
43199_left,5,4.740287851985228
43199_right,5,5.064752318477034
43339_left,5,5.27851644282767
43339_right,5,4.8040688690698286
43379_left,5,5.102291648715262
43379_right,5,4.689610847377798
43839_right,5,4.873407329281911
43997_left,5,5.472561852165384
43997_right,5,5.196955373695683
43998_left,5,5.055310461356732
44100_left,5,4.855929148349109
44247_left,5,4.813025492652109
44247_right,5,5.296642459002328
44249_left,5,4.93365410956712
44249_right,5,5.295358514852591
10312_left,5,4.528261335496078
27376_right,5,5.299611871709798
18017_left,5,5.344247804483736
43141_right,5,5.37256276226433
41445_left,5,4.615783242837267
32149_right,5,5.482451175215285
37332_left,5,4.926947695949418
21033_right,5,4.656663430646179
21373_right,5,4.579885543895975
22568_left,5,4.87353068878085
30549_left,5,5.1512019598711305
32630_right,5,4.70213207640992
20574_left,5,4.8990243589594
29839_right,5,4.592003732108434
25407_left,5,5.025834641354458
29703_right,5,4.783520329769619
19116_right,5,5.439001877213681
30046_left,5,5.389329915003143
16046_right,5,5.10866594691284
38345_left,5,5.189627222213471
20146_right,5,4.719835592769639
36453_right,5,4.730886566433614
25378_right,5,5.39455035172933
19771_left,5,5.480168852338959
32851_right,5,5.294017177728916
34453_left,5,4.941221418495441
36300_right,5,4.635300644071167
15941_left,5,5.417859362203355
40319_right,5,4.81584432533089
43339_left,5,5.095635280859023
19110_left,5,5.312190831128966
30722_left,5,4.982679399178068
31729_left,5,4.7534520207501245
28386_left,5,4.893628505717942
34708_right,5,4.799335558763973
10570_left,5,4.67843350497755
15149_right,5,4.516693339452049
21190_left,5,5.07983500325714
39741_left,5,4.592293017628381
40917_left,5,4.8726773721048255
13811_right,5,4.5149768533439385
41746_left,5,4.678401740970107
22160_right,5,4.554653315009364
35668_left,5,5.432262450042549
32851_right,5,4.954896088525998
34152_left,5,5.131013518725414
11807_left,5,4.592653199367047
24853_left,5,5.117965860986282
9598_left,5,4.977448981256991
23403_left,5,4.880468774367737
21373_right,5,5.479008142551085
22665_left,5,4.567154664467759
31602_left,5,4.835257353240874
43379_left,5,4.990434103335951
32149_left,5,5.195911682808108
41339_left,5,5.056928553134551
23906_right,5,5.338685502118963
30549_left,5,5.119041180954551
14849_right,5,5.402772444642479
41445_right,5,4.876923913041004
30297_left,5,5.010918645180036
15376_left,5,5.100173780999862
20752_left,5,5.456787244447831
33725_left,5,4.675466436780513
34995_right,5,4.716012785439835
25407_right,5,5.18069202975831
28743_left,5,5.254702554383853
16413_left,5,5.469157536804119
36166_right,5,5.126224277508853
31602_right,5,4.918993548893749
35955_right,5,4.901163024717186
22271_right,5,5.42403979046065
41174_left,5,4.6819610246670536
22568_right,5,4.873403106590466
36074_left,5,4.712151295254771
21190_left,5,4.640650448931524
24019_right,5,5.298677996819811
17135_left,5,4.543876259233211
38186_right,5,5.479274256495442
33493_right,5,4.532428755135518
12419_right,5,5.267213462715608
26997_left,5,5.32298294572364
32148_left,5,5.488401138085028
23433_right,5,4.876984331431896
36531_left,5,5.407462694016265
32868_left,5,5.475718623677827
17135_right,5,4.726972722123168
19005_right,5,4.570643534101021
30725_right,5,4.536526065942256
11417_right,5,4.867232139472895
33358_right,5,4.8817941946592125
9598_left,5,4.910028138598742
19748_left,5,4.981850990928438
29599_left,5,5.195307721991621
13938_left,5,5.27567734750502
28257_right,5,4.9529592033457766
35955_left,5,5.032997208962396
11492_left,5,4.90255555666764
25378_right,5,4.946556549665792
15941_left,5,4.586076973102581
38407_right,5,5.091679103944308
38064_right,5,4.730709280086655
22271_right,5,4.941753598214024
31006_left,5,4.938733908035318
43199_left,5,5.120738754470781
16114_right,5,5.172993780329608
27597_right,5,4.591953245028526
12652_left,5,4.994232735123374
16802_right,5,4.68595275569054
41584_right,5,4.998156221942643
28435_left,5,4.584805716253089
40673_left,5,5.188002645043352
14976_right,5,5.017702657846696
41174_right,5,4.730762709138131
23736_left,5,5.097845712190653
36074_left,5,4.950217310186129
40673_left,5,5.046435707937192
38811_left,5,5.432741343553103
33236_right,5,5.04037628037988
36453_left,5,4.516295093251625
28434_right,5,5.019938873974123
15870_right,5,5.49312300316584
43199_right,5,5.114166109925495
27674_right,5,5.345108036235617
18030_right,5,5.295063996622579
28929_right,5,5.103912176803589
13038_right,5,5.39935803254103
42442_right,5,5.189946299049768
31984_left,5,5.141408317424616
42815_left,5,5.012718270980091
25407_right,5,5.195974485292922
22520_right,5,4.678151062374175
13022_right,5,4.6135530542282615
15459_left,5,5.490369148958478
12419_right,5,4.873675661069044
28435_right,5,5.07833374003574
30303_right,5,5.223132506742398
28434_left,5,5.242469849528685
16565_right,5,5.3551998970753
24010_right,5,5.032570195747898
32846_left,5,4.717674497797103
22665_left,5,5.179450988573741
43199_right,5,4.969810685551286
34453_right,5,4.615855211680455
17411_right,5,5.148110937365427
33906_right,5,5.381715249522437
10954_right,5,5.04908884063283
40183_right,5,4.912531571333927
41201_left,5,5.315618035216359
16392_left,5,5.0080208231853724
30675_left,5,5.401283223342733
11417_right,5,5.17277740888059
30046_left,5,4.774460543999304
23831_left,5,4.813739739815501
24910_left,5,5.211140018207922
43379_right,5,5.298166214205519
30046_left,5,4.795060622543184
37958_left,5,4.7318370000031305
10017_left,5,5.144849272313295
12995_left,5,4.606209498039846
36258_left,5,5.22985985956921
17899_right,5,4.660274556519048
29599_left,5,4.926144595408887
16413_right,5,5.30862758711949
21096_left,5,4.532861216298284
18567_left,5,4.58877730199539
15114_left,5,4.86143244293992
24222_right,5,4.736450010586195
22801_right,5,4.810502483915533
33906_right,5,4.627918178730557
43839_right,5,5.4349418859314245
18798_left,5,5.067362056476158
44249_left,5,4.997039243789507
34844_left,5,5.0883652436481706
16413_left,5,5.465590858874437
13588_right,5,4.510832658754666
21511_left,5,5.22755966156168
10321_left,5,4.571231348053864
15459_left,5,5.485706588520283
9863_left,5,4.8516589930604
39134_right,5,4.643418555829996
28743_left,5,5.48327384384456
38662_left,5,5.416770567960831
23422_left,5,5.480040714705961
35861_left,5,5.141026509895045
37849_right,5,5.446628667265048
27081_left,5,5.280369806621823
44249_left,5,4.778862816084414
30303_right,5,5.2710695330291575
14340_left,5,4.75577286155975
38595_right,5,4.870704716265095
21788_right,5,5.480181604137596
32149_right,5,4.979650723487901
13669_right,5,4.575071086044582
35323_right,5,5.270228201736799
13819_right,5,4.809798003582624
14025_right,5,4.923114359963448
33003_left,5,5.301222382944995
20144_left,5,5.127868728010269
19663_left,5,4.7516751549904965
41430_left,5,4.855650568482369
38595_right,5,5.050174141130698
31043_right,5,4.686488030405857
9608_left,5,4.988875476616879
34901_right,5,5.163943310056084
29865_left,5,5.170654615278339
38325_right,5,5.182336766687882
14495_right,5,4.820595107935033
30297_right,5,4.732495405054944
31006_right,5,4.844130840859552
12861_right,5,5.07437436156656
38325_left,5,5.139433779035137
40178_right,5,4.679641697804504
40405_right,5,5.411239180971006
24853_right,5,4.587089332330666
19471_left,5,4.85329294498305
21373_left,5,4.566282903269195
11032_left,5,4.8090326410899085
21190_left,5,4.502054574967954
35668_left,5,4.6830571119332856
32846_right,5,4.859246449760978
23433_left,5,5.008129509543845
18370_left,5,5.176346906614564
18143_right,5,5.438195353599356
40893_right,5,4.501154261969421
9598_left,5,5.373428155571174
39081_right,5,4.675089014675921
42484_left,5,5.469907537901418
28524_right,5,5.091378416744291
28435_right,5,5.041698601190243
19588_left,5,5.006968937586866
12995_left,5,5.285560764661471
22669_left,5,5.255610182705324
25972_right,5,5.037143431466616
11854_left,5,5.445964538630679
11874_left,5,5.093025346586705
35766_right,5,4.812741481554857
43839_right,5,4.915425435042839
41761_right,5,5.227201208296721
29703_left,5,4.6340088541152085
15149_right,5,5.260261628583524
44249_right,5,4.617615379614257
11032_right,5,5.239586226413987
19061_left,5,5.023278979044315
41387_right,5,4.647774969959553
9863_right,5,5.239547695839552
28386_right,5,5.353226007954947
16802_right,5,5.471921676678667
39505_left,5,5.234993272797992
34453_left,5,4.654362325946858
44247_left,5,4.900684509898704
29839_left,5,4.754425503342265
35955_left,5,4.636622141520852
9783_right,5,5.126251232953122
36832_right,5,4.851511482983653
25378_right,5,5.461316166172789
30297_left,5,5.499055452890073
37332_left,5,5.37144329257564
18030_right,5,4.758149122717023
22271_right,5,5.420777614496815
35461_left,5,4.958384147461327
40405_right,5,4.938237915820442
39505_left,5,5.04315094329443
11854_right,5,5.183940361829332
33884_left,5,5.117748857314736
27395_left,5,4.975685719220312
15343_right,5,4.716004640584568
39164_right,5,5.09117761979796
34901_right,5,4.996432955694438
21205_right,5,4.710579591424482
33812_right,5,4.514380754341572
27251_right,5,5.064897864537196
43199_left,5,4.6512916104352175
34901_right,5,5.145571149930409
26477_right,5,5.357223114044368
18567_left,5,5.110649815520318
20574_left,5,5.404027878264354
30675_left,5,4.686511062169557
23831_right,5,5.017611452039484
44249_right,5,4.741225845983628
33906_right,5,4.651373900684569
15343_left,5,4.562484972739067
22716_right,5,4.979738202268841
40893_right,5,5.172445476106117
31006_right,5,5.411635435050604
33580_left,5,4.519349356685538
41387_right,5,4.653638711136825
20026_right,5,4.962885056420016
31006_left,5,4.563252638326807
9598_left,5,5.496313845495116
10785_right,5,5.228783049324921
37849_right,5,4.770363983104678
40178_left,5,5.173578944581022
17135_left,5,4.505396294543558
30725_right,5,4.598573625314812
38518_left,5,4.896487312023
13222_left,5,4.549052556733384
19347_left,5,4.929110051620991
20026_left,5,5.0783802228724575
33906_left,5,4.592181885995854
22906_left,5,4.765657358281669
22520_right,5,4.592260231458637
42484_right,5,4.759656818149423
22801_right,5,4.672681828739056
13222_left,5,4.530624454793435
18902_left,5,5.285093027838799
30722_right,5,5.493770847513038
18902_left,5,5.220649723319439
30747_right,5,5.453439327996306
40405_right,5,4.663744119310303
43339_left,5,4.694479864454551
17426_left,5,5.093140952250637
28434_right,5,4.607129285204865
33906_left,5,4.795852103984445
21373_right,5,5.159340892565958
24019_left,5,5.058667524806644
36653_right,5,4.927087722495072
16046_right,5,4.982915755037979
33725_right,5,5.378647161872597
33236_left,5,5.338581033534846
38407_right,5,5.479902985087362
22160_right,5,4.921704868702097
15114_left,5,4.709114493407897
31729_left,5,5.491071473424089
29703_left,5,4.804511663582017
9942_left,5,5.116759142053817
22271_left,5,4.520951165657617
9863_left,5,4.8534151295676775
10570_left,5,5.250109420807663
31043_left,5,5.420485391394198
39741_right,5,5.098387801019887
22520_right,5,4.696583162052391
43839_right,5,5.01262478856562
37834_left,5,5.2985582177278205
17940_right,5,5.495654239970776
38653_left,5,4.676849962850842
10653_left,5,5.419411298924639
20111_left,5,4.858803037610093
43199_right,5,5.456847410026029
21033_right,5,4.543749357981007
27727_left,5,4.9651884982218295
19347_right,5,4.726099044196146
27094_left,5,5.065330016333209
23422_left,5,5.070396331574557
41339_right,5,5.199472965106505
21373_right,5,5.419349931163092
15590_left,5,5.456069643069413
43141_right,5,5.046351218558554
36453_left,5,5.162197947588608
16920_left,5,4.712083118822144
24772_left,5,4.986682008205435
28743_left,5,4.57251861719741
22568_left,5,5.216782942206482
13811_left,5,5.049090687912313
41430_right,5,4.667150462315826
13387_left,5,4.532086031955446
16565_left,5,4.512415150848103
22160_right,5,5.366107247757121
13588_right,5,5.306614664202491
18819_left,5,5.469438339611331
25407_right,5,4.901671358145889
29058_right,5,5.236870900970979
18902_right,5,5.316639124088528
35766_left,5,5.474616954530337
39081_right,5,5.235213920068557
23433_right,5,4.841448207173004
36027_right,5,4.78108254373363
24163_left,5,4.748467163878985
13811_left,5,4.628476390759447
30297_left,5,5.3343175710087625
17749_left,5,4.96694492381399
16309_right,5,5.24006327611745
27081_right,5,4.869044610496509
22665_right,5,4.912035383085684
18567_left,5,4.559827396334121
36640_right,5,4.600943711680712
33621_right,5,5.4493093033277855
32851_right,5,4.854435620423301
14340_left,5,4.574656215139323
37849_left,5,4.756268920816693
42358_left,5,5.469100606075538
19588_right,5,4.631955546039759
36640_right,5,4.72763877820743
22520_right,5,4.928092656139572
19961_left,5,5.201232454036689
9598_right,5,5.3933159049050055
24910_left,5,4.680747333783463
39164_left,5,5.128627569190613
36074_left,5,4.668588003482766
41387_right,5,5.034025082197878
24222_right,5,4.643024160187275
41746_right,5,4.665073270686194
12108_right,5,5.36932961340327
32868_left,5,5.253750642564722
30039_right,5,4.694939174168129
28675_left,5,5.302883716274525
21190_right,5,4.634951928948681
16581_right,5,4.712816521136431
19586_left,5,4.554634961048177
37008_right,5,5.189177368774674
30255_left,5,4.775548524539036
27094_left,5,4.770555052477834
20855_right,5,4.651813829773985
33725_left,5,4.628706746209439
17453_left,5,4.530099066027423
23831_right,5,4.503733105431446
39505_right,5,4.530542457723627
34152_right,5,5.084929226533401
41387_left,5,4.559692513406477
38518_right,5,4.867561038410241
12419_left,5,5.405611620257822
36832_right,5,5.473325480418243
15975_right,5,4.5588184562905525
24010_left,5,4.682935953731325
22716_left,5,5.2862805101974
31590_left,5,5.409197605565961
37117_left,5,4.662520104422688
33493_left,5,5.046647411441097
36832_right,5,5.2937741533784095
31659_right,5,5.001978890126752
28386_right,5,5.090128530878502
21511_right,5,5.365721231199064
35861_left,5,4.840768387423546
43339_left,5,5.16376108312722
30039_right,5,5.079734450201936
26477_right,5,5.419264458986366
40940_left,5,4.665556210810895
12419_left,5,5.127926175689997
17221_left,5,5.285851275735651
35199_right,5,5.417305963804757
34453_left,5,4.815691560270016
16413_right,5,4.762292598698982
20026_left,5,4.730230330265439
30722_left,5,5.494905519339345
19961_left,5,5.401706402315385
28929_right,5,4.563204380704955
14084_right,5,5.262427061249543
42358_left,5,4.976729747473053
11730_right,5,5.2557343233707945
30303_right,5,5.142022909019086
42442_right,5,4.824272045763888
10653_right,5,5.456395850100824
37958_left,5,4.7552863667982335
31924_left,5,4.521190771304578
38811_right,5,4.512159484379607
27597_left,5,5.152596585031334
11417_right,5,5.490566427909444
10653_left,5,5.48253512483628
19771_right,5,5.486366924396367
11492_left,5,4.6688591596046285
41746_left,5,5.130288726549502
30255_right,5,4.741515445776214
22906_left,5,4.537409253167644
15975_left,5,4.54294865718374
22906_right,5,5.240081454268105
13387_right,5,5.133986502289183
39188_right,5,4.610032152399311
26997_left,5,4.570819505413091
14765_right,5,4.715485511630155
37783_right,5,5.047763613388119
31590_left,5,4.70789099474714
10653_right,5,4.597066339757701
35130_right,5,4.852374849801044
10653_left,5,4.588616855478529
13705_left,5,5.288457922302037
32149_right,5,5.437081203206312
20458_right,5,4.623278990133123
13222_left,5,4.517107622152544
12419_right,5,4.8544532248640335
14436_right,5,5.436823418848901
44247_right,5,5.178523833043171
22906_right,5,4.980587933445626
41387_left,5,5.2722428957761
31984_left,5,4.701691390430701
13664_right,5,5.320288564351393
19748_right,5,4.954972401003364
25985_right,5,4.701660083578582
22716_right,5,5.131138474448907
30869_right,5,4.893347260999996
27597_left,5,5.458367524070867
27081_left,5,5.3168653473452405
43008_left,5,4.993214392292912
31043_left,5,4.656569884618411
25080_right,5,5.249016108420488
35766_left,5,5.364725746881618
19116_right,5,4.647499676710626
30675_right,5,5.165774382350304
18030_right,5,4.61858369780249
22665_left,5,4.52422524423357
31659_left,5,4.591232819983361
27251_right,5,4.813243207286373
17940_left,5,4.79883776345564
16046_right,5,4.565291110831183
18143_right,5,4.9575973690100685
14021_right,5,5.04091487404455
28435_right,5,5.350456376880519
19586_left,5,5.1154902595489
27251_left,5,4.506398145237466
22520_left,5,4.65961364756837
31043_left,5,5.277932286825666
39188_left,5,4.641471448199988
38064_left,5,4.969470994409225
11492_left,5,4.937924290081542
13819_left,5,5.494851115957692
41174_right,5,5.420625630116811
30869_left,5,4.522023234190567
34708_left,5,5.027166282270972
42316_left,5,5.065561399587207
25972_right,5,5.205538347662806
30570_left,5,4.85013409952947
25972_left,5,5.399148075615689
33812_right,5,5.175312893944093
41445_right,5,5.069735192063686
36074_left,5,4.789564703787535
41387_right,5,5.229302230282509
30255_left,5,4.561654116242531
20752_right,5,5.02091903579531
16565_left,5,5.17203558628301
10954_right,5,5.089612848414895
23692_right,5,5.043056397631798
33236_left,5,5.272733898427545
13395_right,5,5.3705970604731865
43141_left,5,5.179588633945792
41201_left,5,5.275162345850439
40078_left,5,4.552065034114728
21373_right,5,5.055068568071842
34844_left,5,5.433841171458684
43997_right,5,4.964565842322864
16802_right,5,5.330239549690247
19061_right,5,4.780507370078398
35766_right,5,4.727981639876952
31043_left,5,4.675761157460065
23433_left,5,5.427747731277719
21444_left,5,5.138718397271261
41761_right,5,5.397040711039057
12861_right,5,5.217660599166703
28072_left,5,5.285574557631321
39741_left,5,5.114086670588151
35804_left,5,5.011926125250283
37008_left,5,4.834316065027304
28434_left,5,5.088412948999749
10017_right,5,4.655441887741679
32868_left,5,4.8727549287248415
16392_left,5,5.176523210758404
9682_left,5,5.492966038187975
22160_right,5,4.834057927208816
33080_left,5,4.5538358307249975
14025_right,5,5.286683783310572
38513_right,5,4.501789020148586
31659_right,5,5.484618055700588
40183_right,5,4.5411456328545885
14849_right,5,5.391371491998712
13022_right,5,5.100433714412826
41201_right,5,5.248777192112654
23422_left,5,5.352032843613422
35130_right,5,5.327596485461332
11896_right,5,4.903836113260428
36258_right,5,5.241617020032884
36653_left,5,5.397078044245406
17135_left,5,4.707208974944922
26772_right,5,4.818611958995442
11032_right,5,4.523408926792091
41584_left,5,5.152652291945375
34901_right,5,4.931972495198715
26772_left,5,4.957742130725154
19110_right,5,5.182045527116778
41201_right,5,4.994488421968698
12108_right,5,4.743821387903515
15343_right,5,5.026680154087101
23433_left,5,5.1329641369438175
28257_right,5,4.994725082604514
40819_right,5,4.795933568932403
27727_left,5,4.886671750659951
19748_right,5,5.181173391059088
22520_right,5,5.188566797799449
35412_left,5,5.033510079407742
23736_left,5,5.349445722756835
33080_right,5,4.946517416515235
23831_right,5,5.115688711654601
17489_right,5,5.211682522356975
20855_left,5,4.6685102019804
13999_right,5,4.835572097569735
20855_left,5,4.819912938658199
27081_left,5,4.520361581424893
20855_right,5,5.102244105387364
21033_right,5,4.635710793761553
10312_left,5,4.753561498517431
39188_left,5,5.308802451510009
22568_left,5,4.797542123854528
41339_right,5,4.533653579368767
21190_left,5,4.995772532080914
19663_left,5,4.843927641552325
35130_left,5,4.986281004943991
33621_right,5,4.557894922728975
42442_right,5,4.598032632612085
33884_left,5,4.972484014950003
36832_right,5,4.6294560784115255
22716_left,5,5.487501998907424
43379_left,5,5.235474049080704
29865_left,5,5.071071582511298
37008_left,5,5.2306033589278735
31729_right,5,4.661435321526405
43050_right,5,5.012358494009142
19771_left,5,4.505619545473737
30747_right,5,4.743756407934294
32868_right,5,4.616981366225744
28549_right,5,4.606382742785994
42815_left,5,5.495016635930138
40819_left,5,5.183258854595218
41761_right,5,5.45580099382683
43997_right,5,4.648269929459495
20432_right,5,4.801561074786364
10653_right,5,5.383777589709593
29865_left,5,4.696373032317743
16007_right,5,4.984614252028497
25972_right,5,5.017793774766075
16007_right,5,4.811685929102158
10017_left,5,4.935014496820093
38325_right,5,4.836422069230959
19061_left,5,5.217325555872412
9598_left,5,4.931743114225146
35804_right,5,4.651519835194615
37813_left,5,5.041248183373416
35766_left,5,4.564650246300886
30869_left,5,4.906435436424453
43050_right,5,5.212445307849119
31461_right,5,4.585019457054223
23648_right,5,5.044290125916176
28434_left,5,4.670958502421941
36125_left,5,4.613152185147207
10017_right,5,5.202820017262384
42442_right,5,5.323153702405939
42358_left,5,4.739461495776625
25181_left,5,4.508467499848796
43997_left,5,5.330712594759507
37808_right,5,5.051047254884196
23403_left,5,4.511960476934613
13664_right,5,4.610961961021427
39353_right,5,5.1817964483983765
17221_right,5,5.056126958083747
23422_left,5,5.309709089151481
29865_right,5,4.929232986088215
31984_left,5,4.652528355133311
42484_left,5,5.395494431806398
24010_left,5,4.535291879749407
28434_left,5,4.734556570964962
26997_left,5,4.7742438480261935
19586_left,5,4.961805774378006
18143_right,5,4.642513210435576
37808_left,5,5.362234731123683
10785_left,5,5.277516091121092
40940_left,5,4.620560553150204
31659_right,5,5.045323940289388
19471_right,5,4.844955535963555
24472_right,5,4.615982963846326
41201_left,5,4.933778902417765
9608_left,5,5.183329183021809
18798_left,5,5.452531166574529
24010_left,5,4.660880430170118
32868_right,5,5.47739675614776
34995_left,5,5.311324471735595
17426_right,5,4.973154617805368
15459_left,5,4.560384306631881
41387_left,5,4.509875068145595
35668_right,5,5.03466786708244
34844_right,5,5.264483668368206
40917_left,5,4.740491018502817
24910_left,5,4.576549187511161
28434_right,5,5.157981958997597
20144_right,5,4.774206965722504
24163_left,5,5.439208459276882
38811_left,5,4.502944314519251
42316_left,5,5.395695362579452
29058_right,5,5.433728704532516
34995_left,5,4.734581295586788
40323_left,5,5.337167578658199
42022_right,5,5.098185521785293
17426_left,5,4.800184282161649
33621_left,5,4.715343867373204
33906_right,5,4.5856017931165765
34844_left,5,5.098473583373178
35668_right,5,4.644357314650347
30570_left,5,5.408712424070785
35112_left,5,5.1104510919397566
38595_right,5,4.628995643713308
33003_left,5,4.522282518214379
15414_right,5,4.570118126183389
14849_right,5,5.213028988695066
27727_left,5,4.741270823398286
42316_left,5,4.668810414832329
11896_left,5,4.939330096654406
42815_left,5,5.328066032100605
18370_left,5,4.732313176414344
15149_right,5,4.570015832315698
43050_left,5,5.396312672246498
37008_right,5,5.481979307214716
36722_right,5,5.381472582341832
11492_left,5,5.382188162451714
9682_left,5,5.35928855507766
30303_right,5,4.616411126317236
16309_left,5,4.568513326826777
11417_right,5,5.278531902729332
11807_left,5,5.379827997230464
25697_right,5,4.599238448855493
22379_left,5,5.257245904992242
20855_right,5,5.456755963543194
21373_left,5,4.897563165681641
22665_left,5,5.255868432316901
11854_right,5,5.05360893069209
40940_left,5,5.097696462307783
25181_left,5,4.8889057548642985
9680_left,5,5.485302494123615
18902_left,5,4.788856229612916
31043_left,5,4.719365788969132
12995_left,5,4.77568765482007
37783_right,5,5.4355160848312805
39505_right,5,5.035493262038276
11492_left,5,5.122596311960844
42442_right,5,5.280972846468981
20855_left,5,4.906045062137276
33287_left,5,4.651728122269318
24772_left,5,4.988523749172129
14340_left,5,5.385376549155818
25378_right,5,4.938650648474367
36258_right,5,5.273770709428491
13999_left,5,5.271353446794304
28435_right,5,5.489962887086797
32846_right,5,4.926419780520199
36453_left,5,5.066538443472695
31602_left,5,4.677365691301596
43997_right,5,4.862556343088839
21205_left,5,4.73779076801663
32846_right,5,5.257137033347821
16114_left,5,5.413783122752802
19588_right,5,4.755289167439227
17426_left,5,5.497138325915119
41761_left,5,5.109200821903375
33725_left,5,5.201713587395574
13999_right,5,5.379064421048321
24019_left,5,5.1075013791717065
34995_left,5,5.136379461683979
33236_right,5,5.22002548886441
33080_right,5,5.313363187549183
31590_left,5,4.805824156868463
35461_right,5,5.360692793414678
13999_right,5,5.261127454820512
35704_left,5,5.336364708594674
28434_left,5,4.5644456116880034
16920_left,5,5.2793555612216325
21511_left,5,5.462304166711609
39081_right,5,4.756063644387364
26772_right,5,4.560587352196492
30039_left,5,4.705271468479456
17489_right,5,5.43116235722267
38513_right,5,4.535801604512948
15343_left,5,4.559986247428768
16565_left,5,4.865877782832792
13669_right,5,5.421312905092088
20026_left,5,4.907155881001507
28257_right,5,4.506410428860278
15038_left,5,5.327966805415356
24472_left,5,5.212984933456494
11874_left,5,4.731182631316553
35668_right,5,5.106647859317158
15038_right,5,5.118657161969461
23831_right,5,4.569672934333283
11032_left,5,4.733411234490547
23736_left,5,5.427456223744509
33906_right,5,5.030616618500483
27395_right,5,5.3527327750472375
19588_left,5,4.997622805416916
20026_right,5,5.430425247487076
38595_right,5,5.365521476189086
24163_left,5,5.056398282648905
36074_left,5,5.303083170151577
35130_left,5,4.889106087603942
41174_right,5,4.5878336584287
11032_left,5,5.2209699754380265
40940_left,5,5.042718078491687
13811_left,5,5.040348152251044
41387_left,5,4.658674153799432
25916_left,5,4.9621630854718655
30675_left,5,5.218139546028604
17453_right,5,5.30391686980081
26772_left,5,4.580903189095247
27081_left,5,4.981059324385624
24472_left,5,4.721613547836008
37117_right,5,4.53622315813746
33287_left,5,4.908327653790628
28386_right,5,5.1464206861309405
43379_left,5,5.031142056954602
30675_left,5,5.355818475964069
16392_left,5,5.349125118305303
33725_right,5,4.834805840902155
12108_left,5,5.330521491646814
40319_right,5,5.234244306849678
43339_left,5,5.244120582558487
15038_left,5,4.657221854604378
16309_left,5,4.711283833589512
32149_left,5,5.294708885919611
23831_left,5,4.777633717309962
15388_left,5,4.540696514874367
40819_left,5,4.773165764970989
20752_right,5,4.952612431851204
40323_right,5,4.852165624551208
39747_right,5,4.516387113203125
10047_right,5,4.869527327278517
35130_right,5,4.540808183978328
30675_right,5,4.575473992029375
15343_left,5,5.286502237067429
25972_left,5,4.656843078926616
14844_right,5,4.527144369987809
9598_right,5,4.806219941205115
18819_left,5,5.073900457215927
33753_left,5,5.379481915298383
36640_right,5,4.602385741783359
22901_left,5,5.183449025877436
36258_right,5,5.361453219781951
10047_right,5,4.56977870931914
23692_left,5,4.7843618321570895
22669_left,5,4.962518231340499
16309_left,5,4.713251598754131
33080_left,5,5.3051448235404965
41761_left,5,4.829630158846468
26772_left,5,4.960400193093827
24019_left,5,4.921834410434712
44247_right,5,4.523619561246995
21205_left,5,4.9315435610718765
33493_right,5,5.088626432648773
33358_right,5,5.1268812326006525
28948_left,5,5.14450901595348
28948_right,5,4.518740737978855
13066_right,5,5.461600364225017
43199_left,5,4.755042661638029
13038_right,5,4.670973022936441
40673_right,5,5.235597827663439
17899_right,5,5.396297225619508
30722_left,5,5.0119703330838
12995_left,5,5.36560254829335
24019_left,5,5.232136016945876
16046_right,5,4.873423558652662
35704_left,5,5.151297065816532
37117_left,5,5.203557726745412
27395_right,5,4.833309916247985
14849_right,5,5.386242464797951
24853_left,5,5.428622837764532
18567_right,5,4.742365780093281
13664_right,5,4.985959423927387
34708_left,5,4.596541578440375
11730_right,5,5.4768872757693
27094_left,5,5.053878501834436
36074_left,5,5.008184876333258
18819_left,5,5.010851961418007
31729_right,5,5.053555485279574
38518_right,5,4.969486614636859
41445_left,5,5.461223428166617
31729_left,5,4.734253348061847
22665_right,5,5.154060250045369
40319_right,5,4.8585198114466825
23736_left,5,4.699060772109348
23831_left,5,5.483570302884502
30039_left,5,4.7475748730007385
35955_right,5,5.434123566714591
29865_left,5,4.529840662706729
28549_left,5,4.92926443103035
35704_right,5,5.162964420789245
37813_right,5,4.828343634015375
38407_left,5,4.830262713583625
30723_left,5,4.774923151414068
33493_right,5,5.496054420794291
30722_right,5,4.792355424827492
33270_left,5,5.430567763560733
40819_left,5,4.7401417557900585
30723_left,5,4.524544356139244
43050_right,5,4.607095863529042
27251_right,5,4.621556986105467
17453_right,5,5.001334903216836
37808_left,5,5.121363355725958
37849_right,5,5.395397894652337
28435_right,5,4.99729743788566
24773_left,5,5.23309104494219
28929_right,5,4.742508067454732
32230_right,5,4.632886911083003
37783_right,5,5.392232291236055
23422_right,5,4.968409161351118
16309_right,5,5.104662887576214
38186_right,5,5.206334559356447
37117_right,5,4.979949389167203
38186_left,5,5.434904667669491
15590_right,5,5.004282597579871
38325_left,5,4.863642216683513
18798_left,5,5.392943790904516
17221_right,5,5.152997131111714
19663_right,5,5.084567921136102
15376_left,5,5.184143093877066
20026_left,5,4.584898164447758
24773_left,5,5.395672928392042
19586_left,5,5.484230609424761
16920_left,5,5.186399577496956
15941_left,5,5.499040264805769
41852_right,5,4.818076017127234
36653_left,5,4.9482003651509325
38407_left,5,5.01866862699102
39164_left,5,5.471098916616986
10570_right,5,4.558088748007759
15343_right,5,5.442867040588887
22271_left,5,5.017064858435596
11492_right,5,4.968534032739426
24010_left,5,4.959347094808926
33283_left,5,4.622531030326985
24472_right,5,5.459545015407888
39747_right,5,5.049075258192008
41201_left,5,4.935533238709732
37708_right,5,5.241146255808682
39353_right,5,4.838108425705618
30255_left,5,4.810917602209049
15941_left,5,4.726894809612487
24773_left,5,5.101700267890198
22669_left,5,5.494615780388325
19771_right,5,4.526860131390585
40323_right,5,5.228237031213107
31602_right,5,4.766474033299055
27081_left,5,4.983139465972695
17940_right,5,4.661995231930312
9608_left,5,4.699694402318294
36258_left,5,5.440467246645346
34901_left,5,4.686302107174424
37951_left,5,5.1490117897796415
11730_right,5,5.305091750011591
28743_left,5,5.252606073868873
39353_right,5,5.468478532366654
35130_left,5,4.845525615231007
30255_right,5,5.149351767207666
9518_right,5,4.739824608608548
43141_right,5,4.994555285367314
42358_left,5,5.207582850533136
20111_left,5,5.093617221847508
36653_left,5,5.342567682855007
33080_right,5,5.062281233735077
22716_left,5,5.314779618472515
29027_right,5,5.384479314038794
31006_left,5,5.049282496158464
41201_right,5,4.509877886230945
36300_right,5,4.691327024712325
37951_left,5,4.729823744436305
36453_right,5,4.705480341929153
13308_right,5,4.820002718694288
28948_left,5,4.990863763318695
23692_left,5,5.463340104662452
19110_left,5,5.400577830551455
41445_right,5,5.138860099005141
27081_right,5,5.457932704552177
43839_right,5,5.162514752300114
40893_left,5,4.854040744291948
22901_left,5,4.778370013533844
30570_left,5,5.406736914415479
42484_left,5,4.99912690377683
9682_right,5,4.865389920304308
41445_right,5,4.667053530993455
11032_right,5,4.792266555477681
17925_left,5,4.597712057212787
40323_right,5,4.881387032804421
38513_left,5,4.552941233657023
28549_left,5,4.954377491064779
21205_right,5,5.262506636224626
16802_right,5,4.942476330537097
33812_right,5,4.586776858348985
22160_right,5,5.395983760437733
12995_left,5,5.312178299481583
28929_right,5,4.632939517928411
37951_right,5,5.059809517163459
22894_right,5,4.713749383267478
31006_right,5,5.003626346013514
23422_left,5,4.506531569513915
18567_right,5,5.407353320300631
14844_left,5,4.972770451771257
36125_left,5,4.724352540716199
14436_right,5,5.4569753244191865
43379_right,5,5.132762145328856
21190_right,5,4.54293823639763
25985_right,5,4.750310596536775
30549_left,5,4.575519881150378
43997_left,5,5.294505112593171
11896_right,5,5.0109553445317365
36258_left,5,4.917617022929859
43050_right,5,5.065088589763964
15343_left,5,4.768494277644432
39134_right,5,5.339063044066337
10312_left,5,5.452258261044147
43379_left,5,4.999562480469618
35412_left,5,4.74894844032525
22901_right,5,4.99697288889465
27395_right,5,4.5917196117272505
13066_right,5,4.639261351471593
17221_left,5,5.113149741305664
36258_left,5,5.472375854357047
10904_left,5,5.388358279666019
19604_right,5,4.688270882273034
37117_left,5,4.787447155779583
22520_right,5,5.428381969373294
39505_right,5,4.5463587333012745
35461_right,5,5.236753639688858
14849_left,5,5.230581657573989
40183_right,5,4.603503604294126
19588_right,5,5.416153566137676
35804_left,5,5.098487211446998
22520_left,5,4.74804951751133
31729_left,5,5.467159933159069
33906_left,5,4.58497677836047
43839_right,5,5.015323374972183
37834_right,5,5.230263325522806
40178_left,5,5.076180898070582
23433_left,5,5.108000886970674
27376_right,5,5.343979863687374
10312_left,5,5.105840329352927
34152_left,5,5.392895235908783
12014_right,5,5.331882406305919
41445_left,5,4.5456838148554
42815_left,5,4.6470098899917005
21511_right,5,5.20366792106355
18143_right,5,5.0980894016385845
41174_left,5,5.143427543788321
43839_right,5,5.288800716184008
13966_left,5,4.82769197982373
17426_right,5,5.158150748482568
34844_left,5,5.053536814165287
9518_right,5,4.628193526609598
14021_right,5,4.831518229694267
29839_right,5,5.320301665901972
15414_right,5,5.27881977657335
32230_right,5,4.759143954488161
35861_left,5,5.053950510313813
37951_left,5,5.248692162561935
37232_left,5,5.349695856536429
14025_right,5,4.612331599986439
10321_left,5,4.993398891702522
43141_right,5,5.20403729154577
37962_left,5,4.729502053258531
30303_right,5,4.910140082990109
20026_left,5,4.709526446303182
37438_left,5,4.980943106531097
32846_left,5,5.281590711024347
29027_right,5,4.8805179083256265
33358_right,5,4.884518006716189
40673_right,5,4.765452790446104
11807_left,5,4.987433479343836
28077_left,5,5.329221307429614
42484_left,5,5.328352486986342
30675_right,5,5.371343875621404
22669_right,5,5.44025878047364
35112_left,5,4.792230226207096
13966_left,5,4.5159523602693445
20144_left,5,4.6966119946258456
40178_right,5,5.01331461607229
19110_right,5,5.02309690905348
18902_left,5,5.284991172188815
17749_left,5,4.779483453344136
12861_right,5,4.685515486681267
13705_left,5,4.65592411784665
29599_left,5,5.021689251262181
15149_left,5,4.768051974240122
17426_right,5,5.240915319846569
19604_right,5,4.810244701388917
43199_left,5,5.473772081139582
19604_left,5,5.299288648098401
9518_right,5,5.059862970368703
27674_left,5,4.537259045163832
36653_left,5,5.019115158127557
40405_right,5,4.975490535796237
31924_left,5,5.417476519034238
27597_left,5,5.338996529979986
31659_left,5,4.76994449687576
31602_right,5,5.379862711697612
27081_right,5,4.672716074255932
38811_right,5,5.231202401393597
10785_right,5,5.09339093860013
31461_right,5,4.782657853103202
19748_left,5,5.452385422393128
30549_left,5,4.769710060457658
35461_left,5,5.103961807784905
31043_right,5,4.995390642834977
19485_right,5,4.981186559284641
16565_left,5,5.399349030730306
43379_right,5,4.750443321110034
41174_right,5,5.445658012420816
18902_right,5,5.186593721334501
30046_left,5,4.7087868755519295
40319_right,5,4.642970058363152
42316_left,5,5.465480815084156
34400_left,5,5.0038446633991445
20752_right,5,4.6422379173111725
15114_left,5,4.503754101326623
19588_right,5,4.590699048889163
23831_left,5,5.109006374476728
38407_left,5,4.953509377447142
37951_left,5,4.524951592589359
30255_left,5,4.931328884602927
34400_left,5,4.60247957494949
20855_left,5,5.074184176362449
21511_left,5,5.406973873257513
19471_left,5,5.164126865959482
37962_left,5,4.864123794007192
30255_right,5,5.00080192789465
38856_right,5,5.20192177864018
37708_right,5,4.792656371856931
13966_left,5,5.078688298210539
13999_right,5,5.00395780400817
28976_right,5,4.955438258744521
37332_right,5,5.0519372990615965
20855_left,5,5.116878903146161
17221_right,5,5.378073619520304
19471_left,5,4.511960226783351
22906_right,5,5.482633686185199
36531_left,5,4.994332188557571
39164_left,5,4.632378384550613
41445_right,5,4.650496919464412
30039_left,5,4.70809351385454
26997_left,5,4.89672421021117
16392_right,5,4.815222685793531
35461_right,5,5.11063313097185
24163_left,5,4.565000005402162
28386_left,5,4.54858742341131
22160_right,5,4.949688308906753
24472_right,5,5.417062106374174
21444_left,5,4.769480357809659
38513_left,5,4.506191191106817
24010_right,5,5.110316310591685
38856_right,5,5.490949164182305
43997_right,5,5.245291173667996
25985_right,5,5.0674739736945495
37834_right,5,4.552218397163599
35112_left,5,5.441803054564476
20026_right,5,5.15516161038762
24773_left,5,5.132360831323783
28435_left,5,4.689686780815623
31602_left,5,5.3342687781880125
38662_left,5,5.217398705867638
29027_left,5,4.852766550654109
19485_right,5,4.641733805879362
22716_left,5,5.311352787563692
34995_left,5,4.66262836521578
25407_left,5,5.357259166574462
28434_left,5,4.694842484410686
19604_right,5,5.090386705514811
24772_left,5,5.234921033133212
11492_left,5,5.376884547311591
19588_right,5,5.007543574793713
24010_left,5,5.40030249144271
36258_right,5,4.759639979057683
27597_right,5,4.816007349017093
39741_right,5,5.063417348610653
27081_left,5,5.075091812942521
22894_right,5,4.96192988051916
22568_right,5,5.17729625392169
22901_left,5,4.8953885510497965
22379_left,5,4.852285524046429
24472_right,5,4.7786320315668895
14021_right,5,5.461199270386663
42484_right,5,4.509764055599376
10312_left,5,4.537835691932359
42815_left,5,4.818668758382088
28386_left,5,4.911389510338025
31602_right,5,5.393266013751683
39741_left,5,5.064312430301757
22801_right,5,5.477483174255845
30723_right,5,5.482266447195577
31590_left,5,5.262749622230566
33236_left,5,5.265951872307728
37117_right,5,5.4110598199734685
22894_right,5,5.361587297583371
30046_right,5,4.590115455588572
28929_right,5,4.6354622420184
41430_right,5,4.572954363439418
34400_left,5,5.41601559636557
31590_left,5,4.526970695055788
30046_right,5,4.609516807410423
9682_right,5,5.013488125073923
24910_right,5,5.49251367087103
35955_right,5,4.51642435490548
19663_right,5,4.657266475108637
21511_left,5,5.224978665296279
35766_left,5,4.929904923281044
29839_left,5,5.347317458206047
43050_left,5,5.331467231069028
33812_right,5,4.772326492926212
18902_left,5,5.026859116640506
16007_right,5,5.090671334014931
18030_left,5,5.408046180364543
9518_right,5,5.483914626549956
28077_left,5,5.365533193904401
39741_right,5,4.809368467572463
36832_right,5,5.027295067911304
33236_left,5,5.1463987115386
44100_left,5,4.890140918507949
16802_left,5,5.091216764359333
29058_right,5,5.148171288527205
11032_left,5,4.801397042770549
11807_left,5,5.109814576212165
43997_left,5,5.354685464010197
44249_right,5,5.225352187086398
11032_right,5,5.235456122723017
19588_left,5,4.936742520013307
29865_left,5,4.5674291279355375
16007_right,5,5.146660207352076
33884_right,5,5.191251364076572
9608_right,5,5.137978443841517
33283_right,5,4.66979015608768
27727_left,5,5.455365725859228
30549_right,5,5.247875541176977
25080_left,5,4.509609325347985
13819_right,5,4.787035792757158
31006_right,5,4.843903444754549
36640_right,5,4.64410688269893
17453_right,5,4.890330906834893
28386_left,5,5.436770954987075
43199_right,5,4.7886494485457085
19600_left,5,4.638928151347544
10193_right,5,5.273645060303818
42022_right,5,5.314297906864635
19604_right,5,4.538894496200978
15459_left,5,4.630833985906895
13651_right,5,4.721283762688859
42442_right,5,5.038134312465152
36653_right,5,4.568293576195653
37813_right,5,4.831191239415759
15975_left,5,5.266233967282427
35766_left,5,5.24037524285181
9682_left,5,5.265497292215299
14025_right,5,5.303046817931527
23403_left,5,5.223736897193378
41339_left,5,4.854666241766518
25080_left,5,5.318051165353842
41430_left,5,5.151831559091434
31602_left,5,5.308915956579666
22716_right,5,5.344449491029928
10193_right,5,5.10360197929546
28435_right,5,5.338864750693148
32846_left,5,5.138648032311883
38513_right,5,5.428482513786107
20026_left,5,4.7590811633516354
19748_left,5,5.334027466741915
36653_right,5,4.726341587402937
38513_right,5,5.173185581306639
29839_left,5,5.34956139976525
14849_left,5,5.195625504744888
41761_left,5,5.257996359897635
40183_right,5,5.118090720116223
31602_left,5,4.841684337503046
37783_right,5,4.874872682296576
16802_right,5,4.802865569719487
39081_right,5,4.535998032856117
42484_left,5,4.61739377019718
9598_left,5,4.723568082452642
35461_left,5,4.699338143568644
10653_right,5,4.806787886525882
41430_left,5,4.679446162247103
27674_left,5,5.328774131927744
27395_right,5,4.915697236079966
22894_left,5,4.815224568116062
13819_right,5,4.743791433058977
32846_left,5,4.566869239292558
30255_left,5,5.130886011471995
11492_left,5,4.683168924895573
28257_right,5,5.4642109896965385
10193_right,5,5.49393567215238
37008_left,5,4.699050252664538
31043_right,5,4.648758537531415
16802_right,5,4.775023891696787
9942_left,5,5.234893608060975
33493_right,5,5.394601529866576
14765_right,5,4.519027322011718
13811_right,5,5.407031111377348
33003_left,5,4.842119275641133
14495_right,5,5.342816068377735
25080_left,5,4.705666598187233
25697_right,5,5.2273708038881255
10321_left,5,5.340675574858308
33493_right,5,5.494155198504775
21190_left,5,4.971579744112354
24772_left,5,5.403990343337867
38064_left,5,4.776296769836134
19116_right,5,5.284850546284687
25985_left,5,5.09260621354814
13669_left,5,4.674245690816786
43379_right,5,5.056829662012301
40405_right,5,5.352002438199166
32148_right,5,4.984670283069725
10785_right,5,4.9525318914387
24222_right,5,5.189708027931532
35955_left,5,5.414996471725441
38595_right,5,5.410183410883227
33884_left,5,5.341618357774648
18567_left,5,5.2898129882392375
12419_right,5,4.985632161342435
28435_right,5,5.274921640563542
13651_right,5,4.671577007260273
10017_left,5,5.03101798859002
20144_right,5,5.461903081805943
23433_left,5,5.095899348603719
26997_left,5,4.934660866480357
20146_right,5,4.571010339025427
13811_left,5,4.82399021940765
13705_left,5,5.077843335753
33493_left,5,4.914457993515415
40183_left,5,4.637687725817383
15870_right,5,4.525149002792004
31590_left,5,5.033601020943907
28435_left,5,4.88266893230301
35130_right,5,5.3086735992559895
28929_left,5,4.959416595983137
36300_right,5,4.960553539586327
14084_left,5,5.088978528374272
22271_left,5,5.099888962118622
11032_left,5,5.056091754686542
21096_left,5,5.31727225249879
26772_right,5,4.79556778671864
20855_right,5,5.374230722505309
23604_left,5,4.724224502892154
24772_left,5,4.511317665886924
33753_left,5,5.404387279193895
33287_left,5,4.965987344793735
29027_right,5,4.6724647813164015
43141_left,5,4.855348928263892
24019_right,5,5.425429910107375
31006_left,5,4.714511038314143
18567_right,5,4.588909352767228
31006_left,5,5.124654418508427
27094_left,5,4.811159270394426
40178_right,5,4.908878921115246
28072_left,5,4.9344608063014
35704_right,5,5.1245312440009
32630_right,5,5.137094532362736
40405_right,5,4.954596032603977
17221_right,5,4.845788940613653
23604_left,5,5.128960281576914
12861_right,5,4.790724233982253
40178_left,5,5.220093606924762
17749_left,5,5.3166074450241165
30297_right,5,5.43789405851229
15414_left,5,5.272773228073044
31729_left,5,4.730617927166098
27395_right,5,5.00098212263585
17135_left,5,5.328570498673213
44249_left,5,4.999205049924602
39772_right,5,5.003343833114995
41387_right,5,5.426179407039812
37232_left,5,4.871769446577742
12861_left,5,4.559431612889639
33621_right,5,5.039047407198434
23422_left,5,5.105246639281778
34901_right,5,5.367037883903414
18143_right,5,4.711307568644387
40819_right,5,4.563542876401228
17135_left,5,5.368453371113707
40893_left,5,4.764237688277847
43141_right,5,5.275193137555721
11874_left,5,5.334382981531975
32868_left,5,4.857400336023484
16392_left,5,5.335553492914514
18567_right,5,5.355146137335472
25378_right,5,5.251431393450152
15459_right,5,4.917138240881966
23692_right,5,5.0932454992536735
19586_left,5,4.614901363063949
40819_right,5,4.9964149902056185
24222_right,5,5.232837608295968
35766_left,5,5.186340583217497
13308_right,5,4.951130023727044
24472_right,5,5.357389061671037
29058_right,5,4.60633573713122
35804_right,5,4.93057800653076
25972_right,5,4.609544369087164
34844_right,5,5.072909625045072
37834_right,5,4.789928472639408
13066_right,5,5.048924028336474
38325_right,5,5.261319602830974
37951_right,5,5.196197875802819
30255_left,5,5.27683021675647
34995_left,5,4.764584650487178
34844_right,5,4.548288023366048
23403_left,5,5.238586930723665
19748_right,5,4.594642314222101
33906_right,5,5.373212728256799
33358_right,5,5.281378849184245
38407_left,5,4.537099139788302
37834_left,5,5.115981207828657
35412_left,5,5.207895458703668
41761_right,5,4.954473466871697
16_left,5,5.007826675967598
16_right,5,5.379977906392752
217_left,5,4.752588525667791
217_right,5,5.190488002048824
294_left,5,4.890204371665878
294_right,5,5.36751233571578
326_left,5,5.450480207786024
326_right,5,4.965066194515495
367_left,5,4.607253446663528
367_right,5,4.508831554539352
405_left,5,4.920155078975795
405_right,5,5.207342677579649
406_left,5,5.19350805717752
406_right,5,5.319081529221998
439_right,5,5.056149289110681
458_right,5,4.917828318607228
670_left,5,5.349177416867237
670_right,5,4.913607388089276
936_left,5,5.362386033707954
936_right,5,4.552843409022437
986_left,5,5.185649005909257
1084_left,5,4.6951176513868615
1084_right,5,4.819220944920973
1099_right,5,4.844478551440921
1138_left,5,5.361991985184474
1138_right,5,5.485750751810456
1350_left,5,5.2452655426452965
1430_left,5,5.31008005700012
1430_right,5,5.315878602165454
1663_left,5,4.77978402050987
1663_right,5,5.391662744452497
1941_left,5,5.216568645664397
2016_left,5,5.115949040534298
2031_right,5,4.939912621919936
2338_left,5,5.311799371110026
2338_right,5,5.457537339127507
2496_left,5,4.553733023159111
2804_left,5,5.461608963075959
2804_right,5,4.859611322999982
2810_left,5,4.698749336003036
2810_right,5,5.012158941467901
2880_right,5,4.739573995128069
2916_left,5,5.379911905979475
2916_right,5,4.809847126710894
2970_left,5,4.625493676329655
2970_right,5,4.521884051731972
3064_left,5,5.10976986965054
3064_right,5,5.289656139010775
3088_left,5,5.322887495810825
3371_left,5,5.464547359024337
3371_right,5,4.723278547240286
3412_left,5,4.557394259294268
3412_right,5,4.528402360280418
3418_left,5,5.260142412716415
3501_left,5,5.248623877242557
3563_left,5,5.431477314216368
3563_right,5,5.377926513324647
3611_right,5,4.702025811164496
3802_left,5,5.04123053699668
3802_right,5,5.338353134725919
3993_left,5,5.410329030761013
3993_right,5,5.224452148045639
4005_left,5,5.443311579992322
4005_right,5,4.597814081031557
4086_left,5,4.863166497432345
4086_right,5,5.083620570447093
4130_left,5,4.586698770330515
4130_right,5,5.298239326086895
4155_right,5,5.4486917030310345
4252_left,5,5.136477074211847
4252_right,5,5.267722646381893
4374_left,5,4.999001553894092
4496_left,5,4.665586152366986
4496_right,5,4.926343520209379
4531_left,5,5.44856343323311
4688_right,5,5.430390670345595
4793_left,5,5.138374568986838
4909_left,5,4.535629675943154
4909_right,5,5.403259741509706
5032_left,5,4.703171565924138
5032_right,5,5.131548721698452
5105_left,5,5.075452415295234
5105_right,5,5.4958838003104695
5258_left,5,5.125291010191926
5258_right,5,4.872988703709167
5304_right,5,5.1523424871086085
5825_left,5,4.546481396266677
5825_right,5,4.594335590501109
5838_left,5,4.5018733412641865
6017_left,5,5.095450812308558
6017_right,5,5.097111845640662
6096_left,5,4.9441557605060655
6096_right,5,5.412188433332431
6613_left,5,5.048165574700681
6613_right,5,5.226511320405089
6707_left,5,5.031923863447387
6707_right,5,4.720267860498173
6719_left,5,4.641608714823215
6719_right,5,4.525089557944998
6997_right,5,4.791753450771008
7164_left,5,5.480380932595292
7164_right,5,5.419244747212131
7279_left,5,4.793769294531008
7398_left,5,5.3902856464683016
7531_right,5,4.91592933067241
7821_right,5,5.240016370417938
7853_left,5,4.507508537031981
7853_right,5,4.976809346217506
7945_left,5,5.322314371657331
7945_right,5,4.525834660987076
7992_left,5,4.723067103502617
7992_right,5,4.763546821461176
8087_left,5,4.57546011150494
8087_right,5,5.1037794900725535
8090_left,5,5.163913403738847
8236_left,5,4.982145665497337
8236_right,5,5.274004742970688
8292_left,5,5.026464521562501
8292_right,5,5.407136000751363
8388_right,5,5.1708430687347935
8462_left,5,5.334975934579068
8462_right,5,5.44933346694363
8681_left,5,4.603801937989493
8681_right,5,4.908380750101664
8743_left,5,5.036576498038456
8743_right,5,4.551948732065249
8950_left,5,5.102749022219623
9156_left,5,4.87970242971348
9156_right,5,5.479851826708172
9157_left,5,5.035115544446498
9157_right,5,5.346612879447559
9216_left,5,4.699376157507514
9298_left,5,4.674367658488379
9298_right,5,5.420761565546775
9311_left,5,5.1381349089821535
9311_right,5,4.828044893040279
9353_left,5,4.55089966512559
9353_right,5,4.580453332054843
9419_left,5,5.06920875711781
9419_right,5,5.142704127978321
9518_left,5,4.825013954831671
18030_left,5,4.918518070123035
18030_right,5,5.458362247303684
18059_right,5,4.8175622777096185
18143_right,5,4.545754386422427
18370_left,5,4.7352422349791095
18567_left,5,5.261414840495903
18567_right,5,4.718596606174303
18798_left,5,5.16085892184293
18803_right,5,4.724690368402054
18819_left,5,5.058232338042895
18902_left,5,5.104939623028383
18902_right,5,5.273565955761583
19005_right,5,5.486530942298134
19061_left,5,4.895355480100252
19061_right,5,5.01101920005538
19110_left,5,5.261642938695935
19110_right,5,5.057772381224767
19116_right,5,4.771157605018908
19285_right,5,5.260808285981767
19347_left,5,4.67824559978539
19347_right,5,4.88033246207268
19471_left,5,5.470758918957822
19471_right,5,4.860280324350024
19485_right,5,4.593641605058716
19586_left,5,4.542580641059939
19588_left,5,5.493705089811557
19588_right,5,5.183019086423728
19600_left,5,4.838564330683719
19604_left,5,4.5389267777787
19604_right,5,5.021919206262269
19663_left,5,5.096095173773128
19663_right,5,5.032306923943486
19748_left,5,5.395704155350646
19748_right,5,5.438439602365223
19771_left,5,5.080807848179645
19771_right,5,4.516321934592564
19961_left,5,5.108865986495027
20026_left,5,4.610603209810141
20026_right,5,4.584450091164893
20111_left,5,5.065645360907593
20144_left,5,4.914201270043252
20144_right,5,4.506365017015069
20146_right,5,4.69878791679227
20432_right,5,5.001299079785524
20458_right,5,4.532737089613433
20574_left,5,5.159142023030669
20752_left,5,4.910906630795772
20752_right,5,5.292235090097451
20855_left,5,5.47724974842028
20855_right,5,4.57833791459844
21033_right,5,5.043530396323081
21096_left,5,4.988753438620229
21096_right,5,4.936244457448716
21190_left,5,5.309151138907215
21190_right,5,4.68168845466884
21205_left,5,4.923279904374235
21205_right,5,5.293668195840258
21373_left,5,4.888232577078127
21373_right,5,4.671477520895832
21444_left,5,4.738197305266955
21511_left,5,4.897166904182753
21511_right,5,5.409486824702063
21788_left,5,5.0957670284143886
21788_right,5,5.130148255104023
22160_right,5,4.780608918665758
22271_left,5,4.804308783607176
22271_right,5,4.539715648205965
22379_left,5,4.989151701528624
22379_right,5,4.678681694136736
22520_left,5,4.969527502692248
22520_right,5,5.114744283210459
22568_left,5,4.590304263372694
22568_right,5,4.858367606989353
22665_left,5,4.888427521585012
22665_right,5,4.855007584714518
22669_left,5,5.324842796288669
22669_right,5,4.522815379420246
22716_left,5,4.610170524557014
22716_right,5,4.960348546828747
22801_right,5,5.332966553062042
22894_left,5,5.22404868564702
22894_right,5,5.196042302263058
22901_left,5,4.843424282625541
22901_right,5,4.813596488712462
22906_left,5,5.317764179415841
22906_right,5,5.016833280982755
23326_left,5,5.104893086546655
23326_right,5,5.110965495023324
23403_left,5,4.679164012465311
23422_left,5,4.963414330535432
23422_right,5,4.565428349728155
23433_left,5,4.853589612227331
23433_right,5,5.268907064124879
23604_left,5,4.691261921782494
23648_right,5,4.507183112862682
23692_left,5,4.624839590829816
23692_right,5,5.233679059943313
23736_left,5,4.527925815859029
23831_left,5,4.56279893725303
23831_right,5,4.687660690022859
23906_right,5,4.91964011282224
24010_left,5,5.382785943421812
24010_right,5,5.349889991919322
24019_left,5,4.972547005070116
24019_right,5,5.484991751104436
24163_left,5,4.67440201630902
24222_right,5,5.090072164340693
24472_left,5,5.147829347122505
24472_right,5,4.799206082636782
24772_left,5,5.396045155848497
24773_left,5,4.772418406063287
24773_right,5,4.920357280724977
24853_left,5,5.313226366827173
24853_right,5,5.244389851730699
24910_left,5,5.084618167322223
24910_right,5,4.730330804684927
25080_left,5,4.83802347426937
25080_right,5,5.42020162301522
25181_left,5,5.197359011528512
25378_right,5,5.306541424600907
25407_left,5,4.808679162828781
25407_right,5,4.587787980389396
25697_right,5,5.441143637063575
25741_right,5,5.252491680009492
25916_left,5,5.246141265721027
25972_left,5,5.039081733796767
25972_right,5,4.539963756476754
25985_left,5,5.483109360892152
25985_right,5,5.227563180948846
26477_right,5,4.756374858290116
26737_right,5,5.202778137605524
26772_left,5,4.931826887796616
26772_right,5,5.140332003000637
26997_left,5,5.197099696815023
27081_left,5,5.400969455355938
27081_right,5,4.951799469979965
27094_left,5,4.56624016943722
27251_left,5,5.091530182519241
27251_right,5,4.754299471075855
27376_right,5,5.454588718033268
27395_left,5,5.267027461552524
27395_right,5,4.853078826587059
27597_left,5,4.716081179752662
27597_right,5,4.610776831128468
27674_left,5,5.039445260978777
27674_right,5,4.892456694132613
27727_left,5,4.98308062131774
28072_left,5,4.991193102186261
28077_left,5,5.436058566714412
28077_right,5,4.71719606154314
28257_right,5,4.953602435631797
28386_left,5,4.936644731999445
28386_right,5,4.665950237529108
28434_left,5,4.805801656078339
28434_right,5,4.652070855738077
28435_left,5,4.703481676928757
28435_right,5,5.460473041395605
28524_right,5,4.953910928066588
28549_left,5,5.062834665413075
28549_right,5,4.7900940641592165
28675_left,5,4.514327564705433
28743_left,5,4.991489032666255
28929_left,5,5.0064583525577735
28929_right,5,4.6961417118451205
28948_left,5,4.991577974956565
28948_right,5,5.215905497942227
28976_right,5,4.82458122430884
29027_left,5,4.9128582646856245
29027_right,5,5.433219710323894
29058_right,5,4.888338244850744
29599_left,5,5.4159325687955775
29703_left,5,4.7566610810713
29703_right,5,4.607913226807762
29839_left,5,5.42730364776668
29839_right,5,5.359193897443288
29865_left,5,5.032714559581833
29865_right,5,5.388811525794569
29960_left,5,4.711029704875539
30039_left,5,4.854929394485192
30039_right,5,4.580439271360694
30046_left,5,5.468464182105478
30046_right,5,4.765902735934271
30255_left,5,4.84352638126009
30255_right,5,5.239858105225598
30297_left,5,4.936472822308288
30297_right,5,4.955542053988225
30303_right,5,5.045147215614387
30549_left,5,5.002353791592127
30549_right,5,4.567964097816248
30570_left,5,5.289191547326288
30675_left,5,5.340096979231076
30675_right,5,5.317129817902458
30722_left,5,5.440073214511206
30722_right,5,4.618049549010292
30723_left,5,4.671053070523816
30723_right,5,5.036608418852245
30725_right,5,4.86666491100386
30747_right,5,5.433079436046454
30869_left,5,5.146532240370678
30869_right,5,5.125934349604439
31006_left,5,5.098632333036962
31006_right,5,4.816130040655533
31043_left,5,5.02182691028571
31043_right,5,4.893117645310138
31442_right,5,4.818886298332575
31461_right,5,4.803109406002802
31590_left,5,4.932118250245305
31590_right,5,4.978812125198288
31602_left,5,5.409263306576492
31602_right,5,4.645308692188469
31659_left,5,4.702825169104838
31659_right,5,4.702113990414023
31729_left,5,5.338074143604985
31729_right,5,5.179159061501423
31746_left,5,4.980568969981698
31924_left,5,5.365798541668223
31984_left,5,4.542645144398144
32148_left,5,5.148132241753304
32148_right,5,5.429561671914668
32149_left,5,5.431114620769067
32149_right,5,5.324743719196297
32230_right,5,5.045496192726241
32630_left,5,4.893690187499137
32630_right,5,5.459919600900318
32846_left,5,4.89811027710036
32846_right,5,5.174411966363238
32851_right,5,5.157017214007322
32868_left,5,5.199181222389553
32868_right,5,4.72792209253274
33003_left,5,4.925662900220159
33080_left,5,5.116077658369346
33080_right,5,5.154025338215416
33236_left,5,5.173873681136014
33236_right,5,5.497319611793269
33270_left,5,4.691900240022828
33283_left,5,4.885965770469
33283_right,5,5.157759848138595
33287_left,5,5.075593982222213
33358_right,5,4.595018381929276
33493_left,5,5.433601054871641
33493_right,5,5.3564835264919335
33580_left,5,5.404931468057125
33621_left,5,5.445837317505855
33621_right,5,4.873913612800058
33725_left,5,5.227828209004206
33725_right,5,4.948791541545898
33753_left,5,5.495182213353428
33812_right,5,5.119048529881112
33884_left,5,4.996956441912076
33884_right,5,5.412969943433463
33906_left,5,4.68407693422993
33906_right,5,5.331042502349213
34152_left,5,4.939795415097831
34152_right,5,4.820149705506132
34400_left,5,4.615680451232635
34400_right,5,4.6376552231025245
34453_left,5,4.541165835677266
34453_right,5,5.36480337717352
34708_left,5,5.313335521434536
34708_right,5,5.175571882442191
34844_left,5,4.708151948088251
34844_right,5,4.958431820913778
34901_left,5,5.260985365104541
34901_right,5,5.3095516582257485
34995_left,5,4.709687521837488
34995_right,5,4.760198858401393
35112_left,5,5.122921182235481
35112_right,5,4.82053408286445
35130_left,5,4.614802382184621
35130_right,5,4.860174911183962
35199_right,5,5.479626054660307
35323_right,5,4.881517251481424
35412_left,5,4.509851115117195
35461_left,5,5.25465852798924
35461_right,5,5.017343257627652
35668_left,5,4.590296629182944
35668_right,5,5.188946162273473
35704_left,5,4.99325411057221
35704_right,5,5.366445313870882
35766_left,5,5.206967181891025
35766_right,5,4.506564590930955
35804_left,5,4.528663796115917
35804_right,5,4.728592666879718
35861_left,5,5.125602560372481
35861_right,5,4.968667008985033
35955_left,5,5.377683246811284
35955_right,5,5.113335828417132
36027_right,5,5.198101371063727
36074_left,5,4.89446644756322
36125_left,5,5.4046238338016375
36166_right,5,5.176560320016675
36258_left,5,4.665147050149991
36258_right,5,5.246567207632735
36300_right,5,5.234482440824354
36453_left,5,5.446869806838644
36453_right,5,5.158105533924084
36531_left,5,5.153190648377338
36640_left,5,4.999181293490097
36640_right,5,5.235183676307744
36653_left,5,5.075176454206604
36653_right,5,5.149040525741615
36722_right,5,4.7672587177930685
36832_right,5,4.7628629138027865
37008_left,5,4.672861035756758
37008_right,5,4.797510435471108
37117_left,5,4.745854750293096
37117_right,5,4.768421888813487
37232_left,5,5.330943833258612
37332_left,5,5.336220424810424
37332_right,5,4.97653014001799
37438_left,5,4.814353110020204
37708_left,5,5.399342441687826
37708_right,5,5.222371766911363
37783_left,5,5.200890551221839
37783_right,5,4.693617365727389
37808_left,5,5.323629414022756
37808_right,5,4.559626114245802
37813_left,5,5.243742982384534
37813_right,5,5.227082781382289
37829_left,5,5.467602020411305
37834_left,5,4.839711546408343
37834_right,5,5.496139956111159
37849_left,5,5.4144531284202815
37849_right,5,5.213392396504165
37951_left,5,4.751435655365273
37951_right,5,5.383540376906294
37958_left,5,5.441298246202242
37962_left,5,4.677607579830955
38064_left,5,4.539512609737087
38064_right,5,4.864048025143239
38186_left,5,4.970170660151924
38186_right,5,4.72299929974928
38325_left,5,4.5553718215075465
38325_right,5,4.557630522693509
38345_left,5,4.578338948276955
38407_left,5,4.615442637072135
38407_right,5,5.3100739165925415
38513_left,5,5.167978520390646
38513_right,5,5.449287059491185
38518_left,5,4.862537313911186
38518_right,5,4.7381433128745964
38595_right,5,4.60022141149903
38653_left,5,4.900115935926859
38662_left,5,4.504021873965067
38811_left,5,5.41789640250904
38811_right,5,4.5241282045982825
38856_left,5,4.631157606740439
38856_right,5,5.045708027109976
39081_right,5,5.416080860635176
39134_right,5,5.167123523686848
39164_left,5,4.729692758888494
39164_right,5,4.652545537878867
39188_left,5,4.78673222460455
39188_right,5,5.350772390703231
39353_right,5,5.304699340222907
39505_left,5,4.93547588296038
39505_right,5,4.849775100354017
39741_left,5,5.038465234503078
39741_right,5,5.465110051266415
39747_left,5,5.219019887247696
39747_right,5,5.429955131637977
39772_right,5,5.334566864286995
40078_left,5,4.974985022973162
40178_left,5,4.791852023534655
40178_right,5,5.216633134969512
40183_left,5,4.603603693202049
40183_right,5,4.996766232945889
40319_right,5,5.067699485501152
40323_left,5,4.967920266668154
40323_right,5,4.983861037657383
40405_right,5,5.250863742978229
40673_left,5,5.419448559162081
40673_right,5,4.903658388843072
40819_left,5,5.364646494607374
40819_right,5,5.072669809760673
40893_left,5,4.755204331835479
40893_right,5,5.472975081902629
40917_left,5,5.432896736673261
40940_left,5,4.897627098002524
41174_left,5,4.961243897916095
41174_right,5,4.835907812956158
41201_left,5,4.621198783076178
41201_right,5,5.283616122667213
41339_left,5,5.093942869577871
41339_right,5,5.206910723386401
41387_left,5,4.831474513720728
41387_right,5,5.420803301978558
41430_left,5,4.524877591815168
41430_right,5,4.674677063861493
41445_left,5,5.460538762124696
41445_right,5,4.709695625153763
41584_left,5,5.124077449631568
41584_right,5,5.1833148292037095
41746_left,5,4.8552923564867
41746_right,5,4.86021395902235
41761_left,5,4.67771283779069
41761_right,5,4.830969239415617
41852_right,5,5.3572987086622685
42022_right,5,4.621882314614226
42316_left,5,4.843527182363421
42358_left,5,4.979207535173645
42442_right,5,4.867698099250067
42484_left,5,5.285796404739669
42484_right,5,5.19184087073162
42815_left,5,4.888497570948242
42815_right,5,4.545709259086522
43008_left,5,4.816413405138037
43050_left,5,5.184881160318461
43050_right,5,5.46425198531637
43141_left,5,5.048760617226678
43141_right,5,5.254879382324515
43199_left,5,4.59433228408887
43199_right,5,4.696226817171926
43339_left,5,4.827255346510037
43339_right,5,5.0992547523461775
43379_left,5,4.984844963271349
43379_right,5,5.339372857137985
43839_right,5,5.263867637663497
43997_left,5,5.142856337434649
43997_right,5,5.1274162639395096
43998_left,5,4.994639772980663
44100_left,5,4.614429085356887
44247_left,5,5.242046335984315
44247_right,5,5.435518942775897
44249_left,5,4.557184452026089
44249_right,5,4.832633918231328
32846_left,5,5.4726666027303175
41430_right,5,4.65577849274816
34152_right,5,5.270416853900587
22271_right,5,4.6766871876024725
29839_left,5,5.34100410287606
42022_right,5,5.169748621678159
37834_right,5,4.642643181503889
24472_right,5,5.251991536072769
35323_right,5,4.599654388709486
6719_right,5,4.685148121429766
25972_left,5,4.717115893118067
35704_right,5,4.66791176968769
33725_right,5,5.473256779071631
27674_right,5,4.623150005558105
21096_left,5,5.153134300816584
40940_left,5,4.5705692159491
40183_left,5,5.378067992809865
20146_right,5,5.099369425173888
8462_left,5,5.045790342089398
7853_right,5,5.079056418735975
18567_right,5,4.759730147851672
25985_right,5,5.301252105033775
35130_right,5,5.291087479284
4531_left,5,4.824631976579403
43050_right,5,4.719741753573202
3412_left,5,4.720736134751852
7164_left,5,5.2267599925663415
18819_left,5,4.99433320281852
39505_left,5,5.467747296926577
42815_left,5,5.221490111908471
34453_left,5,4.799856262704471
33003_left,5,4.989667116614909
7398_left,5,5.395613877245086
18567_right,5,5.020997767668591
23422_left,5,4.618258898580089
42316_left,5,5.324166130107419
16_right,5,4.806851231132224
19285_right,5,4.882138180662576
3993_left,5,5.193384470889161
3412_right,5,4.712010846959256
23906_right,5,4.511512019497779
4130_right,5,5.02981978325683
43997_right,5,5.412444392912556
1663_right,5,4.518124234070067
38513_right,5,5.123987075924645
326_right,5,4.6227164674071
6096_right,5,5.020080992224106
28077_right,5,5.251730386216909
2810_left,5,5.020475718671929
27376_right,5,4.721503682050323
30722_left,5,4.761195156454327
34995_left,5,5.23247806941335
36453_left,5,5.0058434105041965
23422_left,5,5.132771618567591
27081_left,5,5.411906081118621
28077_left,5,4.755333476292163
35861_left,5,4.579537658357032
405_right,5,5.341710065687756
9353_right,5,5.075294370851134
35804_right,5,5.37333813506938
27727_left,5,4.601846995892648
22665_right,5,4.939664786779062
23831_left,5,4.954708584687015
1350_left,5,5.168860834469098
20574_left,5,5.405694266279945
22669_right,5,4.637050662061801
406_right,5,4.500391818902541
3088_left,5,4.677914422441562
21096_right,5,4.875785073033
22716_left,5,5.296615458246984
41746_right,5,4.7940840826643125
18819_left,5,4.519503306680971
28675_left,5,4.500655018901905
34400_right,5,4.996176860005906
39505_left,5,4.5041463434991496
41387_right,5,4.919794298977946
39353_right,5,5.159057380109511
27251_right,5,4.838329968480636
8236_right,5,5.262559200590706
32230_right,5,4.5697168698539565
19600_left,5,5.437375171446288
31602_left,5,4.671671581285652
37808_left,5,5.36214017770952
31729_left,5,5.25398994452432
27081_right,5,4.785046375589493
4155_right,5,4.641331707805226
27251_right,5,5.348132248946156
31602_left,5,5.282893879755925
23422_left,5,5.307667134452416
34901_left,5,5.343171001860609
33621_left,5,5.19431379472168
19748_left,5,5.406869703003187
36027_right,5,5.017384862471488
8087_left,5,4.916057921533185
7853_left,5,4.637343154346743
38811_right,5,5.348127394797718
22520_right,5,4.623551671474615
9157_left,5,4.613224255400269
7853_left,5,4.672242897753449
7853_right,5,5.404744695829406
36125_left,5,5.421865275835163
31746_left,5,4.870044305278425
19663_right,5,4.753800825249236
39164_left,5,5.15335439448744
34995_left,5,4.78962012783396
22568_left,5,5.111929487973746
21096_right,5,4.966430015897302
21205_left,5,5.0354892447704165
22271_left,5,5.294846993371912
24472_left,5,5.068784047730556
1099_right,5,4.910057553857109
28743_left,5,5.089186455163865
29058_right,5,4.804224035250905
20855_left,5,5.46333492350384
23403_left,5,4.686892432249113
42358_left,5,4.7555629056020665
31006_right,5,5.071646877968676
33270_left,5,5.086219207616946
35766_left,5,5.110788839941002
20855_right,5,5.226959598825696
19600_left,5,5.243406793438255
33621_right,5,4.901286890684912
32230_right,5,5.449562478194991
2810_right,5,4.678529452378778
19588_left,5,4.66089645849902
21373_right,5,4.719842406655899
26477_right,5,5.276020476164207
43141_left,5,5.243707175668736
23433_left,5,4.738863478281663
3088_left,5,4.5164240540645855
36832_right,5,5.266146051642058
31442_right,5,4.748787864770006
40178_right,5,5.113147278939531
30549_right,5,5.468064607297538
31984_left,5,4.87005349660677
18902_left,5,5.323836255920224
25972_left,5,4.514154327373505
21190_right,5,4.567293187121857
39741_left,5,4.60216553322224
26997_left,5,5.080367451787409
5105_right,5,4.58006471634203
27081_right,5,5.11678861768563
37813_right,5,5.218916425084026
24472_left,5,5.078397088454896
4130_right,5,5.443642428216725
22665_left,5,4.735014047024435
33236_left,5,4.9756877627046645
4909_right,5,5.399682123466636
28435_right,5,4.5138752910912565
41430_left,5,5.391050767385671
38064_right,5,5.2893660279597166
33621_right,5,4.913647915454551
1138_right,5,4.500386849452227
18370_left,5,4.535139988801195
9216_left,5,4.684166056884553
41584_right,5,5.370444962937269
37332_right,5,5.193663976061838
19663_left,5,4.74580144393402
42358_left,5,4.741221815761581
42022_right,5,4.648949353264271
38407_right,5,5.116630289334959
28929_left,5,4.78983576472165
30570_left,5,4.56614012223492
20144_left,5,4.79136049192576
4130_left,5,4.6000896603349934
9353_right,5,4.975126719009385
458_right,5,4.832501422689559
8236_left,5,5.401421140697328
2338_left,5,5.4903367036190405
9157_left,5,5.310525548655255
20026_left,5,4.555153169162375
6719_right,5,5.120771165852677
19663_left,5,4.604786908143929
37008_left,5,5.419354976284004
24853_right,5,4.950174150397444
4252_right,5,4.82948888532284
41174_right,5,5.256236994857347
31602_left,5,5.269686565615912
4005_left,5,4.953983792162802
37332_left,5,5.459447344717296
44249_right,5,5.442217208935727
39188_left,5,5.385876332289016
4793_left,5,5.290284701723755
9419_right,5,4.805348222540234
38407_right,5,4.5110138079603415
35804_right,5,4.950135845676302
19663_right,5,5.130871262304456
21190_left,5,5.386386240176286
2031_right,5,5.1830553545014615
22669_left,5,5.270033692974075
29058_right,5,5.3173497685811295
4086_left,5,4.897325666275586
24019_left,5,4.507563649845404
43141_left,5,4.621882935191971
5825_right,5,4.622458624328739
19588_right,5,4.9956795796567794
36640_left,5,5.291401880945528
2916_right,5,5.48797133934448
42484_left,5,5.230154728344431
33812_right,5,4.826583610893462
36832_right,5,4.62893168462884
30722_right,5,4.996558673169848
7531_right,5,5.35645729173286
5105_left,5,4.788250862948342
24853_right,5,5.1756409545014135
23326_left,5,4.739859943339432
24773_right,5,4.8761708870956975
25972_right,5,4.849655159146053
23433_right,5,5.2677598432351616
40819_right,5,4.981286509663502
19600_left,5,4.802505509620602
27727_left,5,4.537807181497841
29027_right,5,4.842466133178241
34995_left,5,4.669643973531116
22894_right,5,5.2630897910721135
7853_right,5,4.624592223538878
6096_right,5,5.092195014226543
405_right,5,4.961022822019708
30255_left,5,4.5145081294908085
28386_left,5,4.5595955290834045
30570_left,5,4.632205095594651
37708_right,5,4.776383286776599
9298_left,5,4.686983740366362
41852_right,5,4.780670885165893
4688_right,5,4.904948347959121
28929_left,5,5.402024462793258
5032_left,5,4.8881419480208095
33621_left,5,4.6624526579942245
41584_left,5,4.5352663507334965
9298_left,5,4.863893180181536
26772_left,5,4.7382671295952665
22665_left,5,5.459274409025937
2338_left,5,5.0273806839934
23326_right,5,5.127451580426598
18902_right,5,4.746821459640194
44249_left,5,5.392226045843821
1138_left,5,5.47109249532337
4130_right,5,5.240011772870121
37708_left,5,5.186569033156474
34152_left,5,5.49458948633708
3418_left,5,4.8888578405509335
33236_left,5,4.567324472930919
28072_left,5,4.892817828445849
31006_right,5,4.522163316309674
41761_left,5,4.7788768809538125
35130_right,5,5.403216343378618
40078_left,5,5.0192612567344215
8292_right,5,4.664393897650314
21788_left,5,4.576807478374583
35130_right,5,4.798030194547652
34995_right,5,4.829375026796832
3802_left,5,5.492762746643363
3802_right,5,5.334382386645727
37951_left,5,5.055349508117082
34152_right,5,5.289130270106135
37438_left,5,5.3609874694480215
9353_left,5,4.708832588833626
28549_left,5,5.289774263330805
21444_left,5,5.168287434334184
24019_right,5,5.344327795218113
39505_left,5,5.133596620481918
7279_left,5,4.643279409546439
38856_left,5,5.490716027726097
1350_left,5,4.608723920208947
23433_left,5,4.541926903776146
40917_left,5,4.538416256832226
38856_right,5,4.97153117965934
41174_right,5,5.351516387603847
35861_left,5,5.388200463195801
21096_right,5,5.174569319362084
29027_left,5,5.323212971994769
32868_right,5,4.615741411601564
4155_right,5,4.870904451049323
30303_right,5,4.698907106226143
1941_left,5,4.946893507096893
30869_right,5,4.974156168193519
23326_left,5,5.439507238366975
30297_right,5,5.357663416467196
28743_left,5,4.838458348446694
34844_left,5,4.915438396558263
31659_right,5,5.195134792982926
28675_left,5,5.346231165860912
4005_right,5,5.042789596521587
33725_right,5,4.648895960450271
23604_left,5,5.323005014728835
44247_left,5,4.56383049604927
23433_left,5,5.038910810408116
405_right,5,5.38616456785082
19347_right,5,5.016504129755221
30039_left,5,4.843436144018556
44100_left,5,5.104056352099039
8388_right,5,4.571016881591294
22379_left,5,5.22417988323148
23433_left,5,5.043245878926732
6613_right,5,4.8165745317817565
31924_left,5,4.918103632237032
32630_right,5,4.94296347920779
22271_left,5,4.778216992419647
28435_right,5,4.685954351217326
29865_left,5,5.423922920840281
27395_left,5,5.312963805437177
24472_left,5,4.963517965858006
20432_right,5,4.580593305227232
39772_right,5,4.796465730998978
33725_right,5,5.326804127825089
23648_right,5,4.532463597139794
38407_right,5,5.341804894576676
38518_left,5,4.579570129142284
28434_right,5,5.345658062708477
8292_right,5,5.133512124426165
37834_left,5,4.674634414398307
31729_left,5,4.564441267296195
32630_right,5,5.252946259267189
36300_right,5,4.543879349852013
22901_right,5,4.704675696509969
39747_right,5,5.4144772048030925
39747_left,5,4.643272884138227
43199_left,5,4.575754546726328
4496_left,5,5.352732534397335
22716_right,5,4.972684079075346
6096_right,5,5.313592675650575
18059_right,5,4.612741904196918
35955_right,5,4.660078780833291
8743_right,5,5.483484780597313
19588_left,5,4.941119235568792
27081_right,5,4.7495330443965935
21373_left,5,4.614646347263639
1430_right,5,4.715037285196749
41339_right,5,4.7358442556169
40323_right,5,5.119406235092961
33493_right,5,4.992655457751257
19604_right,5,4.503015650136053
19586_left,5,4.894540714705618
37962_left,5,5.344318489746248
38064_left,5,5.177202767409128
19748_right,5,4.551416778091425
33358_right,5,4.707674630648132
1138_right,5,4.96729935209972
37951_left,5,5.261190744526158
19600_left,5,5.071684237008589
8462_left,5,5.453852445482181
3064_left,5,5.249475004826003
43839_right,5,5.119074936303355
19771_right,5,4.943468028990014
4005_left,5,4.721424741522998
34453_right,5,4.91116595810532
7853_left,5,4.770987932521541
23692_right,5,5.005326074182251
42484_right,5,5.369953705203117
29027_left,5,4.677235668886987
406_left,5,4.622363041555375
20432_right,5,4.87640629162918
9518_left,5,5.097936147935821
2016_left,5,5.42146334872972
19961_left,5,4.667016633553473
26772_left,5,4.75194595642524
1138_right,5,5.160631422834497
5105_left,5,4.815015619598482
37008_left,5,4.827358822484003
39741_right,5,5.013479777062528
30723_right,5,5.075623806182081
43997_right,5,4.915028191844952
29865_right,5,5.007816265762871
33580_left,5,4.97991636858291
19748_left,5,5.263123894699993
21444_left,5,4.847407088973905
217_right,5,4.605391235425775
23692_right,5,5.327640764360046
3802_left,5,4.880047963650182
39134_right,5,4.507797421001397
30046_right,5,4.869045386102958
37958_left,5,5.436742086904249
32851_right,5,4.596174905660784
26997_left,5,5.2711628729567686
3064_right,5,5.258937848120098
27597_left,5,5.028500731297772
23906_right,5,5.297781960536495
38595_right,5,5.391232636100065
4374_left,5,4.998200904331049
1084_left,5,4.593355305685966
18902_left,5,5.1544177972962455
33906_right,5,4.892068762671285
38064_left,5,4.614322064750287
20855_left,5,4.84311282551165
40819_right,5,5.228516199073729
19748_left,5,4.913516846574307
986_left,5,4.856318032783048
28435_left,5,5.227296747683631
34708_right,5,4.678966871784662
31590_left,5,4.88253835929922
24853_right,5,4.742430024152181
2970_right,5,4.642099530302654
25985_left,5,4.785090890741776
1099_right,5,5.416409810983649
30303_right,5,5.270157898619895
23422_right,5,4.873336937150965
28077_left,5,5.433232036860041
2016_left,5,4.90210466415924
20752_right,5,4.9775912842867145
42815_left,5,4.670018094238148
19771_right,5,4.969208247424026
37808_right,5,5.48073915732449
2880_right,5,5.470120093128794
40893_left,5,4.667381800536089
36531_left,5,5.4437306331613815
24010_right,5,5.354310890019874
38186_right,5,5.1055130562869255
18059_right,5,4.778687561154876
19471_right,5,5.405106229934981
29027_left,5,5.25809771597088
21190_left,5,5.280547950795308
38345_left,5,4.657033671294928
38662_left,5,4.808559752183836
43839_right,5,5.258099135287414
33270_left,5,4.5314758051271005
43339_left,5,5.301835103300364
19588_right,5,4.765316250275268
41852_right,5,5.4370513632243895
21511_right,5,4.730812966564671
26737_right,5,4.517735423357369
5032_left,5,4.692600688490922
19961_left,5,5.077653963234184
24222_right,5,4.748482565798347
22665_right,5,4.808027762495892
35323_right,5,5.203894718173821
26772_left,5,5.3998072808025785
23692_right,5,5.266803250138215
28386_right,5,5.236217284267419
33725_left,5,5.21899880807604
21373_left,5,4.98719342115971
35861_left,5,5.048531635302728
30297_left,5,4.606954337990263
9518_left,5,5.057385937571983
28976_right,5,4.888974261659199
28743_left,5,4.680135037808625
30255_left,5,4.765579343961756
32846_right,5,5.409813027739683
19116_right,5,5.078590731012981
35461_left,5,5.4144503664267045
35668_right,5,4.56768811938695
28549_left,5,5.093267122268316
6613_right,5,4.796576585703915
3412_left,5,4.859222208787601
28434_right,5,5.242217451738654
33283_right,5,5.324357114515699
19588_left,5,4.552291240522507
22894_right,5,5.291202513497429
30869_right,5,4.828317906984373
22520_right,5,5.056304730925683
20432_right,5,5.2558896432443065
36166_right,5,4.782107850212363
22894_left,5,4.921658930591436
27395_left,5,5.201275184858469
22520_right,5,5.310949573172359
35323_right,5,5.466800250601872
22271_left,5,4.807384103462935
3088_left,5,5.337992971638629
1084_right,5,4.768479206481199
38518_left,5,4.968416196152342
19471_left,5,5.072341722196242
22901_right,5,5.405233887104121
22894_left,5,4.986748065483493
36453_right,5,5.268312019117628
38345_left,5,5.369202703327313
37117_right,5,5.317325297432936
4531_left,5,5.018632846090738
34901_left,5,5.253750174690972
7992_right,5,5.340527268837572
36453_right,5,5.330603013323409
37813_right,5,5.24539172952733
22379_right,5,5.266458339239178
4005_right,5,5.114200117258688
3064_left,5,4.7458533655215565
27597_right,5,5.120334637606455
7398_left,5,5.317167355694819
23433_left,5,5.025509721668863
7164_left,5,4.7833980479849325
39772_right,5,4.837275882649212
28435_right,5,4.798463429253915
40323_left,5,4.567072924748558
7531_right,5,4.569517762155611
4531_left,5,4.8713723459707
1430_right,5,5.025811376434545
28072_left,5,5.041677301200086
6613_left,5,4.620492748244411
18030_right,5,4.531418836483042
39188_right,5,4.595792597226502
5825_right,5,4.653889397304712
8681_right,5,5.336485320454112
34453_right,5,4.916963882897008
43339_left,5,5.3654919640738346
28077_left,5,5.105540271656413
38325_right,5,5.19884165630874
40405_right,5,4.817758573685565
23648_right,5,5.433961097016766
19110_right,5,4.890160733229844
21190_left,5,5.230836633510103
21444_left,5,5.230785656194357
30046_right,5,5.149851230592429
3993_right,5,4.565579846890154
24773_left,5,4.522195208131564
25407_right,5,4.517704390770245
28743_left,5,5.492057424767285
27727_left,5,5.3099406217202025
40405_right,5,5.459701063764216
24472_left,5,5.451054979721526
22160_right,5,5.497226235991708
32149_right,5,5.301472679649065
35861_right,5,5.494001317810868
26997_left,5,4.757686059328911
24010_right,5,5.465551836062274
37849_right,5,4.962869806121783
37849_left,5,4.82429894772089
30255_left,5,4.756752432506188
42484_right,5,4.937194048940015
35668_left,5,5.250133132781553
32148_right,5,5.230746662818132
20144_right,5,4.783049768951272
22160_right,5,4.927330104757794
41445_left,5,5.113411949191196
21373_left,5,4.861174017736373
29058_right,5,5.004281860189511
18819_left,5,4.688458704824738
36531_left,5,4.866135863842652
36653_left,5,5.296255530307261
43339_right,5,5.251974232865997
44247_left,5,5.362415947729786
27674_right,5,4.543462917297322
21444_left,5,5.318239790739989
3802_left,5,5.268240277093657
2810_left,5,5.442234642289634
31602_left,5,4.893214537441727
43050_right,5,4.798980383152792
21444_left,5,5.277654794392557
40078_left,5,5.060057666877064
35130_left,5,5.251014642641618
25407_right,5,5.449971091433183
22568_right,5,4.912236780195287
34400_right,5,5.192784142047762
41430_right,5,5.055133729366275
2338_right,5,4.8974818360211145
23906_right,5,5.4630744268253
33906_left,5,4.864198501062563
22665_right,5,4.917923171544265
28675_left,5,4.53401723043498
23422_left,5,4.986365730012002
26997_left,5,5.172567817790016
31442_right,5,5.290794417649029
39081_right,5,5.484996217347369
3993_left,5,4.59458712408053
33236_right,5,4.935831706092319
34995_right,5,4.571276031851649
439_right,5,5.177719592839973
3064_left,5,5.246532460629358
31984_left,5,5.419242803549308
18902_left,5,4.95391942396498
1941_left,5,5.414970276931114
40178_right,5,5.297006372635973
44100_left,5,5.067863498104716
43379_right,5,5.353916489402592
7279_left,5,5.3355405957036
35668_left,5,4.97350332467194
31659_right,5,4.602154792622076
9419_left,5,5.294686674607999
28948_left,5,5.079568496956191
9157_left,5,4.663050235898727
28743_left,5,5.028879277180078
41174_right,5,5.492692358832511
30570_left,5,5.180251240254786
19771_right,5,5.331031818980705
18803_right,5,4.935169594650182
7398_left,5,5.22628025672226
5258_left,5,4.951189140136659
27727_left,5,5.478570817770805
35412_left,5,4.9746282340916
29027_right,5,4.696106768819516
34453_left,5,4.844283053279763
37834_right,5,4.849083155835602
21096_left,5,5.2987387378598765
4909_right,5,4.865906258374572
936_right,5,4.601374401195096
6707_left,5,5.160332317522141
21096_left,5,4.560031080413611
6096_right,5,4.793751446131293
40323_right,5,5.404055129140899
36074_left,5,4.6954693302674455
1099_right,5,4.732133197735889
3371_left,5,5.0983375805443005
37332_left,5,5.254310670202809
30723_left,5,5.203794795914058
1099_right,5,5.213447288578074
30869_right,5,5.1626634652849175
5032_right,5,4.5426354179007
24472_left,5,5.393897000891432
4909_right,5,5.235132256802593
326_left,5,4.527918741488686
217_left,5,5.183083699101558
38186_right,5,5.064473653770529
9156_left,5,5.328370616114749
6707_right,5,4.615462685998052
29058_right,5,5.082130591892415
27376_right,5,5.443996087624776
25985_right,5,5.073781678691643
20752_right,5,5.423533484798106
20432_right,5,4.967483367079581
4496_left,5,5.413562137841096
8292_left,5,5.062064613912627
31659_left,5,5.047119878489609
4252_left,5,5.0202125638950825
43050_left,5,4.681177393184386
367_left,5,4.66106076058378
38325_left,5,5.497796423493446
36166_right,5,4.670650519247076
28524_right,5,5.300197758349376
29058_right,5,5.072173972242767
34844_right,5,4.572841484500981
23403_left,5,5.18657539022961
7853_left,5,4.926772506952162
3611_right,5,4.893235457177322
22568_left,5,5.498817384551355
38345_left,5,5.212583043256613
2880_right,5,4.599911904326911
9156_left,5,5.3555344719353055
22568_right,5,4.637772295320707
23422_right,5,4.977852589995536
24472_left,5,4.622657228285677
18059_right,5,4.778888908468335
28948_left,5,4.821313521914211
35704_right,5,4.698229495636475
27395_right,5,5.10213602574651
986_left,5,4.891187872299521
24163_left,5,4.514565271540343
25741_right,5,5.187204552598817
8681_left,5,4.5473362713139
31590_right,5,5.2338278323813165
8681_right,5,4.70083543850744
31602_right,5,4.613806687682965
19347_left,5,5.41487664766742
42815_right,5,4.755977376892413
43050_left,5,4.794156323164071
19485_right,5,5.290688221277542
5825_left,5,4.852218605315839
19586_left,5,5.287755307681608
30303_right,5,5.086113465599663
33753_left,5,5.385051351856593
2810_right,5,5.488721825196006
25741_right,5,4.804166066718702
4496_right,5,5.063789690169129
23422_right,5,4.580529362989706
37849_left,5,4.637514660392791
3371_left,5,5.482046658544936
34901_right,5,4.677559280834321
25741_right,5,5.022215239403469
936_right,5,4.817928531767591
33621_left,5,5.120796744868178
32148_left,5,4.594792770137851
19061_left,5,5.1255507434990575
6096_right,5,5.191781898307902
9353_right,5,5.236385373559204
18030_right,5,4.566086497401323
29839_left,5,4.900447102816557
2916_right,5,5.036724664021589
20146_right,5,5.361113019415448
22801_right,5,4.509699343025201
23831_right,5,4.814761148279225
40819_right,5,5.3691494949380365
36653_right,5,4.507235420881619
30255_left,5,4.951280106223308
24222_right,5,5.29641772496732
4688_right,5,4.890643502866953
3412_left,5,4.812863884836767
33812_right,5,5.448879089254285
28743_left,5,5.122379423070539
30255_left,5,5.380195709712131
42484_left,5,4.89150648756166
36300_right,5,4.6822732076756415
43339_right,5,4.825048044186124
36125_left,5,5.2399365433917255
4531_left,5,5.032475174129446
23831_right,5,4.5260481938335015
35861_left,5,5.308054909038344
32846_left,5,5.334093749059818
28948_right,5,4.501014043588395
36125_left,5,5.254926186973468
41584_left,5,4.798217676336511
23831_left,5,4.63555905937109
36832_right,5,5.377267977827843
3802_left,5,5.424156245893411
41339_left,5,4.525855129913828
30255_right,5,4.558809041214476
41339_right,5,5.049632476333044
2016_left,5,5.492541426044417
33753_left,5,4.942041305205402
8743_left,5,5.462280888929482
3412_right,5,4.82486626597207
32846_right,5,4.931032577335191
21788_right,5,5.258139375649653
35112_left,5,5.417681999259709
30747_right,5,5.466178913806567
3418_left,5,4.531464317809705
1138_left,5,5.152773733466306
6096_left,5,5.291510885108334
41445_right,5,4.891209305783166
42358_left,5,5.346603517243595
42358_left,5,4.795860446921641
38325_left,5,5.483626848805838
9157_right,5,5.273018728795651
7853_right,5,4.728473705404481
1430_left,5,5.210256594204995
41761_right,5,4.695105589653155
24472_right,5,4.723164601090677
29839_left,5,4.813175744118087
37951_right,5,5.242308662037985
31590_left,5,4.515869064825628
24773_right,5,5.00339227950367
22669_left,5,4.8084804664761815
20026_right,5,5.248270575430243
37951_right,5,4.933791653434949
39188_left,5,4.771861586386627
28435_left,5,5.429666229719645
3064_right,5,5.499207743380355
35112_right,5,4.673438211312071
40893_right,5,5.230506140135699
33493_left,5,4.627219502177542
3371_right,5,5.467312313363223
7164_left,5,5.133647129369865
40323_left,5,5.081854351106143
7945_right,5,4.752005917347692
33236_left,5,4.788483784608257
36258_left,5,5.444679482349644
37117_left,5,5.33896854513419
27094_left,5,4.599904217607154
29839_right,5,5.140402537435257
37813_left,5,5.431462096750156
21205_left,5,5.018066279834437
34152_left,5,5.205106949417501
3064_left,5,4.673102460364156
34901_right,5,4.9466719205387575
25697_right,5,5.373149080002738
18059_right,5,5.27203994274776
32149_left,5,4.8718080328671896
406_right,5,5.095820944853873
4374_left,5,5.017912064036657
22716_left,5,4.95632484937947
7821_right,5,4.985843665154199
41387_right,5,4.851405540962936
22379_right,5,5.397038095801408
31602_right,5,5.196230619132203
24853_right,5,4.69497461720717
36453_right,5,4.653276054228471
38186_left,5,4.565210683475086
23906_right,5,4.916058243497651
19347_right,5,4.563481717605255
33725_left,5,4.602736071461622
19600_left,5,4.899135666304065
38856_left,5,4.611352682900327
28549_right,5,5.310187219724434
20111_left,5,5.03714364037808
28929_left,5,4.780282750324528
36832_right,5,4.722321293624912
37332_left,5,5.248064043549587
9419_right,5,5.229862902760075
41339_left,5,5.178666940452327
5825_left,5,4.90503901272715
6096_left,5,4.819778370766578
3501_left,5,4.558003441056664
39134_right,5,4.87242711632651
9298_right,5,5.4617017180982215
35861_right,5,4.576963252756144
38064_left,5,4.690810943146984
20855_left,5,4.999080256921496
6613_right,5,4.844587047857221
20111_left,5,5.407962034669926
3371_right,5,5.493165241544129
4793_left,5,4.968900671807454
24163_left,5,4.869270876915111
26737_right,5,4.504916806365489
26772_right,5,4.8082173478334544
5032_left,5,4.592272688510348
39134_right,5,4.98650811328382
42022_right,5,4.654140896233148
31043_right,5,5.195157835981339
23422_right,5,4.7682556731164825
36027_right,5,4.522022504180324
19771_right,5,4.809583527957903
43141_left,5,5.284373708389107
40183_right,5,4.879007287755613
37783_right,5,5.347067096344783
21788_left,5,4.62266145363049
35861_right,5,4.660815558629272
22669_right,5,5.408218185656165
37708_left,5,5.448415846910447
27674_left,5,4.528459470699267
28675_left,5,5.490685040600097
25407_left,5,4.689794095427961
19005_right,5,4.716233776475907
33906_right,5,5.338068808695143
4130_left,5,4.855738148411731
38811_left,5,5.053459528804574
22379_right,5,5.1868382136076425
27597_left,5,4.737399880816375
31006_right,5,4.924590601549971
18030_left,5,4.757936322049063
4252_left,5,5.107187003680525
33358_right,5,4.586221843907498
27674_left,5,5.070834490879893
25181_left,5,5.2741871376435
29027_right,5,4.694564831430209
23692_left,5,4.645679363426711
18370_left,5,4.922605442019931
39188_right,5,4.532731040996092
36722_right,5,4.540484749668739
24772_left,5,5.394055081272009
31590_left,5,5.39695763035735
19347_left,5,5.45771388354481
44100_left,5,4.872757383550335
5105_left,5,5.347634526518037
40319_right,5,5.0645352145906655
22379_left,5,4.907132911365331
39747_left,5,5.237390405300579
24222_right,5,4.944854606680969
24910_left,5,4.978211912712788
28435_left,5,5.00453887281519
217_right,5,5.142512186950001
23692_right,5,4.680274502485612
42316_left,5,4.607087033867338
18902_right,5,4.806839846579107
33493_right,5,5.251452360790771
38064_right,5,4.986901463777136
36832_right,5,4.537141521355624
28435_right,5,5.042166956658318
32149_left,5,5.257471627261455
1099_right,5,4.557807543420778
7945_left,5,4.758058085898059
42442_right,5,5.3563951169191455
19485_right,5,5.281498351345536
16_right,5,5.336943044763998
3371_right,5,5.194001556388348
7164_right,5,5.416630661303022
37783_right,5,4.650769835816296
34708_right,5,4.926315807171273
36640_right,5,5.112473388096871
27395_right,5,5.016722909712314
3501_left,5,4.8214608376912365
29027_right,5,5.260064556377527
25407_right,5,4.981519113705549
33358_right,5,5.466459997657953
36453_left,5,5.420965844997408
28948_right,5,4.555268376439192
38811_right,5,4.811377606811674
43141_right,5,5.458411641095404
41430_left,5,5.087092281029795
38186_left,5,4.885993929337395
39505_left,5,5.326070990610739
41584_right,5,4.665201023165595
3563_right,5,4.825086704353614
36074_left,5,4.60831523549725
35461_left,5,4.582303777828107
22901_left,5,5.155396180874809
43339_right,5,5.1460625179831405
36027_right,5,4.787164859412366
8743_right,5,4.838831313749117
25080_left,5,4.670444200616976
38345_left,5,4.87900766329117
33621_right,5,5.221138292014101
43339_right,5,4.6867616930185845
22520_left,5,4.778195567335648
37783_left,5,5.160202342540427
41339_left,5,5.477981880939144
406_right,5,4.751403188154357
936_right,5,5.255717998282951
39134_right,5,4.551943124476619
41584_right,5,4.692883180451156
23433_right,5,5.1911320270315615
25741_right,5,4.5747227400812855
22901_left,5,4.891369937921384
21190_left,5,5.064884922890767
43199_right,5,4.712242469187489
43050_left,5,5.108777513479418
2804_right,5,5.347869655711189
24472_left,5,4.666906552485534
19748_left,5,4.514725127620953
33753_left,5,4.901633414139251
2804_right,5,5.463150586010819
38518_right,5,5.084074696469609
40183_left,5,5.40444855653022
8090_left,5,5.429685803038023
8236_left,5,4.9862760374666015
39747_left,5,5.3439935530402485
41430_right,5,4.830845563858536
25697_right,5,5.001245506286311
19748_left,5,4.735300413974771
3064_right,5,5.0924020254533975
19604_left,5,5.200974647201246
38407_left,5,5.262725472691019
20855_left,5,4.9371657492424825
38518_right,5,4.991799703093852
24163_left,5,5.442433019873829
19604_right,5,4.856942474219075
33753_left,5,4.869255390858751
32149_right,5,4.855996093658598
22271_right,5,4.583847536014869
6017_right,5,5.442430086993885
44249_right,5,4.788976366883541
8292_right,5,5.245182659633485
40917_left,5,4.845495595889081
28386_left,5,5.343585588632777
34901_left,5,5.450321155850557
42815_left,5,5.107790775112067
40940_left,5,4.927715242315798
8743_right,5,5.118835392135385
22801_right,5,5.371371058394348
16_right,5,5.04903588205066
41201_right,5,5.133147796966338
19485_right,5,5.399003828323553
986_left,5,5.316108327766947
29599_left,5,4.950989193204947
38856_right,5,5.300243128209221
22901_left,5,4.80975304945601
5105_right,5,5.149362584667502
28434_right,5,5.19469936584081
7992_left,5,4.85030106058116
24019_left,5,5.191208403895597
439_right,5,4.500855015650901
42815_left,5,4.806508910565363
34453_left,5,4.537179543055323
29027_right,5,4.92649903414935
21096_left,5,5.381338547306215
3501_left,5,5.115911102849512
18819_left,5,5.00305588330225
35766_right,5,4.737251368544129
40819_right,5,5.312719684282673
25697_right,5,5.339368210016005
22271_left,5,4.672502260295692
6017_right,5,5.0158382435506565
18819_left,5,5.099124558127416
2804_right,5,5.134177208152078
23831_right,5,5.134865855054407
1350_left,5,4.901829538918617
36258_left,5,5.274598435257894
23326_right,5,4.689641663267049
22906_right,5,4.858510724148458
7279_left,5,5.07744987679854
1350_left,5,4.924850006222886
33493_right,5,5.404703649155871
32851_right,5,5.020167357303611
1941_left,5,5.394449919493164
43339_left,5,5.216835805707138
41201_left,5,4.87496496483042
32630_right,5,5.315330108776522
24019_right,5,4.91096208641247
23422_right,5,5.352147163017706
40183_left,5,4.835843162986423
19771_left,5,5.060483426060061
2496_left,5,4.961082811914428
32149_left,5,5.487832923177274
34400_left,5,4.984068229236531
18567_left,5,4.66270919666491
3412_left,5,5.3780795280866815
43997_right,5,5.391281072440785
41761_left,5,5.064859401136
406_right,5,4.768857247664717
19961_left,5,4.6436559366756525
36640_left,5,4.653245586497717
5105_left,5,5.314983626702175
23326_left,5,4.655089021882328
27597_left,5,5.142004659369102
33283_left,5,5.338877819235703
40893_right,5,4.686883620863157
39081_right,5,4.874733799642059
35955_left,5,5.213342118052982
31602_right,5,4.568165180475378
25741_right,5,5.223725977041484
35112_left,5,4.880991094669016
37117_left,5,4.740601058298239
18030_right,5,4.823326681102291
34901_left,5,5.329779667296249
38513_right,5,4.749455483047615
24910_left,5,4.77728131185351
36640_left,5,4.844766500411065
40323_left,5,5.131709776616958
26477_right,5,5.045399634978008
21373_left,5,5.305391498526925
3611_right,5,4.853245960540079
31602_right,5,5.373423275323266
41761_left,5,4.851978748402238
38186_left,5,5.19989468836754
38595_right,5,4.551404759821407
39188_left,5,4.972989021131536
19748_right,5,4.580616699688788
35861_left,5,5.104608261913725
36722_right,5,5.405425403859955
7853_right,5,5.482736729099672
24773_right,5,4.585171917438789
8090_left,5,5.28442923962258
30869_right,5,4.510614403421895
37783_right,5,5.093566308902884
7531_right,5,5.247278959125002
24222_right,5,5.4382218559944295
41584_left,5,5.0747133149795856
294_left,5,4.637371524997955
6719_right,5,4.709495599530079
41445_right,5,5.003240608614181
4155_right,5,5.259707367169487
36027_right,5,4.720629907094351
7992_right,5,5.433705037888212
33493_left,5,4.9272662123133335
36640_right,5,4.948811411075609
36258_right,5,4.645075853884785
30570_left,5,5.234187703070579
3412_left,5,4.785695759440586
23403_left,5,4.970485193281243
43199_right,5,5.396152225254681
42484_right,5,5.430832326590718
41387_left,5,4.681770054242826
27251_right,5,4.912716264937343
40893_left,5,4.678132030612693
294_left,5,4.764142274225983
21511_left,5,4.917823897662872
40673_right,5,4.676003621353166
6613_left,5,5.039223089917053
8292_left,5,4.915322022866183
986_left,5,4.748394397586114
32149_left,5,5.435138482725685
43379_left,5,4.801880795205145
41201_left,5,4.798710917002748
31924_left,5,4.687102881892142
37117_right,5,5.006855481309056
38811_left,5,4.622436088028661
27674_left,5,5.406522719920979
22906_left,5,4.701297641392683
28077_right,5,5.429043389218053
39188_left,5,5.07436387922987
21096_left,5,4.634639592586416
23403_left,5,4.603158003044123
37808_left,5,4.723080607983996
36653_right,5,4.565749307289327
37849_right,5,4.752355734631783
4909_right,5,4.929136600388606
21373_left,5,4.566906060731734
18798_left,5,5.125658893963386
8388_right,5,5.197624375224405
36125_left,5,5.458265803739216
7945_right,5,5.158212505092544
32630_right,5,5.05836406726169
38407_left,5,4.62673881751593
30869_right,5,4.849660430479281
2970_left,5,5.326509100667543
4496_right,5,5.209622241975784
24853_right,5,4.91528860382704
43379_left,5,5.140854556984794
1350_left,5,5.260488177378088
1084_right,5,5.095177673729357
35112_left,5,4.599181170185481
40323_right,5,5.025175603532916
32846_left,5,4.64730802958292
36453_right,5,5.194466335573434
27094_left,5,4.977044935505464
367_left,5,5.220621437943325
40940_left,5,4.77269163623386
40323_left,5,5.236485272965049
5105_left,5,5.256686412413246
18819_left,5,4.764354657481395
5825_left,5,5.130988140833999
1084_right,5,4.741621105962903
40893_right,5,5.446566338334716
33725_right,5,5.452710488004453
19600_left,5,5.357963136162487
33493_left,5,5.259532843463984
20146_right,5,5.127558951943316
8681_right,5,4.738245089232881
28549_right,5,4.799854308190543
27674_right,5,4.843722276921155
4252_left,5,5.1387202431907495
405_right,5,5.266739145782403
24853_left,5,5.3804554654325525
18370_left,5,4.6989056328584695
37849_right,5,4.6982471921768285
28948_right,5,4.944044651160563
2810_right,5,5.242274492762032
34152_left,5,5.351126070812727
28386_left,5,4.943883846641429
30722_right,5,4.5725825798749895
9353_left,5,4.59020693370074
6707_left,5,4.837943987755498
35461_right,5,5.137891248555371
3993_right,5,5.153812982690716
43339_right,5,5.306377635139699
4130_left,5,4.920618468002784
18567_right,5,5.368655542318989
21788_left,5,5.146021902772837
38407_left,5,4.798117518748658
25972_right,5,5.30223644414534
33725_left,5,5.3535778422731735
22520_left,5,5.153683584281264
5838_left,5,5.273904601940052
3064_right,5,4.614982107361767
22669_right,5,5.160767022578017
23831_left,5,5.084788965274873
34400_left,5,5.350472057732844
23648_right,5,4.635865330417129
8743_right,5,4.9487805445170014
6707_left,5,5.013154238073001
39741_left,5,4.56833347378139
1430_left,5,5.230509483322221
16_left,5,5.184850701069115
8087_right,5,4.952546170141315
42815_left,5,4.9625826327546365
29839_right,5,4.591843288380098
294_right,5,4.708466190430643
4374_left,5,4.6765172173084135
41339_left,5,4.755541888642873
16_left,5,5.412325498838769
5032_left,5,5.291855949772604
936_right,5,5.392240460582961
9298_right,5,4.671365508944253
35130_right,5,4.980712377122317
7992_right,5,4.8065771520965805
43199_right,5,5.465224924822903
29027_left,5,5.177387168896257
670_left,5,5.056589482930707
294_left,5,4.695723123753821
294_left,5,4.911737560116905
40673_right,5,4.68824359746829
21444_left,5,5.419338899323636
4252_left,5,5.037966170267726
24853_left,5,4.589794731132398
22520_right,5,4.551080945184745
32846_right,5,4.886735438048735
28948_left,5,5.273793696871989
8236_left,5,4.704255211029995
29703_right,5,5.4306624071479925
20432_right,5,5.043719844962728
7992_right,5,5.314523837752337
31602_left,5,5.12267856495528
20146_right,5,4.8399893880627305
6613_right,5,4.819394671363971
30722_left,5,5.365674358392173
3802_right,5,4.508533196049229
8087_left,5,5.482724258153996
294_right,5,4.617812626880658
35766_right,5,5.231689033596544
31006_left,5,5.22802435573286
43997_right,5,5.485066231128833
2496_left,5,5.109741932774806
28386_left,5,5.292426693324307
8950_left,5,4.95195467361332
35112_left,5,4.880648615051202
22160_right,5,5.225828278055586
26477_right,5,4.596831062709136
38513_left,5,4.775643863228839
30723_left,5,5.465948190541544
37962_left,5,4.589733510730093
18370_left,5,5.338979949964816
33283_left,5,5.390140714384031
670_right,5,4.977765743303572
25985_right,5,5.191521650536514
34453_right,5,4.655281053528906
33884_left,5,5.146582145908249
936_right,5,4.506708519379871
29703_left,5,5.023021124295743
33287_left,5,5.465258052764043
4252_right,5,4.881116425638872
6997_right,5,4.998815033472328
24472_right,5,4.9452665809216825
34844_left,5,4.95681934291934
1663_left,5,5.353741519518714
19748_left,5,5.230895557789758
4252_left,5,5.037913261711569
8681_left,5,4.916318995305311
39188_right,5,5.1016028411517285
5032_left,5,4.637893039863512
38186_right,5,4.725443395548667
25407_right,5,4.839075437710006
33725_left,5,4.802238217650708
29027_right,5,5.197023190214511
27674_left,5,5.417823952047503
19771_left,5,5.48216528308287
29839_left,5,4.805495791582062
367_left,5,4.865013282240426
35861_left,5,4.650627335716639
32148_left,5,5.478969780834074
43050_left,5,4.517931238125958
22669_right,5,5.276149297418448
2338_right,5,5.223397078894093
42815_left,5,4.584161279290442
21033_right,5,4.599890445354671
38811_right,5,5.112470298118745
670_left,5,5.401559457841757
29865_right,5,4.527847763621964
18059_right,5,5.351865999638516
26772_right,5,5.184183895627453
37438_left,5,5.478732916758215
42022_right,5,5.2900274263614975
20026_left,5,5.241822770615271
30723_right,5,4.717618147150586
406_right,5,4.954783684253179
32868_right,5,5.275445342220498
26997_left,5,4.681534805600444
1084_right,5,5.184137399464065
31729_left,5,4.559426527294926
37808_left,5,4.914422718603928
35668_left,5,5.381883778898054
27094_left,5,5.149586394416005
32148_left,5,4.6128947329571455
24910_left,5,5.047061975685381
3802_left,5,4.940427517315533
28549_right,5,4.805961894690282
5032_right,5,4.978534403729801
5105_left,5,4.952858290660873
2804_right,5,4.765948152945359
24772_left,5,5.162479579055514
28257_right,5,4.594248987174223
43050_left,5,4.509169847994824
23648_right,5,5.298587659399956
37951_right,5,5.28709263104524
39505_left,5,4.843056602076951
16_left,5,4.6456185674973085
9157_right,5,5.012802442973444
35199_right,5,4.790748210693593
23692_right,5,5.120460039685623
35412_left,5,4.890159334548805
37958_left,5,4.542149656041553
5258_left,5,4.772903276299634
21511_right,5,4.652011016607784
40405_right,5,5.044389302338637
7279_left,5,4.922400334273532
41174_left,5,5.1598406307006535
41430_left,5,5.127428317550637
44100_left,5,5.40732533723622
32630_right,5,4.58881822495324
19471_right,5,4.944852408110059
27727_left,5,5.391657059642222
32868_right,5,4.813580897738566
25378_right,5,4.908389803516799
37808_left,5,4.664611967212222
2916_left,5,4.60780619173608
43997_right,5,4.882753985193268
19588_right,5,5.358721220697831
19604_right,5,4.552307437364464
24472_left,5,4.555646066457615
21788_left,5,5.423309693372474
42022_right,5,4.824425520655504
20144_right,5,5.3498243586030245
28976_right,5,4.729995426481939
43050_right,5,5.098880336131158
24472_left,5,5.3617770856858895
41339_right,5,4.860698827773795
31442_right,5,5.416826327017529
38518_left,5,5.296153372572535
24853_left,5,5.45587674894385
39747_right,5,4.567426506981464
42358_left,5,5.4643751907693705
35461_right,5,4.612237891875301
23648_right,5,5.013908182701921
21096_right,5,5.191180310421577
5032_left,5,4.706149872940138
6613_left,5,4.815886187649689
6017_right,5,4.573139608127356
2810_left,5,5.059365302209903
42815_left,5,4.86548934736154
18059_right,5,4.826536868699444
41445_right,5,4.8729232986923625
31729_left,5,5.2417659828211605
31590_left,5,5.297904396025117
2970_right,5,5.405900864665564
18143_right,5,4.970522961769087
1099_right,5,5.187096587717852
35668_right,5,5.412486574561639
33287_left,5,5.00432630970181
30549_left,5,4.637460041613394
31659_right,5,4.556943959320253
217_left,5,5.445855177937335
28257_right,5,5.055556945445998
20752_left,5,4.963452557775299
31602_right,5,5.113112860307937
39164_right,5,5.378650743142436
23648_right,5,5.150900029664434
24010_left,5,4.8947027572145165
36640_right,5,5.2143302391520425
2016_left,5,4.528489898920126
9353_right,5,5.490498340019703
32149_right,5,5.179229897032439
24772_left,5,5.03179113157841
23648_right,5,4.526011307973923
34453_right,5,5.316063959400175
21788_left,5,5.296239199401626
18030_left,5,4.902323554664553
9156_right,5,5.238839319194592
19771_right,5,4.903326561502268
8950_left,5,5.263564964928421
28929_left,5,5.146055076242925
29865_right,5,4.623365068498208
2916_right,5,5.259872229179841
38064_left,5,4.58715688087676
34708_left,5,5.077414725358287
33725_right,5,5.13118817476792
37951_left,5,4.558118381817009
41584_right,5,4.971982723410221
43998_left,5,5.260216689509355
23326_right,5,4.855141495223194
24910_right,5,5.39859551341713
35199_right,5,4.576735662310636
24910_right,5,5.171785549953563
25985_right,5,5.443923033767238
3371_right,5,4.939048249525064
41430_right,5,5.315376545722666
3501_left,5,5.119339162196222
1138_left,5,4.939368070471183
4130_left,5,4.786425538223948
5032_right,5,5.031666368848405
19748_left,5,5.172822948661875
37783_left,5,4.732702314902005
6017_right,5,4.522957984150072
31590_right,5,4.554174707188344
36453_left,5,4.6013655321316005
34708_left,5,5.20754971101247
24910_left,5,4.895711835136353
39505_left,5,5.461227494523464
5304_right,5,4.575748425703787
29703_left,5,4.641116126196372
1084_left,5,5.1524690794358285
1084_right,5,5.09969448580115
24010_right,5,4.663485771880782
27597_left,5,4.593730538489154
28549_left,5,5.406599637568063
27251_right,5,5.239190838751563
38407_left,5,4.532134220218277
18030_right,5,5.340309538763559
32149_left,5,4.930733203145823
5304_right,5,5.417769405985557
8743_right,5,5.263205551237932
39741_left,5,5.20751002195454
36653_left,5,4.690080030648642
19347_left,5,4.909547157902746
35199_right,5,4.90510462229391
9518_left,5,4.7807272836367805
27094_left,5,4.988616854465256
19748_left,5,4.54585721496845
22669_left,5,4.580568456985041
1663_left,5,4.758123335082473
29839_right,5,4.809879751300174
33753_left,5,4.89200851275135
28072_left,5,5.246017533611275
28743_left,5,4.851086880302499
35804_left,5,5.129121849979136
23831_right,5,5.399996318675734
33493_left,5,5.321267084196911
27081_right,5,5.340354470480171
35766_right,5,5.2364012792546655
44247_left,5,4.546946360593686
18567_right,5,5.4414520541256834
19586_left,5,4.719782565992684
33003_left,5,4.588199089578346
22906_right,5,5.207657269376564
22665_left,5,5.145819566805317
936_right,5,5.027848914931935
19961_left,5,5.480305648403186
4086_right,5,4.70946394779634
23831_right,5,4.916244950184774
24010_right,5,4.50026326746591
43199_right,5,5.139133283679094
37783_left,5,5.3103313924048186
5105_right,5,5.173149370301927
37332_left,5,5.049292568988643
5304_right,5,4.861619897824748
27081_right,5,4.789722581152874
29839_right,5,5.224953219374305
22669_left,5,5.4174975447334335
986_left,5,4.868262476898962
24772_left,5,5.169248340483123
41387_right,5,4.551404935098494
405_right,5,4.550954221178104
20855_right,5,4.7138020827576055
40183_left,5,4.776070576774245
8292_left,5,5.435572901439457
4688_right,5,5.003729056337435
9311_right,5,5.34706924059045
3611_right,5,5.370030921817892
33906_left,5,4.966699467582721
43141_right,5,5.173181684608753
22669_left,5,5.101446724381681
21190_right,5,5.283621777190018
27376_right,5,4.907274795288789
40819_right,5,4.5938186118427335
19110_left,5,4.685689038629619
22906_right,5,5.465460694541846
33270_left,5,5.449852565822159
16_left,5,4.842361002424829
16_right,5,4.542693215888296
217_left,5,5.056759852522753
217_right,5,4.665355352642664
294_left,5,4.716650947857652
294_right,5,5.2235418674403045
326_left,5,5.284143459505213
326_right,5,5.472845391583656
367_left,5,4.765222079830589
367_right,5,4.809086998131923
405_left,5,5.233947975378996
405_right,5,5.1580473579380826
406_left,5,4.620994735061461
406_right,5,5.198608061791296
439_right,5,5.031232065307705
458_right,5,4.878697226557716
670_left,5,5.3442972549875805
670_right,5,5.143332765359267
936_left,5,5.420424478269798
936_right,5,5.3208250028218025
986_left,5,4.954849480686389
1084_left,5,5.459380032542962
1084_right,5,4.502649622284526
1099_right,5,5.061844173585158
1138_left,5,5.321174475521619
1138_right,5,5.098586971931598
1350_left,5,5.310232977450707
1430_left,5,5.394441800475037
1430_right,5,5.217842865606199
1663_left,5,4.58439821607916
1663_right,5,5.419863430271257
1941_left,5,5.324857232085264
2016_left,5,5.329594890447084
2031_right,5,5.321509817151127
2338_left,5,5.3428740450035965
2338_right,5,4.591658653865657
2496_left,5,5.016573983846249
2804_left,5,5.175655793164753
2804_right,5,4.619983898807978
2810_left,5,5.102848130154064
2810_right,5,4.897840345035907
2880_right,5,5.040540074967603
2916_left,5,5.125708198773614
2916_right,5,5.148845555240924
2970_left,5,5.2625821135578
2970_right,5,4.976103211665007
3064_left,5,5.210452069048365
3064_right,5,5.457014895327831
3088_left,5,4.844624738950975
3371_left,5,5.242313168967239
3371_right,5,5.010624554001109
3412_left,5,4.72555628638629
3412_right,5,5.388797066368105
3418_left,5,4.669241226861909
3501_left,5,4.794973520606853
3563_left,5,4.807839144402172
3563_right,5,5.405718781635033
3611_right,5,5.206902401385835
3802_left,5,5.357715756280593
3802_right,5,4.955677624116718
3993_left,5,5.274656168775534
3993_right,5,5.294781940103203
4005_left,5,4.516033497623143
4005_right,5,4.554915542169117
4086_left,5,5.040841283368387
4086_right,5,4.557290724076258
4130_left,5,4.742909113713101
4130_right,5,5.1483242164569125
4155_right,5,4.778050069748303
4252_left,5,4.918010060670253
4252_right,5,5.16567825151777
4374_left,5,5.38429943780709
4496_left,5,4.769388351429297
4496_right,5,4.5669378101201215
4531_left,5,5.32240093948294
4688_right,5,4.527690246388186
4793_left,5,4.843579697126729
4909_left,5,4.559561655207069
4909_right,5,4.509270396640503
5032_left,5,4.550201317476281
5032_right,5,4.909211990407828
5105_left,5,5.19303050660729
5105_right,5,5.426305870745527
5258_left,5,4.664581786997847
5258_right,5,4.523742732748349
5304_right,5,4.932928861506946
5825_left,5,5.024203752221393
5825_right,5,4.553367377318891
5838_left,5,5.409074664848449
6017_left,5,5.293154990309829
6017_right,5,4.960049304964908
6096_left,5,4.792702607512324
6096_right,5,4.546982993819282
6613_left,5,5.34941406634537
6613_right,5,4.7988964179619815
6707_left,5,4.647705907788859
6707_right,5,5.196368138910401
6719_left,5,5.350651632224956
6719_right,5,4.727024347390529
6997_right,5,5.3868473298721575
7164_left,5,4.645361031681206
7164_right,5,5.06469425645023
7279_left,5,5.036261260898118
7398_left,5,4.530534341859538
7531_right,5,5.428206417591229
7821_right,5,4.575222322624633
7853_left,5,5.053420754497958
7853_right,5,5.15884516472285
7945_left,5,5.16439093732834
7945_right,5,4.820511272033032
7992_left,5,4.699039965351427
7992_right,5,4.671331554843583
8087_left,5,4.546760189302212
8087_right,5,4.680095012780951
8090_left,5,4.887507850408467
8236_left,5,4.513190630255837
8236_right,5,5.2501189357291445
8292_left,5,5.067844528167115
8292_right,5,4.890168462611608
8388_right,5,4.810661431143304
8462_left,5,4.660414101177457
8462_right,5,4.904332895504555
8681_left,5,4.911674554469203
8681_right,5,5.371739923176326
8743_left,5,5.319783062753984
8743_right,5,5.383577539470405
8950_left,5,5.243208856274153
9156_left,5,4.559361787618951
9156_right,5,5.279304921841422
9157_left,5,5.385005405423286
9157_right,5,4.526831363455365
9216_left,5,4.995191431134639
9298_left,5,4.54119297112649
9298_right,5,4.940922521335928
9311_left,5,5.207154774848224
9311_right,5,4.603022025185522
9353_left,5,5.2754285035967134
9353_right,5,4.595348055755581
9419_left,5,4.722526414878116
9419_right,5,5.303992922813535
9518_left,5,5.254302860198526
9518_right,5,4.7958185497246975
9598_left,5,4.7798930701032925
9598_right,5,5.291230932472493
9608_left,5,4.776001940223426
9608_right,5,5.379110517607432
9680_left,5,4.572016505736581
9682_left,5,4.607217428381878
9682_right,5,5.4567619746558
9783_right,5,5.316350238315495
9863_left,5,5.470161518984523
9863_right,5,4.918485459634528
9942_left,5,5.215512885379249
10017_left,5,5.19358907084803
10017_right,5,4.523330068007422
10047_right,5,5.316925359598032
10193_right,5,5.41474048254197
10312_left,5,5.155777775874205
10321_left,5,5.187804343405549
10570_left,5,5.351107549009175
10570_right,5,4.755399444001647
10653_left,5,4.836994400016364
10653_right,5,5.042599206121005
10785_left,5,4.763913964631842
10785_right,5,5.44030146896889
10904_left,5,4.757637339456693
10904_right,5,4.868758050547712
10954_left,5,4.538903333529914
10954_right,5,4.611665922582944
11032_left,5,5.082978529217129
11032_right,5,4.882465259239496
11417_right,5,5.379634126513932
11492_left,5,4.962093803915174
11492_right,5,5.268152750741836
11730_right,5,4.812184547330236
11807_left,5,4.911973601526739
11854_left,5,4.694377678011779
11854_right,5,4.8572714666612535
11874_left,5,5.178024627742017
11874_right,5,4.6900405993984
11896_left,5,4.604704278741969
11896_right,5,4.723839709666808
12014_right,5,5.34183462848317
12108_left,5,4.511310657154541
12108_right,5,5.43765250869282
12419_left,5,4.668884358925413
12419_right,5,5.203763304712403
12652_left,5,5.311209318470713
12861_left,5,4.89926460172841
12861_right,5,4.78553891007228
12995_left,5,4.9874488695464105
13022_right,5,5.055754952320953
13038_right,5,5.490510028545529
13066_right,5,5.167035880833331
13222_left,5,4.991776669126358
13308_right,5,4.568050421363382
13387_left,5,4.804675480046325
13387_right,5,4.81979081175705
13395_right,5,4.979157066617336
13588_right,5,4.955161948607181
13651_right,5,5.104006109254334
13664_left,5,5.008956319676563
13664_right,5,4.844690047086536
13669_left,5,4.577834160156001
13669_right,5,5.075492088564567
13705_left,5,4.583269504431776
13811_left,5,4.791676612174513
13811_right,5,5.269411488619747
13819_left,5,5.289028503553474
13819_right,5,5.070483765115596
13938_left,5,4.740254325945195
13966_left,5,5.16886218722838
13999_left,5,4.615671033738781
13999_right,5,5.183760802390654
14021_right,5,5.407159989908415
14025_right,5,4.683143949892775
14084_left,5,5.243439837135374
14084_right,5,5.175853791585436
14340_left,5,4.552313422176142
14436_right,5,4.7616138498232505
14495_right,5,5.470129884916149
14765_right,5,4.535203285672636
14844_left,5,4.801985746085912
14844_right,5,5.424474721474014
14849_left,5,5.420314826053288
14849_right,5,5.368262726195937
14976_left,5,4.923404608253136
14976_right,5,4.707876239508968
15038_left,5,5.333684453531343
15038_right,5,5.080327362286672
15114_left,5,5.114380975342499
15149_left,5,4.82025755133016
15149_right,5,4.708948075709203
15343_left,5,4.936077691349666
15343_right,5,5.306489438009601
15376_left,5,4.978144183532814
15388_left,5,4.881199949799574
15414_left,5,5.410821380350059
15414_right,5,4.749243206457126
15459_left,5,5.271947716293708
15459_right,5,5.135471476839351
15590_left,5,4.57075981042983
15590_right,5,5.496531823601667
15870_right,5,4.621442543328645
15941_left,5,4.583665269408547
15975_left,5,4.949270412286936
15975_right,5,4.62841017159128
16007_right,5,4.965642460364023
16046_right,5,4.593896697361265
16114_left,5,5.481480763607147
16114_right,5,5.311118971368628
16309_left,5,5.445986380008769
16309_right,5,4.85079883108962
16392_left,5,5.044929853704174
16392_right,5,4.522291374615684
16413_left,5,4.689311604058081
16413_right,5,4.678359468562964
16565_left,5,4.887406788537824
16565_right,5,4.841978452243517
16581_right,5,5.30265327246652
16802_left,5,5.122419895270227
16802_right,5,5.265969868741423
16920_left,5,4.949283738817876
17114_right,5,4.868792736173174
17135_left,5,5.033881704875164
17135_right,5,4.762289728633858
17221_left,5,4.856230183122639
17221_right,5,4.688769964969167
17411_right,5,4.515378462507184
17426_left,5,4.932764507937557
17426_right,5,4.96346050008588
17453_left,5,4.908512141557506
17453_right,5,5.492670913427654
17489_left,5,4.6321201657200985
17489_right,5,5.050775372212403
17669_right,5,5.020635449882977
17749_left,5,5.037105509049233
17899_right,5,5.183199262909363
17925_left,5,4.826032172928476
17940_left,5,4.854190299405021
17940_right,5,4.59485755039869
18017_left,5,5.150790148809846
27597_left,5,5.392360190583391
27597_right,5,4.711369006139607
27674_left,5,5.114763320369321
27674_right,5,5.271143114092568
27727_left,5,4.786053646752077
28072_left,5,4.510159383215928
28077_left,5,4.721344156075014
28077_right,5,4.928764622626881
28257_right,5,5.261521924287025
28386_left,5,5.121689989043807
28386_right,5,5.368519777474891
28434_left,5,5.19887642032141
28434_right,5,5.090438572392897
28435_left,5,5.012982962135328
28435_right,5,4.722535853470138
28524_right,5,4.951968909234775
28549_left,5,4.698586815322683
28549_right,5,5.322512825511466
28675_left,5,4.698007971590373
28743_left,5,5.3207386395699245
28929_left,5,4.581939328874702
28929_right,5,5.146882891359991
28948_left,5,4.709666659730697
28948_right,5,4.961088613092432
28976_right,5,4.780826565530848
29027_left,5,5.489925401738401
29027_right,5,4.9382662269427
29058_right,5,5.035110708637911
29599_left,5,5.305025769588803
29703_left,5,5.117138041168706
29703_right,5,5.335709417471088
29839_left,5,4.566722314861346
29839_right,5,4.963471928087334
29865_left,5,5.179625837279639
29865_right,5,5.378603067001118
29960_left,5,4.659830355620736
30039_left,5,5.324071637263426
30039_right,5,4.650561594435497
30046_left,5,4.66029995782722
30046_right,5,4.653027488726758
30255_left,5,4.943722288020675
30255_right,5,4.823129488607809
30297_left,5,4.967176108958519
30297_right,5,4.79881857564485
30303_right,5,4.544655607953543
30549_left,5,4.593109375216025
30549_right,5,4.964047052485666
30570_left,5,5.496591822915268
30675_left,5,5.339410504911612
30675_right,5,4.722071770664591
30722_left,5,5.207454666641015
30722_right,5,4.75875715630195
30723_left,5,5.411817896859172
30723_right,5,5.054831854500028
30725_right,5,5.294877027168036
30747_right,5,4.600072845989676
30869_left,5,4.626705505375372
30869_right,5,4.500787095849988
31006_left,5,5.426034718356831
31006_right,5,5.398610757864175
31043_left,5,5.349617617298562
31043_right,5,5.314298175568799
31442_right,5,4.735660518296206
31461_right,5,5.11305123185321
31590_left,5,5.295733076028602
31590_right,5,5.0239736178746295
31602_left,5,4.882426391127029
31602_right,5,4.786408011324413
31659_left,5,4.5535235652392885
31659_right,5,5.385706391477701
31729_left,5,4.947325753573474
31729_right,5,4.804773838631712
31746_left,5,5.176475829934178
31924_left,5,4.6566252442543385
31984_left,5,4.5746415884237
32148_left,5,5.276625900998734
32148_right,5,4.9133326196089495
32149_left,5,5.414906076592118
32149_right,5,4.749292315234007
32230_right,5,4.619243488754865
32630_left,5,5.032445490249336
32630_right,5,5.117627722571262
32846_left,5,4.5123708609272
32846_right,5,4.861375350183183
32851_right,5,5.317432679695004
32868_left,5,5.051167848135349
32868_right,5,5.16958155030431
33003_left,5,4.597926981055432
33080_left,5,5.198281726386485
33080_right,5,4.5696828342659295
33236_left,5,5.002899152693417
33236_right,5,5.10055054718913
33270_left,5,4.7124575686587145
33283_left,5,4.675059367848266
33283_right,5,5.054896155780279
33287_left,5,4.801687563839966
33358_right,5,5.450375044433471
33493_left,5,5.230160313994277
33493_right,5,5.27996509103844
33580_left,5,5.128470987152308
33621_left,5,5.231935140768406
33621_right,5,4.73905766173351
33725_left,5,4.67789085560619
33725_right,5,4.857449649639529
33753_left,5,5.300287652493462
33812_right,5,5.185270093283916
33884_left,5,5.3395553900437065
33884_right,5,5.3748036912473065
33906_left,5,5.474614318801462
33906_right,5,4.876541106289839
34152_left,5,4.8610904150672365
34152_right,5,5.150008901202881
34400_left,5,4.985699943336749
34400_right,5,4.883231738224501
34453_left,5,5.233961337044818
34453_right,5,4.618192757486543
34708_left,5,4.986781887273357
34708_right,5,4.546020962643716
34844_left,5,4.90206415712907
34844_right,5,5.212485799639977
34901_left,5,5.374526795613168
34901_right,5,5.2937687083646745
34995_left,5,4.598067689476152
34995_right,5,5.156744424274805
35112_left,5,5.161457750020591
35112_right,5,5.299835667772693
35130_left,5,5.349011044415853
35130_right,5,4.982590893741866
35199_right,5,5.130454694358091
35323_right,5,4.865370936482094
35412_left,5,4.559163354710497
35461_left,5,4.801336821868969
35461_right,5,5.000750272747899
35668_left,5,5.490875642270403
35668_right,5,5.237441403259873
35704_left,5,5.199349541361158
35704_right,5,5.456303388663344
35766_left,5,4.871029568863604
35766_right,5,4.647208926403294
35804_left,5,4.710726720817213
35804_right,5,4.915195963229079
35861_left,5,4.712944711731376
35861_right,5,4.797590066941088
35955_left,5,5.01473808605429
35955_right,5,4.852108111467646
36027_right,5,4.518483658227675
36074_left,5,5.418140200399296
36125_left,5,4.97822466269609
36166_right,5,4.52686635926679
36258_left,5,4.682274917696787
36258_right,5,4.66521394836179
36300_right,5,4.703235813285534
36453_left,5,5.17577822108325
36453_right,5,5.409820531938988
36531_left,5,5.359140100513738
36640_left,5,4.945576073050864
36640_right,5,4.723400996386037
36653_left,5,5.24352578456104
36653_right,5,5.3241821073506514
36722_right,5,5.194388633433364
36832_right,5,5.178583435565215
37008_left,5,4.67647168095424
37008_right,5,4.856899095324761
37117_left,5,4.766932513706578
37117_right,5,4.994333134044709
37232_left,5,5.157365271837406
37332_left,5,5.324850378492193
37332_right,5,4.899053453216896
37438_left,5,4.769685469960704
37708_left,5,4.571231878174007
37708_right,5,5.117690813955214
37783_left,5,5.178083378716847
37783_right,5,5.030527492416874
37808_left,5,4.941555217373319
37808_right,5,5.464397947433423
37813_left,5,4.8648933845146365
37813_right,5,4.583227864514238
37829_left,5,4.895026986771943
37834_left,5,4.923624662110472
37834_right,5,5.046858920312434
37849_left,5,5.283225168224947
37849_right,5,5.203560112319434
37951_left,5,5.070283708689831
37951_right,5,5.413081317113373
37958_left,5,4.584388118298746
37962_left,5,5.009538244132772
38064_left,5,5.152762610730857
38064_right,5,5.2056285656071495
38186_left,5,4.536512472227016
38186_right,5,4.9912919348776565
38325_left,5,5.249376358052594
38325_right,5,4.85487294290765
38345_left,5,5.191905282217468
38407_left,5,4.913006820768798
38407_right,5,4.902101428716394
38513_left,5,4.503164382499543
38513_right,5,4.532573369838772
38518_left,5,4.848954244605774
38518_right,5,4.511723648390464
38595_right,5,4.789524091567738
38653_left,5,4.804012699579312
38662_left,5,4.745540620311507
38811_left,5,5.156949283746831
38811_right,5,5.13225207172338
38856_left,5,5.0239547095442365
38856_right,5,4.895983061075202
39081_right,5,5.226606853975181
39134_right,5,4.5081462335057125
39164_left,5,4.66513628942166
39164_right,5,4.616885419247544
39188_left,5,5.065402365456472
39188_right,5,5.495369770099619
39353_right,5,5.335937648049452
39505_left,5,5.4465502744558085
39505_right,5,4.668211429418109
39741_left,5,4.787782170478385
39741_right,5,4.974200836662868
39747_left,5,5.444481814700671
39747_right,5,5.137400856336626
39772_right,5,4.575730654540751
40078_left,5,4.500842978828323
40178_left,5,4.690527510319253
40178_right,5,5.193517758977489
40183_left,5,5.489664520654275
40183_right,5,4.929038988741571
40319_right,5,4.6858165067373925
40323_left,5,5.24454536138138
40323_right,5,4.5849887198770265
40405_right,5,4.889120211260527
40673_left,5,4.541170021482867
40673_right,5,5.2676705486932764
40819_left,5,4.8293474846581095
40819_right,5,5.077154137375702
40893_left,5,4.804834983657678
40893_right,5,4.575160730813703
40917_left,5,4.816347256561029
40940_left,5,5.482830221346691
41174_left,5,4.863962218322866
41174_right,5,5.190366880836535
41201_left,5,5.3806064060599965
41201_right,5,4.622439705377369
41339_left,5,5.124676823461527
41339_right,5,4.954386666655069
41387_left,5,5.2682024936821
41387_right,5,4.7768999465113104
41430_left,5,5.425580882418292
41430_right,5,5.450702589194483
41445_left,5,5.349802466764585
41445_right,5,5.361796352299608
41584_left,5,4.712333504986912
41584_right,5,5.001971754760927
41746_left,5,4.639547563263967
41746_right,5,4.6882839814175465
41761_left,5,4.708420662642382
41761_right,5,5.053827203839385
41852_right,5,4.735758856408408
42022_right,5,5.251291759355805
42316_left,5,5.030377361341872
42358_left,5,4.853279236807143
42442_right,5,5.376323510797005
42484_left,5,5.406966771300645
42484_right,5,5.162204937836361
42815_left,5,5.154833596055824
42815_right,5,4.556272678619884
43008_left,5,5.051235688651831
43050_left,5,4.710625206844219
43050_right,5,5.28337808148416
43141_left,5,4.796211795362353
43141_right,5,4.884335930916988
43199_left,5,5.258001305927694
43199_right,5,4.8344930418687415
43339_left,5,4.655498623004511
43339_right,5,4.867184689746162
43379_left,5,4.650402977483925
43379_right,5,4.586134076078505
43839_right,5,5.263485348899312
43997_left,5,4.849411730383848
43997_right,5,4.988150844872758
43998_left,5,4.676618389086546
44100_left,5,5.26564555876582
44247_left,5,4.764119967483015
44247_right,5,4.81453415439736
44249_left,5,5.024537475992784
44249_right,5,4.684566265220671
367_right,5,5.025746928813437
31602_left,5,5.265642442352748
5838_left,5,5.089389410093463
12419_right,5,5.000656116786423
42815_left,5,5.016104612360529
10904_right,5,4.971911665907025
28976_right,5,4.678000777002097
16565_right,5,5.081306482038354
35668_right,5,5.117898757020957
28929_left,5,5.214558976064384
7945_right,5,5.44432476895718
5838_left,5,4.856412808252734
39741_right,5,4.837279005450935
3611_right,5,5.124683027495507
39505_left,5,5.378846908939198
38325_right,5,4.559160689219665
6997_right,5,4.898080543350298
42484_left,5,4.52040748314771
13038_right,5,4.784179033047755
37813_right,5,4.65171193807782
9157_left,5,5.268605342589385
35461_right,5,5.379947162568078
39505_right,5,5.207360808837303
10193_right,5,4.772841592303294
30297_left,5,5.114726146699673
14084_left,5,4.533611527498853
13669_right,5,4.94232816734669
28549_left,5,4.500159301092725
5825_right,5,5.342250809372453
12861_left,5,5.3119382611365165
1084_left,5,5.1812269492837455
34901_right,5,5.156006677185356
14084_left,5,5.256104182952249
43141_right,5,4.652148203236959
40323_left,5,5.165301402338621
3563_left,5,4.975617288880386
4374_left,5,4.955715696255229
37813_right,5,4.71310264484448
32868_right,5,4.595753680209392
406_right,5,5.170460965247719
43199_right,5,4.537490175942203
16114_right,5,4.866522325761218
2810_right,5,5.483852028375475
2916_right,5,4.506808129305667
5032_right,5,5.442868176315767
13669_right,5,5.088308386911526
28072_left,5,5.482591776765797
30039_right,5,4.758241079629971
37951_left,5,5.025638398228689
4155_right,5,5.137512031141932
38513_right,5,5.325148675728999
41746_right,5,5.019582786411727
4130_right,5,5.076215379262472
43050_right,5,5.232100831015631
33906_right,5,4.630511656876011
36640_right,5,5.487282052428035
1138_left,5,5.336047128064058
8090_left,5,5.480980757433389
33283_right,5,5.430890071892725
41174_right,5,5.028105820153924
9942_left,5,5.355033961426609
31984_left,5,5.23864354946385
34844_left,5,4.743034059206883
30723_left,5,5.355793243750908
9353_left,5,4.672621524238351
37783_right,5,4.544056366634048
28077_left,5,5.40260090459862
5258_left,5,4.638122716680568
6707_left,5,5.406826820203165
30723_right,5,4.829103636254121
8236_left,5,5.106566130089351
13966_left,5,4.8333148606313605
9682_left,5,4.870367721287762
3802_right,5,4.7353312509886
33236_right,5,4.599711944410691
1138_right,5,5.385549969619213
39772_right,5,4.708649944620958
4688_right,5,4.962886273211879
41746_right,5,4.787699867628048
41430_right,5,5.348413985963183
30722_right,5,5.048722433046337
39164_right,5,5.174553490907973
36027_right,5,4.701418336511298
28948_left,5,5.277482528586589
33270_left,5,4.631436611768611
3412_right,5,4.513626674037023
43339_left,5,5.215001932720019
40819_left,5,5.390095838906107
41339_right,5,5.090273476408864
35804_right,5,4.627478815859716
4688_right,5,4.656832336477898
9311_left,5,4.935533604940849
36640_left,5,5.041558606521349
11854_right,5,4.875959071577404
11492_left,5,5.460741022496259
32630_right,5,4.78101238956354
41584_right,5,4.762825859973408
35861_right,5,5.333912988614079
43050_right,5,5.112222409498109
28434_right,5,4.543154394939544
40183_left,5,4.967370537812421
17940_left,5,5.447760817900724
16581_right,5,4.788773230739732
36653_left,5,5.1079304044119525
10193_right,5,5.341655543981551
15870_right,5,4.583997212016034
9863_left,5,4.7579594228403925
40940_left,5,4.539332721728536
1099_right,5,4.630360070969175
36166_right,5,4.684037604839088
10653_right,5,5.1133411668529565
41174_right,5,5.041477844645417
6017_right,5,4.503658755009915
294_right,5,5.032921015741173
30675_left,5,4.820617334532456
7992_right,5,5.247244416670287
37438_left,5,4.576843956105198
4909_right,5,4.708503332487536
28549_right,5,5.205328824623365
17940_left,5,4.959806292234187
15590_right,5,5.003543969930635
12108_right,5,4.906209182346315
9353_left,5,5.36636641886583
28948_left,5,4.505228779922152
16046_right,5,5.301061753422519
28072_left,5,5.470172766646193
11896_left,5,5.3966543720481015
7164_right,5,5.203647341592467
16007_right,5,5.448697023054013
17669_right,5,4.773311665767752
13999_right,5,5.472209984501075
37783_right,5,4.609161030094923
30723_right,5,4.720869400993545
8743_right,5,5.174773166164354
15414_left,5,4.938665060227549
33283_right,5,5.159801316681581
31590_right,5,4.6460315591156895
6613_left,5,4.803808698828248
15343_left,5,4.876340049519442
11807_left,5,4.886693869337561
4086_left,5,4.503261380391473
34152_left,5,4.662705238149892
986_left,5,4.500159807040379
27597_right,5,4.930647207176991
43379_right,5,4.795851017141798
4496_left,5,5.249248122156637
13387_right,5,4.938427372568249
3371_left,5,4.568324821486982
4374_left,5,5.097368234730379
8681_right,5,4.923994025024384
7531_right,5,5.123946461496099
34844_left,5,4.80419319172642
10954_right,5,4.6342894329882345
37834_left,5,5.206141775527119
27674_left,5,4.928075287922988
30570_left,5,5.472181850636027
36027_right,5,5.1130622014273
1138_right,5,5.193742224207683
9353_right,5,5.174457086302068
14084_right,5,4.917247864214167
13066_right,5,5.087145142098641
15414_right,5,5.167437569205842
6613_left,5,4.935514428501092
13811_left,5,4.529476807155928
12861_left,5,4.927305090272523
3412_right,5,5.394421075919954
28929_right,5,5.223487512950461
9608_left,5,4.529040023865847
37438_left,5,4.561831925720641
39353_right,5,4.540166178295024
33753_left,5,5.307386025723914
2970_right,5,5.022496588480438
17114_right,5,5.471990528631668
3802_right,5,5.082870460071492
7821_right,5,4.69293848694485
32149_right,5,4.959234411635697
11874_left,5,5.196482027472237
15376_left,5,5.0099231786474006
39188_left,5,4.553148709680272
43339_left,5,4.912790857013279
33621_right,5,5.053866816508761
38662_left,5,4.874277749055755
6017_left,5,4.814344407206572
30297_right,5,5.465915526032001
13395_right,5,5.080510606159485
326_right,5,4.923919797595398
44247_right,5,5.493034467980755
30869_left,5,4.756878619377618
41339_left,5,4.896832515311363
6707_left,5,4.896966424751437
41201_right,5,5.303169331509594
15343_right,5,4.843556543703573
43141_right,5,4.54830471873941
15414_left,5,4.626803210492163
29865_right,5,5.007476546579068
29865_left,5,5.181652995297177
32149_left,5,5.2839851507632885
13966_left,5,4.955786612116925
16565_right,5,5.473947180347881
39164_left,5,4.6456555786920575
15149_left,5,5.26326779357704
8743_left,5,4.8420695649047225
1663_right,5,4.612167898890548
31442_right,5,4.584603115499863
3802_left,5,4.8720216625725286
405_left,5,4.530599535467602
13395_right,5,5.312200927270975
43379_right,5,4.642372491101679
29703_right,5,4.868122239940846
8681_right,5,5.064649167395874
14849_right,5,5.052958916268515
44247_right,5,4.994187329298874
28549_left,5,4.519842706820103
16920_left,5,4.687832944065522
15414_left,5,4.660095823815035
32149_left,5,5.008354173154735
16565_left,5,4.503655858620132
15590_left,5,4.567116574302398
33884_left,5,5.025713915107748
14849_right,5,5.256641149032643
4086_right,5,4.52712599921776
3088_left,5,4.997621793728594
34995_right,5,5.379635352032498
36300_right,5,4.687315048185057
17114_right,5,5.035653802642345
2804_right,5,4.509324075167077
15114_left,5,5.379008995732619
37951_left,5,5.151990904006267
9311_left,5,4.946016206214945
41761_left,5,4.737681826987124
44247_right,5,5.080631638394968
41387_right,5,4.578820800101925
40183_right,5,5.370888860780047
6719_right,5,5.223597276788465
3371_right,5,5.438270485264454
5838_left,5,4.991221104605276
12014_right,5,4.756943873056563
9311_right,5,4.849467718389934
14976_left,5,5.4152428266912125
33080_right,5,5.193702547534901
6613_right,5,4.563347013119342
34995_right,5,4.882592964929976
43141_left,5,5.178451084717056
44249_right,5,4.972707495954758
36653_left,5,5.458859262296371
37813_left,5,5.403673023444886
32630_left,5,4.67594920407415
27727_left,5,4.587405403108967
39188_left,5,4.814829053107776
36166_right,5,5.286425106990717
37708_right,5,5.292299154088345
38595_right,5,5.02216914617672
36027_right,5,4.598144693163301
2804_right,5,4.604700782886566
18017_left,5,4.862711868277626
43141_left,5,5.429902792268927
5105_left,5,5.051482809804376
9298_left,5,5.330497392106582
9157_right,5,5.067051699568556
12419_left,5,5.228139089877447
14084_left,5,5.1502240051558426
14844_left,5,5.302253893413033
1138_left,5,4.531765482276092
30570_left,5,4.50259052985991
40178_right,5,5.485930901951672
40183_right,5,5.030670150872129
6707_right,5,5.454240222743583
30722_left,5,4.747735640801128
8950_left,5,5.030894525230898
14976_right,5,4.545711393619552
16114_left,5,5.18908354392367
34400_left,5,4.869773094927435
6707_right,5,5.334257377548431
33283_right,5,5.290580215737157
15149_right,5,5.154564175986774
35199_right,5,4.938224250782705
36453_left,5,4.7008217827262655
11854_right,5,4.586048589281831
11032_right,5,4.899649189504499
17453_right,5,5.336752891673588
30255_left,5,5.400850313679138
13819_left,5,5.344827803739693
16392_left,5,4.645772215197705
33283_left,5,4.776012065367418
9518_left,5,5.416984196594605
2338_left,5,4.600963794226463
16413_right,5,4.797915998963978
14340_left,5,4.735485872694865
1350_left,5,5.26594533811449
10653_right,5,5.095393806988697
15149_right,5,5.412635141880007
35955_right,5,5.133008842407868
13588_right,5,4.558518236533509
10312_left,5,4.893290705998326
3371_right,5,4.704767616087905
41761_left,5,4.811475711192298
3412_right,5,5.0107074798288345
28434_right,5,4.913706869512724
6017_right,5,5.3326855863402125
36074_left,5,5.222069844867812
4374_left,5,4.78673682841028
29839_right,5,5.210789677321192
37438_left,5,4.754486732824803
3418_left,5,5.148013641574828
10047_right,5,5.389265178875696
33906_left,5,5.271230955324028
8950_left,5,5.329947795030684
17489_left,5,5.397569396850303
13387_left,5,5.023408176010776
37008_right,5,4.84643337264051
39772_right,5,5.383074500753437
40940_left,5,5.332259234721273
2916_right,5,5.069993756258254
9298_left,5,5.461572203674252
13651_right,5,4.941978236465275
34844_right,5,5.494281258320693
16581_right,5,5.230555826381046
6997_right,5,4.5868553886971934
41339_left,5,4.970767747794032
13966_left,5,5.444928760764517
13651_right,5,5.43815297287782
35955_right,5,5.339050697993482
9157_left,5,5.234101348344989
3371_left,5,5.225317716361694
458_right,5,4.696692696928272
38064_right,5,4.930467213598073
28434_left,5,4.933527855500934
3371_right,5,4.796213181985932
1941_left,5,5.011800082992
36531_left,5,4.929924643366702
15941_left,5,4.872667606109217
16007_right,5,5.203075439141053
34844_left,5,5.145606068013026
2916_right,5,5.347820107928972
38811_right,5,4.736854475381271
16802_right,5,5.068248031471364
4793_left,5,5.103491907928862
9298_left,5,5.032348940175644
31729_right,5,4.54466672949194
3993_left,5,4.878893071420927
17899_right,5,4.985907773414885
29058_right,5,5.315731557956672
6096_left,5,4.938400579426081
43050_left,5,5.244207752307467
6613_right,5,4.704341882669246
8090_left,5,5.152769352265592
28948_right,5,5.445311046166258
11032_left,5,4.83953904495853
31590_right,5,4.571825517983447
30725_right,5,4.968842453152276
31006_right,5,4.556601628844446
8462_left,5,4.86799671390586
13999_left,5,4.7122349944804665
7398_left,5,4.546205173236694
36453_left,5,4.517114282024632
30039_right,5,5.007494509494297
13308_right,5,5.261239987319932
35130_right,5,5.083953605164726
2916_left,5,5.258007232921166
4252_left,5,4.585427064654631
33080_left,5,5.339091472812751
28524_right,5,5.101813593914195
36722_right,5,4.769507740527073
38518_left,5,4.879786180208068
6017_right,5,5.268084924876942
36653_right,5,5.237920471702338
217_right,5,5.48112851161958
13819_left,5,4.888869323357761
6096_right,5,4.91928732197507
37332_left,5,4.563332849964651
2496_left,5,5.29795117549277
35804_right,5,5.006637434533465
38856_left,5,5.4949774107824485
8950_left,5,4.566935123598358
11896_left,5,4.695585361756813
9298_right,5,4.619933338498066
40673_left,5,4.796566296526724
35861_left,5,5.07378390357789
33236_right,5,4.939510626303002
39772_right,5,4.560100479427125
40405_right,5,4.9970153051531305
9783_right,5,4.80289954847689
29058_right,5,4.559549979606635
31659_right,5,5.263743939145667
33493_right,5,5.246334422709322
986_left,5,5.234085090408192
4252_right,5,5.319858451587078
2810_right,5,4.533472831584575
16007_right,5,5.231090841756646
33080_right,5,5.361023996263892
7821_right,5,4.53163501338797
405_left,5,4.520082185227642
36074_left,5,5.17197640504748
43339_left,5,5.280500728354603
2338_right,5,5.485486889337659
28524_right,5,5.113176253673114
31590_left,5,4.574117394057963
34152_right,5,4.555645828393872
30039_left,5,5.1976593621296505
7821_right,5,4.927634694019173
4688_right,5,5.396432178014538
33906_right,5,5.113770171043626
6997_right,5,5.333298809076748
10785_left,5,4.939171355118247
31729_left,5,4.677506831170229
33270_left,5,5.072723461669787
41445_right,5,4.596694682005099
39741_right,5,4.648277101034281
4531_left,5,5.304147664880502
34152_right,5,4.590777626856705
36453_left,5,4.507977911001886
13664_right,5,5.451481185052058
37951_left,5,5.486926723455012
37808_right,5,5.150102997700502
37951_right,5,4.676733272418872
40673_left,5,4.675294363172487
37962_left,5,5.270131075895231
9863_left,5,4.582121126375808
37813_left,5,4.845288050624262
936_left,5,4.763254792670491
42442_right,5,4.624240974912964
31729_right,5,5.275067390179069
39772_right,5,4.910597030311224
28929_left,5,4.8520059554628805
9216_left,5,4.647471839058179
14976_left,5,4.5500626919946665
15590_right,5,4.742676298652271
42484_right,5,5.167961915471414
11492_right,5,4.783574440224122
14084_right,5,4.707443431516475
11417_right,5,4.856914717641174
10785_left,5,4.533129265068935
10904_right,5,5.474009712428318
13022_right,5,4.992978337837778
2338_right,5,4.845688476723317
41174_right,5,5.148319686594462
29703_left,5,4.8902790346362455
12419_right,5,4.7559266941691005
41430_left,5,4.876546671604869
29960_left,5,4.54667448556468
35766_left,5,4.926016253270412
30725_right,5,5.343032720786937
12995_left,5,4.5640382993787565
37962_left,5,5.190374884219777
6096_right,5,5.393705218611924
38325_left,5,4.60082564822763
6707_right,5,5.295901969300796
30039_right,5,5.237449106740272
12014_right,5,5.49474058908627
13066_right,5,5.109706108325152
13664_left,5,5.378759868506887
9157_right,5,4.689342783407533
38811_right,5,5.276828632487913
11492_right,5,5.344998914913398
36832_right,5,4.906856314716906
30723_left,5,5.300536747089773
38518_right,5,4.806323952909906
1663_left,5,4.505218662768579
9353_right,5,4.832040046880961
29865_right,5,4.669281511361434
39353_right,5,4.791220880989877
36258_right,5,4.695811121718846
1663_right,5,4.71245034962824
28434_right,5,5.242343762305477
43339_left,5,4.630474361881988
15376_left,5,4.663706456913561
5105_right,5,5.086399693577116
31602_left,5,4.964549441633491
29960_left,5,5.101166898405384
43141_right,5,4.928777037427453
2916_right,5,4.850134806886209
4909_left,5,4.764701870967108
15975_left,5,4.90559480568698
6997_right,5,5.026705640807139
11730_right,5,5.015394461071202
3611_right,5,5.2352411791580895
31461_right,5,5.374722413278168
10785_right,5,4.771153619176056
10193_right,5,4.724235135985317
3371_left,5,5.354089315335868
44249_left,5,5.490735055032577
39081_right,5,5.463378551872186
37808_left,5,5.2190152384308695
44249_left,5,4.658085565065218
33812_right,5,5.209183136224008
38811_left,5,4.552256934690613
28386_left,5,5.222947241789585
326_left,5,5.449433108696572
33080_left,5,5.130075903551485
30570_left,5,5.283670825692028
31590_right,5,5.06630576750767
32846_right,5,5.381453702902494
34995_left,5,4.619467781257559
5105_left,5,4.580472205937325
35323_right,5,4.875963785165268
31602_left,5,4.984059810639854
2804_right,5,4.5700888721861554
38064_right,5,5.237616751398846
1350_left,5,5.440277807929687
16309_right,5,4.954034684280739
42022_right,5,5.324757691353662
36166_right,5,5.107150460266402
29058_right,5,4.593315765165942
38811_right,5,5.235996817424467
38595_right,5,4.542502957152824
294_right,5,4.724179721142721
9518_left,5,5.345101935394774
31984_left,5,4.9033208862471565
9863_right,5,5.11056015135526
40819_right,5,5.163801574996141
44249_right,5,4.789569189368302
13066_right,5,4.958647502406831
13819_left,5,4.782564456082588
30869_right,5,5.24907969246807
12108_left,5,5.1023617094071945
3501_left,5,5.141487100472588
29865_left,5,4.996411846309591
9157_right,5,4.566977765452124
35766_left,5,5.471289757231743
43997_right,5,5.095555615492131
4130_left,5,4.557427534291334
33287_left,5,5.052553868123571
405_right,5,5.279729229855729
27597_right,5,4.6228936977642
33580_left,5,4.616423588350899
39747_left,5,5.321897897797072
29027_right,5,4.95067563728558
17925_left,5,4.850426810639628
30297_left,5,5.307149265187616
43199_right,5,5.365699574795007
11417_right,5,5.277705431053962
43998_left,5,5.084052889796394
33621_left,5,5.140637174888287
36832_right,5,4.67220058626579
38811_left,5,4.826627135183091
31984_left,5,4.981996069722781
40673_right,5,5.464792802212684
36653_left,5,4.711312335749133
36653_right,5,5.437833243427096
40183_right,5,5.478339037474852
7531_right,5,5.17458701991392
30722_right,5,4.74131984784106
36027_right,5,4.612048814622088
37958_left,5,5.205401106085883
28549_right,5,5.100968449352813
35955_right,5,4.807133132481264
9682_right,5,5.160321783981232
39741_left,5,5.425491228929703
38856_right,5,5.476313303768994
326_left,5,5.44107964748493
35323_right,5,5.256942615439231
12108_left,5,4.634012699220017
28675_left,5,5.102878095563849
7853_right,5,4.651729088716873
38653_left,5,5.386350221587222
326_right,5,4.851430225611316
16046_right,5,5.374807078880028
31729_left,5,4.888346564823402
41445_left,5,5.386064310194652
2916_left,5,4.580908845831226
36653_left,5,4.5851446429185705
42022_right,5,5.208730588933191
40078_left,5,5.126230289776174
10047_right,5,5.115708479964798
33287_left,5,4.878938270891173
28948_left,5,4.502030359554883
8236_right,5,5.4745666938020285
16309_left,5,5.014132569102361
13651_right,5,5.172319822571472
14436_right,5,4.543810928686205
30549_right,5,5.4033102439424905
33493_left,5,5.11026680475182
11874_left,5,4.553692563662367
6997_right,5,4.571916229418605
40893_left,5,4.64031827148258
28257_right,5,5.489601015274733
1084_right,5,4.833914518599058
28386_left,5,4.992083583515052
34708_right,5,5.022101856245143
32846_left,5,4.584136858486818
8236_right,5,4.612160765501138
40323_left,5,5.380797703908082
33580_left,5,5.1330004833411245
34708_right,5,4.601342309502329
2338_right,5,5.221515861764662
936_left,5,5.259439860867178
36640_left,5,5.043601479276686
10017_left,5,5.33251864725713
37813_right,5,5.484043515546476
10653_left,5,4.9656726621257015
29839_right,5,5.387420397493488
33580_left,5,4.905025750634303
3064_right,5,5.217168202190681
34995_right,5,4.872027141863144
2916_right,5,5.162923293722895
17925_left,5,4.543154467277465
2810_left,5,5.422084843637389
31006_left,5,4.666444225582955
41445_right,5,5.488666775800772
7853_left,5,4.511965311350437
6017_right,5,5.306215144787764
11854_left,5,5.200084042480246
14340_left,5,5.435553562588757
30549_right,5,5.301391661673137
35323_right,5,4.720628025805089
37813_right,5,5.097315153801919
29839_left,5,5.006305999589203
35112_left,5,5.076106300792123
28948_left,5,4.927043455349538
36027_right,5,4.88557267560647
9298_right,5,4.744807707261634
4909_left,5,4.8405199441431845
31590_left,5,5.198806582358239
33287_left,5,4.992277105347902
43050_right,5,5.084240826346965
12108_right,5,5.002263595017627
17221_right,5,5.160781277427239
37008_right,5,4.7855045280831625
28976_right,5,4.772276239796318
7992_right,5,5.018227833737322
42022_right,5,5.255382406215574
33236_right,5,4.773807920835827
13811_left,5,5.167025423804475
4086_right,5,5.373141907885805
35112_left,5,5.110206221320403
37332_left,5,4.862548816383948
33906_right,5,4.727791060539412
6613_left,5,5.252896999912024
10312_left,5,4.511379050866781
43008_left,5,4.822992374737288
4155_right,5,5.180966235052172
38407_right,5,4.81761078540882
3802_right,5,4.731265397808332
41387_left,5,4.502447972388792
17749_left,5,5.129783047104329
32846_right,5,4.800648458167666
30675_right,5,5.184132817681579
28524_right,5,5.003849010562099
33080_right,5,4.793204182001516
11032_left,5,4.929191480492797
36125_left,5,4.900448066811558
39081_right,5,5.464935264390834
42442_right,5,4.5623684524863295
41761_left,5,4.73376693793853
13664_right,5,4.724734532326634
41339_left,5,5.473526293984555
8462_left,5,5.321391802505033
40183_right,5,5.028633188690825
17135_left,5,4.6196145842426
38325_right,5,4.88460910511404
41174_left,5,5.45077338071861
35804_right,5,5.034167504587559
33725_left,5,4.868651237653413
28435_right,5,5.19839990858501
38518_right,5,4.594870259852281
37808_right,5,4.771035591230177
14844_left,5,4.936447592221663
37951_right,5,5.3472506394668144
11807_left,5,4.78336623506056
17669_right,5,5.402268692206726
34400_left,5,4.771929579114092
18017_left,5,4.542729025746536
13811_left,5,4.6610402863886655
27597_left,5,4.915782362641017
33493_left,5,5.491157678291821
4496_left,5,4.603587616775062
4252_right,5,5.423819211279837
30869_right,5,5.356303101404348
28524_right,5,5.309188794406004
33080_left,5,5.2980144501834445
34844_right,5,5.329069401331291
30675_right,5,5.257874589720105
42815_left,5,5.496976883802025
32630_left,5,5.39922852197459
5258_right,5,5.3816399659977305
10193_right,5,4.942201344046385
17925_left,5,5.0218627541378105
33236_right,5,4.876569708018486
12108_left,5,5.115682215369671
2804_right,5,5.1076348416775526
11874_right,5,4.604722747078964
28386_right,5,5.419847531725544
40819_right,5,4.782344493117786
29703_right,5,5.213792876596855
38513_left,5,5.073735149826753
17411_right,5,5.286654651924748
4155_right,5,5.216506179196928
33580_left,5,5.058471279174436
8681_right,5,4.646684775455614
11854_left,5,4.645913624458186
35668_right,5,5.277880668207772
8743_right,5,5.230518700782649
3501_left,5,4.592691861594118
36453_right,5,5.048902880665133
405_right,5,4.966459391549376
29058_right,5,4.652697808049133
1941_left,5,4.6944451855780605
37008_right,5,5.1980725507980585
17489_left,5,4.708352324952067
9419_left,5,5.274530461512566
30549_left,5,4.7924747929312135
11896_left,5,5.366384250147151
34995_right,5,4.56598760578182
31659_left,5,4.5621903334139615
9783_right,5,5.405224915020817
29703_left,5,5.488553504739391
12861_left,5,5.072155160080781
35861_left,5,5.190989874437789
9311_right,5,4.824577772489664
36722_right,5,5.3167251774851305
13966_left,5,4.740277991022562
5258_right,5,5.429119395391757
41584_right,5,4.800062276429083
10785_left,5,5.082315225623224
17453_left,5,4.680293354862507
10193_right,5,4.658487780463444
40940_left,5,5.291100897099292
9518_left,5,5.3567605462103405
44249_right,5,4.578152005094644
1941_left,5,5.394687646566711
37962_left,5,4.522908834171158
5825_right,5,4.696659342967958
28976_right,5,5.475599907683245
4252_left,5,5.186303641780763
33493_left,5,4.773289023482377
8087_left,5,4.716173575221604
1084_left,5,5.052885563613341
37849_left,5,4.82092854135514
38653_left,5,5.2733018322552745
28434_left,5,4.538485791356304
3371_left,5,4.78119736741204
15975_left,5,5.012433990635846
40319_right,5,5.245483193570773
36653_right,5,5.083033908384168
9156_right,5,5.28898122351685
4155_right,5,4.963836049010727
41761_right,5,5.227173832076789
16581_right,5,5.121672908715249
43379_left,5,4.774721733029595
33358_right,5,5.321945972694361
28434_left,5,4.620052545372404
37232_left,5,5.064345411142368
37962_left,5,4.632491801463865
43379_left,5,4.995931270338477
15459_right,5,5.256212074675236
40893_right,5,5.431235626500181
30549_right,5,4.512886238329487
6613_right,5,4.670857846609417
8087_right,5,5.343837552449148
44249_right,5,5.483179081201684
6613_right,5,4.703109481261976
30725_right,5,4.9575274373033
12652_left,5,4.542357660805623
2970_right,5,4.788899103939279
28976_right,5,4.741572172626536
35412_left,5,5.360159561139007
4086_left,5,4.686663091812363
37951_left,5,4.82474669424976
6613_right,5,4.524343886583691
32846_left,5,5.492729412125649
16392_left,5,4.928963512544491
17426_right,5,4.918245662524763
406_right,5,5.135275869807507
30046_right,5,4.566793742118176
40319_right,5,4.627568025225694
41584_left,5,4.980098690164613
13664_left,5,5.016408577289015
27597_left,5,5.069516060455366
3418_left,5,5.129592417257476
326_left,5,5.4930489147583
13588_right,5,4.816401120587937
38325_right,5,5.107183368297186
6017_right,5,5.455171309846166
10570_right,5,4.610864187664488
3563_left,5,5.425962294916602
15459_left,5,5.339868410588415
4252_left,5,5.194621508907166
9298_right,5,4.857605456035436
13038_right,5,5.1143594793747225
32851_right,5,5.455128538726676
31043_right,5,5.032639160007557
13222_left,5,5.05234712075534
6719_left,5,5.112992302870961
28743_left,5,5.401086117862912
30549_right,5,4.873541325804985
27597_left,5,4.511468314697198
40323_right,5,5.102103225945595
35766_left,5,4.519988125945519
16007_right,5,4.808247062469077
31043_left,5,4.968300738885574
35804_left,5,5.128479922598924
2970_right,5,5.383302783007898
31461_right,5,4.959084537006146
15590_right,5,5.411069370308948
34844_left,5,4.940868632602892
3088_left,5,5.094771598690202
7164_right,5,4.670777838476554
13664_right,5,5.3292931304231335
458_right,5,5.067371065962562
36640_right,5,4.994804123781348
10785_left,5,5.006518626810639
13819_left,5,4.787559149231088
9863_left,5,4.839700761700283
31602_left,5,5.290643165003313
10653_left,5,4.804941099474984
5032_left,5,5.314465546181798
9518_left,5,5.176331275480756
37829_left,5,5.38494780056616
16114_left,5,4.896650111820904
31924_left,5,5.430376915063024
14844_right,5,4.603945748353445
8950_left,5,4.608934030769045
36653_right,5,4.634535516096282
16920_left,5,5.271837176740654
31746_left,5,5.261077697609105
16413_left,5,5.121748973473659
4252_right,5,4.863110665851635
37849_right,5,4.788500939637727
11807_left,5,5.28388300784511
4688_right,5,4.5498992082530325
9419_right,5,5.027187350283486
17426_left,5,5.053447216430204
2970_right,5,4.516670951329577
37783_right,5,4.647930390152939
27597_left,5,5.074390868519567
10047_right,5,5.322400632732324
17899_right,5,5.498667659142983
2338_right,5,5.186038251233357
10785_left,5,5.398295704220348
35766_right,5,5.153094827257585
33906_right,5,4.566433167234214
16007_right,5,5.06707251342899
7945_right,5,4.675783963192671
40183_left,5,4.969345758109012
16802_left,5,5.474436657762436
38513_left,5,5.064190904762331
35461_left,5,4.8824511598773634
7992_right,5,4.546302363155736
15941_left,5,4.65385212451358
8950_left,5,4.920340378107043
8462_right,5,4.500758587579616
38407_left,5,4.901690541678538
326_right,5,5.10911744221366
8292_left,5,5.326626078328638
2031_right,5,4.903127042094074
17114_right,5,4.950271707804703
41174_left,5,4.673986318353888
44249_right,5,4.957537841432229
43050_right,5,5.365462064315128
9353_left,5,5.122445758218772
33236_left,5,4.612582065957614
17426_right,5,4.658864271234776
37829_left,5,4.764324323325272
3418_left,5,5.357851170861806
35461_left,5,4.888471178567119
36453_right,5,4.703671357910113
44249_right,5,4.799961780145954
6096_left,5,5.469472008806186
13395_right,5,5.016485536848645
41852_right,5,5.374482438055932
4688_right,5,5.257875659483049
36074_left,5,4.962547365167131
986_left,5,4.736366857703163
16565_left,5,5.206812478622401
39188_left,5,5.021046200888423
9682_right,5,5.064509322995645
13588_right,5,5.329987501374375
39188_right,5,5.279134463856307
31006_left,5,4.982071051914869
43839_right,5,4.82697646972705
4496_left,5,5.248497593920474
30255_left,5,5.369632484830716
30570_left,5,5.007832577412005
11807_left,5,4.945449856661972
30722_right,5,5.140982508450887
38662_left,5,5.167902840087798
15459_right,5,5.012191434664338
29960_left,5,4.955165430954308
29839_right,5,5.070242918913118
35461_left,5,5.363551845288235
42815_right,5,5.019211438112382
17135_right,5,5.191712899689765
31590_right,5,5.472834821986114
40893_right,5,5.343768888084462
36453_right,5,4.942817311113357
38064_left,5,4.628384932563488
16920_left,5,4.995136493355359
33725_right,5,4.692536174229165
27597_right,5,5.4818580432582085
32846_left,5,5.174855997675823
294_left,5,4.755203361721954
1084_left,5,5.466468089200683
30570_left,5,4.917522736767651
13819_left,5,5.427354035239468
10785_right,5,5.329214814010467
41387_left,5,4.798971803559423
37849_right,5,5.315200275994248
36832_right,5,4.539934292575525
33283_right,5,5.42940280935232
30255_right,5,5.218169335996974
40819_right,5,4.594904864528603
14976_left,5,5.4817274474280335
41430_left,5,4.757710477297128
36074_left,5,4.658156198542101
6017_left,5,5.471535267618227
9783_right,5,4.593665098039369
31461_right,5,5.452085422152026
17411_right,5,4.886822303249737
2804_left,5,5.463047771026003
15459_right,5,5.163148711224065
14844_right,5,4.629030988249565
7853_left,5,5.352038862809979
38856_right,5,5.372730753614134
32148_left,5,5.165068646071926
4086_left,5,5.374718877786275
27674_left,5,5.169194475938043
3371_left,5,4.654810261066109
14849_right,5,5.438934650171573
43839_right,5,5.11589686705034
44247_left,5,4.744371176878882
28929_right,5,5.140378770267912
2810_right,5,5.397989697699826
30549_left,5,4.52215231567771
4005_right,5,5.48476678905893
28435_left,5,5.217463821856441
5258_left,5,5.21121810411511
16392_right,5,4.7107823344333815
17899_right,5,5.111361886975086
6707_right,5,4.790605999647815
1350_left,5,4.685468158542669
15459_left,5,4.596438263125261
6707_right,5,5.052376099369524
44249_left,5,4.798302120531115
17426_left,5,5.4919872012254025
14849_left,5,4.966047499907159
34453_right,5,5.059581665045056
7945_right,5,4.536582643964063
10653_left,5,5.359335780516462
43379_left,5,5.453606889542864
14021_right,5,5.1573898581540725
32868_left,5,4.678305951844777
3088_left,5,4.503653492858184
36258_left,5,4.868840216225006
4005_right,5,4.547273058947153
35804_right,5,5.239596045059066
28929_right,5,4.884595277576106
15388_left,5,4.904732648466635
32868_right,5,5.179561314712433
4130_left,5,4.651073690219918
17669_right,5,5.307911297318623
44247_left,5,5.464048481560264
34152_right,5,4.7502914982401165
17135_right,5,4.593483279023589
3993_right,5,4.865379758777247
6017_left,5,4.681212897938865
44100_left,5,5.320035176304063
16114_right,5,5.371091917505134
43141_right,5,5.379535320992471
30039_right,5,4.622532434469042
39081_right,5,4.644692958204475
28743_left,5,4.811959402243377
33621_right,5,4.874883266621722
31659_left,5,5.24114297768127
13999_right,5,4.751540654496213
37834_left,5,4.663774909996228
14340_left,5,4.948317992631884
16046_right,5,5.335438211688136
1350_left,5,5.385049032999019
17453_left,5,4.909449700417024
15038_right,5,5.204058088617438
31043_left,5,4.696023367107671
31729_left,5,4.750888117156822
33621_right,5,4.87389110802497
30722_right,5,5.043428860183383
13387_right,5,4.639782533957692
37808_left,5,5.265264668885233
5258_right,5,5.181054037867245
7853_left,5,4.60451596872344
3064_left,5,5.240607607222946
36453_left,5,4.970097586400965
28743_left,5,5.367559061854255
6997_right,5,5.004923264817957
5105_right,5,5.149617067754688
4086_left,5,5.220225250549218
36258_left,5,4.588932472412101
41174_left,5,4.751234773375125
32149_right,5,5.489093083295106
30722_left,5,5.291911232648506
1138_left,5,5.238286417440834
9518_right,5,5.1502034872746005
12995_left,5,5.422317185082277
17426_right,5,4.732608868964244
36027_right,5,4.875294034904779
31590_left,5,4.917569140568969
4909_left,5,5.185019744886664
6719_left,5,5.424508985077601
38345_left,5,5.228475067798327
38811_right,5,4.622384709897644
4130_left,5,5.391844796248596
1084_right,5,4.833569120174992
39747_left,5,4.865466766528487
13669_right,5,4.734723870747903
41584_left,5,4.904488644080425
7992_right,5,4.895058110917063
4496_right,5,4.589308330778135
13387_left,5,5.218896047158999
7945_right,5,5.473139688703072
16007_right,5,5.087202897282872
35668_left,5,4.549658019713517
7945_right,5,4.932138673679592
38186_left,5,4.809861152023548
38595_right,5,5.123813177653732
439_right,5,4.669845638427051
11492_right,5,5.314815504055677
33287_left,5,5.107984459409505
28434_right,5,4.936887855227604
34901_right,5,5.277947215944904
12652_left,5,4.95142768505774
16920_left,5,5.331183745195974
458_right,5,5.26723847296538
6017_right,5,4.752037918175971
3412_left,5,4.929994725996278
37962_left,5,5.1053886087815
33812_right,5,4.529292483709623
38595_right,5,5.079343382324158
38325_right,5,4.617730190155716
35199_right,5,4.913033775791081
27597_right,5,4.7956290173766005
38595_right,5,5.140313322665834
30255_right,5,5.395765803844338
10570_right,5,4.618907020085112
15414_left,5,5.175557754711417
16920_left,5,5.215844975634829
28077_right,5,4.744851431923104
32868_right,5,4.539575202033787
8388_right,5,4.910344153015928
34400_right,5,4.786411820713108
7945_right,5,5.031098185934433
9353_left,5,5.215044182190897
1430_left,5,5.428826478189921
4909_left,5,4.763920338998813
9419_left,5,5.406800753225076
16114_left,5,4.700529904127976
13811_right,5,5.365076921165675
32630_left,5,4.7821933701368975
36832_right,5,4.694435876088967
14495_right,5,4.906260405871523
32630_left,5,4.618607709022038
16046_right,5,5.400869069829913
9419_left,5,5.246207947114563
31984_left,5,5.1484948702386095
1430_left,5,5.189465151687084
30039_right,5,4.738437268692777
28929_right,5,5.307164011154173
2916_left,5,5.415232366211579
5032_right,5,5.08271519700754
27727_left,5,5.074939967034461
670_left,5,4.536972196260509
37008_left,5,5.345251939482463
31746_left,5,4.637392610849977
405_left,5,4.697140907890661
28386_right,5,5.257700537206336
28549_right,5,5.160506390482201
38345_left,5,5.475740869479571
3611_right,5,5.091811787513552
13669_left,5,4.646677213461635
30570_left,5,5.096317446776025
6096_left,5,4.544212374775888
1084_right,5,5.0454817473555496
36832_right,5,4.951022316635543
31924_left,5,4.616611142708869
5258_right,5,5.411940476810854
2031_right,5,4.867122190155221
32851_right,5,4.831227883118667
6719_right,5,5.455050897723535
16920_left,5,5.411784386676157
36832_right,5,4.775609272401577
43050_right,5,4.715645656585817
35704_right,5,4.871282791921591
27727_left,5,4.915402854582407
13022_right,5,5.27949819359983
14084_left,5,5.438794138722502
32846_right,5,4.986818125400766
15343_left,5,5.125326482984368
36640_right,5,5.113683899461719
7945_right,5,5.300627144287359
9157_left,5,5.164646192312737
27597_right,5,5.147851826544431
15414_left,5,5.01114662139081
39741_left,5,5.153086946017429
43141_right,5,5.132958012785046
44247_left,5,5.285564591145894
8090_left,5,4.7038971601915005
11730_right,5,4.780036332840659
33080_right,5,5.336738128062484
28976_right,5,5.488081362957517
44249_right,5,5.333435265014298
217_right,5,5.219657600976415
13819_right,5,5.288533654760521
37962_left,5,5.324225804718222
10570_left,5,5.285139646635754
31043_right,5,4.952194626280065
38518_right,5,4.638358213385236
43008_left,5,5.285996015660316
34708_left,5,4.551300241949202
27727_left,5,5.017324748101057
4130_right,5,4.9836243702605
33884_right,5,5.392011385739646
2916_right,5,5.386007364811013
13387_right,5,4.828648901635106
33906_right,5,5.407554507076962
41430_left,5,5.475574095605744
43339_right,5,5.276825231369137
32630_right,5,4.747247181807822
10047_right,5,4.635252816274403
17221_right,5,5.271641827209761
37813_right,5,5.115831882920816
2338_right,5,5.405937004126385
30869_right,5,4.634750386831271
39188_right,5,4.556253331714256
33884_left,5,4.581762508566486
13999_right,5,5.4892691230589215
28077_left,5,4.692536917248089
39164_left,5,5.21023069935266
40673_left,5,4.679510921331741
8388_right,5,5.0843988286051145
10653_right,5,4.7400600792887815
8950_left,5,5.020921253183922
15459_right,5,5.062104854442821
30039_right,5,5.304825734125624
38325_left,5,5.486921295117983
37117_right,5,4.541486055283732
17669_right,5,5.418273389210757
29839_left,5,4.643861863370209
36453_left,5,4.96560930966494
35461_left,5,5.472939816526303
30297_left,5,5.293830780464829
30549_right,5,5.479275002809866
17114_right,5,4.764568772455006
28948_left,5,5.263797564349949
36531_left,5,5.3110917899525205
36640_right,5,4.664534242765279
35112_right,5,5.300184237711706
32630_right,5,4.892118216523534
13387_left,5,4.956449827518152
37332_left,5,5.003722674301239
7821_right,5,5.226722914146402
34995_right,5,5.244120884770699
2880_right,5,5.195824251924865
2496_left,5,4.699528827575978
17925_left,5,4.6752925542464014
43997_left,5,4.9319776754807405
37951_right,5,4.557278028403363
13999_right,5,4.942202744485953
3802_right,5,5.301901636272426
36453_left,5,5.258056578973164
32149_left,5,4.575016806959713
41339_right,5,4.504441513968413
3563_right,5,5.218007322787804
13811_left,5,4.784365449101742
9863_right,5,4.662727563215954
3064_right,5,5.318624990987995
30046_right,5,5.136442415456165
4374_left,5,4.82957563756777
15975_right,5,4.711407834369888
43141_right,5,4.655615691360519
35412_left,5,5.309561472873623
35130_left,5,5.353039496450458
43839_right,5,4.590055827916908
28675_left,5,4.546195092091614
40323_left,5,5.209907875564399
34708_right,5,4.521441799534527
39164_left,5,4.726996014842374
33270_left,5,4.777232161234369
3611_right,5,5.418190893683614
11492_right,5,4.594059369354003
294_right,5,5.288641981266763
14849_right,5,5.243786560708161
28435_right,5,4.742282981693403
33493_left,5,4.841419942014317
17135_left,5,4.545790884002816
33725_right,5,4.876956266264919
31729_left,5,5.012222301756832
34400_left,5,4.798321289622924
31043_left,5,4.81375237590048
31729_left,5,4.766078935936096
40078_left,5,5.252974860410594
31746_left,5,5.405257704201703
8462_right,5,5.298212633560532
8462_right,5,5.418099502737705
32846_right,5,4.684004943502889
217_right,5,4.651053660264583
44249_left,5,5.208523118102763
9311_left,5,5.389252804469796
36640_left,5,4.8239770864795135
6096_left,5,5.3581729330441785
34152_right,5,4.915761599466571
12995_left,5,4.974124030570458
43997_right,5,4.867128548601972
39188_right,5,4.958146919335374
39164_left,5,5.174319281958417
39747_right,5,4.519050704097904
6707_right,5,4.553126902089355
29703_right,5,4.568059009606218
30046_left,5,5.299603578890238
15459_right,5,4.755807192866818
32230_right,5,4.656680615366475
43199_left,5,5.338699436138122
1084_left,5,5.300549246925206
33236_right,5,4.885278951764492
1084_right,5,4.62824529147602
1099_right,5,4.831460060889647
6997_right,5,4.834566996237305
33621_left,5,4.898317494132432
28434_right,5,4.90271650440949
11807_left,5,5.491200382329513
8236_left,5,5.07550425644469
2810_left,5,5.483538552420982
38407_left,5,4.547975388041812
37008_left,5,5.41333465946019
31602_right,5,5.4076421523038425
15870_right,5,4.609905934622764
35861_right,5,5.205006997358733
29839_left,5,4.506098462242743
7853_right,5,4.898836851535524
3993_left,5,4.554211961239531
17940_left,5,4.650964276568819
10312_left,5,5.261929946953968
4130_left,5,4.594001377305086
30039_right,5,4.500703031579082
31924_left,5,4.67080981074177
38811_right,5,5.117171721617888
13938_left,5,4.940052689051666
35704_left,5,4.590327768325105
13999_left,5,4.548504669158283
37783_left,5,4.82158402251368
13999_right,5,4.962426808076232
29599_left,5,4.95313234797757
5105_left,5,4.518688354389076
14976_left,5,5.457463833440276
3993_left,5,5.002748247031688
9863_left,5,4.909248743331611
37117_left,5,4.5192124833270535
9680_left,5,4.534657215444422
405_left,5,5.167143628886652
37783_left,5,4.590772622716981
1663_left,5,4.746837690318657
40893_right,5,4.797740985949949
28929_right,5,5.279539543818028
6613_left,5,4.772322028712342
17925_left,5,5.410209132711293
33493_right,5,5.15236935545324
28077_left,5,4.685713437237976
17940_left,5,4.86196476161587
10017_right,5,5.434154920392728
5032_left,5,5.367852726887415
15388_left,5,5.063406739370213
38186_left,5,4.808120717121998
32846_right,5,5.421868432010391
37849_left,5,5.006783740310193
37849_right,5,4.762498539529196
13811_left,5,5.16034628848813
36453_left,5,4.725891588202687
29865_right,5,5.188241526985901
15376_left,5,5.024657968052934
37808_left,5,4.85577175317778
34995_left,5,5.417748388176779
17489_left,5,4.743447294464807
9863_left,5,4.864099515423214
367_left,5,4.683132838469345
31659_left,5,5.442128789473647
4374_left,5,5.385920770014357
6707_left,5,4.5188316597093285
11032_right,5,4.621365209429822
28257_right,5,5.452292848324046
367_left,5,4.763455219381149
43379_left,5,4.600860671650572
33621_right,5,5.268571495332196
35130_right,5,4.851861716500928
4909_right,5,4.58556266238117
30297_left,5,5.451915919432869
3802_right,5,4.831511788668266
15414_right,5,4.9027236933559815
43379_right,5,5.417398082550688
36453_right,5,4.778561971625812
30297_right,5,4.7421558782767015
10570_left,5,4.975215934821261
36640_right,5,5.120850846355897
4496_right,5,5.463719074071232
294_left,5,4.921964124463928
37813_left,5,4.806850192397301
40323_left,5,5.472039453642029
38064_right,5,4.586072007952929
34400_left,5,5.059176576529998
41201_left,5,5.290495054764083
36722_right,5,4.591003062855085
4909_right,5,4.81847404579621
13308_right,5,4.797992551273194
3412_right,5,5.384055094426721
5304_right,5,5.312548447484269
44100_left,5,4.875427110851238
29839_left,5,5.284788410158472
36258_right,5,4.557817767189354
3802_left,5,4.937489868391963
41430_left,5,5.365568497792761
31461_right,5,4.725735244165347
15114_left,5,4.724236980880376
3064_left,5,4.504403048176666
37849_right,5,5.016576359680924
9311_left,5,4.600523621822501
37834_left,5,5.124684424297771
34844_right,5,5.194812314127745
41746_right,5,4.933634467305447
34995_left,5,5.36865620720952
37808_right,5,4.987579161570586
36453_left,5,4.78471900820695
11854_right,5,4.685732435161904
14976_left,5,4.9898236289508295
30723_right,5,5.480575693994837
29599_left,5,4.802979901312384
10954_left,5,4.600979459613708
6017_left,5,4.928129791535667
13811_left,5,4.869098479707164
28386_left,5,5.288806029461494
38518_left,5,4.755967314835379
17114_right,5,5.270525558330778
13669_left,5,4.964399727923799
29839_right,5,5.0544365981062445
7853_left,5,5.3022654135368725
406_right,5,4.650926539696228
1350_left,5,4.913155036882446
405_right,5,4.821055602328007
33287_left,5,4.680948422753329
36074_left,5,4.508505862523661
10321_left,5,5.302081000483627
30722_left,5,4.715620531218096
4130_left,5,5.07394889653256
41387_left,5,5.0129705537578175
17749_left,5,4.548064560641284
16802_right,5,5.065412573996211
15590_left,5,5.175470093754137
41430_right,5,5.048877342665652
13999_right,5,4.960395697907304
6096_right,5,5.178892374531324
37783_right,5,5.463828909239089
9518_right,5,4.694925985030951
14765_right,5,4.745882360500726
37951_right,5,4.757972322330014
15590_right,5,4.708157678371462
36653_right,5,4.830702285995311
15870_right,5,4.525781476812083
7992_left,5,4.942980255882481
17489_left,5,4.927339313850355
8681_right,5,4.92563943173339
6017_right,5,4.504217049531216
31006_left,5,4.729770789520634
2031_right,5,5.251280250803707
41746_left,5,4.771370679300346
30869_right,5,5.421598104029911
4496_right,5,5.171992033936234
41584_left,5,4.970234746264214
15941_left,5,4.926936724461175
39741_right,5,4.738627146774861
28435_right,5,4.845481806467808
41746_left,5,5.197925050221909
14340_left,5,5.255898866815428
12652_left,5,4.853203513017036
9863_left,5,4.763096525400144
37951_right,5,5.429737482747581
35804_right,5,5.341800178970562
9608_right,5,5.347250230383744
9353_left,5,4.523423074438959
17899_right,5,4.71646035686805
17426_right,5,5.047339573286594
28386_right,5,5.081337888664709
40319_right,5,5.188531900954443
34400_left,5,5.452143478572207
29027_left,5,5.0844253564249335
38513_right,5,4.73672124168033
27674_right,5,5.310522733820399
5825_right,5,4.966072396488065
10570_left,5,5.24384219703868
4005_right,5,4.945761880763228
11032_left,5,4.96053693552562
14021_right,5,5.413764489046454
13664_right,5,5.351189781523089
33287_left,5,4.603210015226853
44249_right,5,4.941011421411162
11417_right,5,5.370903073796362
16_left,5,5.400231156969466
16_right,5,5.459107340281583
217_left,5,5.042498736434819
217_right,5,4.707215741824874
294_left,5,5.056305716227121
294_right,5,5.392817385909504
326_left,5,4.785077281304446
326_right,5,4.810749403158728
367_left,5,5.024539418413717
367_right,5,5.011148780539156
405_left,5,4.796459039893093
405_right,5,4.926513954580335
406_left,5,5.43566410336788
406_right,5,4.5430806785169295
439_right,5,5.4467526866142615
458_right,5,5.149316489738791
670_left,5,5.3544754450151295
670_right,5,4.595788188912147
936_left,5,4.898633254555287
936_right,5,5.070590927429651
986_left,5,4.7453186439838895
1084_left,5,5.026639192498429
1084_right,5,5.271210633713489
1099_right,5,4.59578636739824
1138_left,5,5.156550308248789
1138_right,5,5.452209145128745
1350_left,5,4.59616119290517
1430_left,5,4.985647153893194
1430_right,5,5.015691638252592
1663_left,5,5.378917909858117
1663_right,5,4.663139103928686
1941_left,5,4.843812111751483
2016_left,5,5.181334102489479
2031_right,5,4.905820797456312
2338_left,5,5.103268959627643
2338_right,5,5.279033450231985
2496_left,5,4.924790063644571
2804_left,5,4.893108356895725
2804_right,5,4.93513575938245
2810_left,5,4.894530390927818
2810_right,5,5.452802962181303
2880_right,5,4.866073247774483
2916_left,5,5.347051500221348
2916_right,5,5.126359044009368
2970_left,5,5.026022687014149
2970_right,5,5.273333412319923
3064_left,5,4.94952861771062
3064_right,5,4.766934145432217
3088_left,5,4.908950603982124
3371_left,5,5.168540399018386
3371_right,5,5.226922159483374
3412_left,5,5.0700747933641805
3412_right,5,4.798924396234629
3418_left,5,4.934852311441331
3501_left,5,5.361205827144658
3563_left,5,5.070780285984408
3563_right,5,5.480012858683723
3611_right,5,4.752300972692849
3802_left,5,5.448067702979186
3802_right,5,5.110201612459645
3993_left,5,5.381793060630457
3993_right,5,5.176561114901091
4005_left,5,4.922298262710079
4005_right,5,4.743630239670718
4086_left,5,4.896813045844403
4086_right,5,5.4865617117095855
4130_left,5,4.529470887135008
4130_right,5,5.009499375750877
4155_right,5,4.903101748249232
4252_left,5,5.132399093292207
4252_right,5,4.691726027604146
4374_left,5,5.434930311361981
4496_left,5,4.974922398600542
4496_right,5,4.885482888654567
4531_left,5,5.420890239477657
4688_right,5,5.262340513181261
4793_left,5,5.366472518215745
4909_left,5,5.3044812478082655
4909_right,5,5.452481355102625
5032_left,5,5.059158897809852
5032_right,5,4.693634773297256
5105_left,5,4.656797687926614
5105_right,5,4.960874486669838
5258_left,5,4.911181145115076
5258_right,5,4.504210112591275
5304_right,5,4.789302364956901
5825_left,5,4.571060311482331
5825_right,5,4.900196176483859
5838_left,5,5.18072043348764
6017_left,5,5.218616096960426
6017_right,5,4.573914555201751
6096_left,5,4.948677460036062
6096_right,5,4.568405727939451
6613_left,5,4.592756868727053
6613_right,5,5.2313653879564175
6707_left,5,4.815844722129738
6707_right,5,5.08301057457392
6719_left,5,5.185340044626917
6719_right,5,5.327585724990245
6997_right,5,5.419911392848521
7164_left,5,5.375602183758641
7164_right,5,4.833632391808002
7279_left,5,5.325521971277246
7398_left,5,5.104685170645242
7531_right,5,5.010106055676097
7821_right,5,4.698338108698801
7853_left,5,5.3055783530885545
7853_right,5,4.73672157334514
7945_left,5,5.161176053046992
7945_right,5,4.8786146509125805
7992_left,5,4.945662746241423
7992_right,5,4.50914547483069
8087_left,5,4.761212112513426
8087_right,5,5.067586889604819
8090_left,5,5.084435979526037
8236_left,5,5.261279037056055
8236_right,5,5.293662202577267
8292_left,5,4.781283891722744
8292_right,5,4.812910076008684
8388_right,5,4.63229328060362
8462_left,5,4.882780689265807
8462_right,5,5.007965180585111
8681_left,5,5.11873131411411
8681_right,5,5.127058942084718
8743_left,5,4.906866507659185
8743_right,5,5.057528873771846
8950_left,5,4.850036008824975
9156_left,5,4.955416720422053
9156_right,5,5.098404789879698
9157_left,5,4.6743735708923
9157_right,5,4.942760515109291
9216_left,5,4.729261064803259
9298_left,5,4.759215336196797
9298_right,5,4.585459838299304
9311_left,5,5.057633431269121
9311_right,5,4.659901343778558
9353_left,5,5.325501416776181
9353_right,5,5.364397928239726
9419_left,5,5.3554976740043445
9419_right,5,5.469343870641347
9518_left,5,4.5242969707025695
9518_right,5,5.286480040096488
9598_left,5,4.797614719516859
9598_right,5,5.381292952345135
9608_left,5,4.9391306713187415
9608_right,5,5.243233096056569
9680_left,5,4.696401760646309
9682_left,5,4.78737260680361
9682_right,5,4.666603361301935
9783_right,5,5.005951966514137
9863_left,5,5.235273196221119
9863_right,5,4.736587208152274
9942_left,5,5.075163227777006
10017_left,5,4.71572801316379
10017_right,5,5.141559763857056
10047_right,5,5.411735193836955
10193_right,5,4.543773715710189
10312_left,5,5.345340152407655
10321_left,5,5.283526218742739
10570_left,5,5.2127507084062845
10570_right,5,5.063343125446679
10653_left,5,5.191416655342233
10653_right,5,5.282349387099046
10785_left,5,4.88388236472545
10785_right,5,5.493790293160131
10904_left,5,5.122516869494566
10904_right,5,4.859880064742578
10954_left,5,4.863297666930165
10954_right,5,4.558655742138837
11032_left,5,4.780218713698389
11032_right,5,4.847072809551952
11417_right,5,5.246150125567207
11492_left,5,4.52075674263465
11492_right,5,5.194709412142737
11730_right,5,5.012058799426934
11807_left,5,5.026498981937625
11854_left,5,4.875285273963327
11854_right,5,4.899697330861602
11874_left,5,5.389774365005556
11874_right,5,5.186749490984852
11896_left,5,5.105138176349633
11896_right,5,4.850852119285127
12014_right,5,4.68535750261225
12108_left,5,4.954886398306409
12108_right,5,4.70248575570109
12419_left,5,4.90081391669776
12419_right,5,5.140086592295309
12652_left,5,4.6824650696605925
12861_left,5,5.345447953060196
12861_right,5,5.088344431712265
12995_left,5,5.256891465275228
13022_right,5,4.890999812938531
13038_right,5,5.45591513760692
13066_right,5,5.189972519783922
13222_left,5,4.661755090725392
13308_right,5,4.769713930632447
13387_left,5,4.96684987731503
13387_right,5,4.859212321888196
13395_right,5,4.89427088586206
13588_right,5,4.577784409937571
13651_right,5,4.719745687137229
13664_left,5,5.035702266895639
13664_right,5,5.443456070463679
13669_left,5,4.643935748057457
13669_right,5,5.085552296085008
13705_left,5,4.824263965717543
13811_left,5,5.270223049828427
13811_right,5,5.4721558075834
13819_left,5,4.810397522441296
13819_right,5,4.677541317065802
13938_left,5,5.381254969092539
13966_left,5,4.59273066580654
13999_left,5,4.801714442947298
13999_right,5,5.136064033496613
14021_right,5,5.147497608172351
14025_right,5,4.958684634587284
14084_left,5,5.037666469503084
14084_right,5,5.270788030034539
14340_left,5,4.582620154370371
14436_right,5,4.773183452967094
14495_right,5,4.621112957926998
14765_right,5,4.534805424834283
14844_left,5,4.6819728381055885
14844_right,5,5.138673843388697
14849_left,5,4.703241436829165
14849_right,5,5.429277985348024
14976_left,5,4.693174885261326
14976_right,5,4.995560804594427
15038_left,5,5.041187951996066
15038_right,5,4.727942308261591
15114_left,5,4.619566209231884
15149_left,5,5.313590782106996
15149_right,5,5.376635784445769
15343_left,5,4.815092704763744
15343_right,5,5.096971067675078
15376_left,5,5.026090569417852
15388_left,5,5.356486058362242
15414_left,5,4.82356714681592
15414_right,5,5.461787372097741
15459_left,5,4.703727854138794
15459_right,5,4.8278046654447815
15590_left,5,4.824585404964468
15590_right,5,5.441880361995245
15870_right,5,4.65419246580245
15941_left,5,4.603198855728145
15975_left,5,4.530672836063444
15975_right,5,4.793900590350136
16007_right,5,5.259330033048153
16046_right,5,5.292600106422899
16114_left,5,4.600758636754431
16114_right,5,5.432365557727916
16309_left,5,5.186457123363879
16309_right,5,5.115463782713033
16392_left,5,5.111895861721759
16392_right,5,4.999080220137595
16413_left,5,4.947727173901237
16413_right,5,4.581487390937719
16565_left,5,5.033206511749855
16565_right,5,4.9904548106726425
16581_right,5,4.6854427008181005
16802_left,5,5.018044476534627
16802_right,5,4.51253983052176
16920_left,5,5.179344008008709
17114_right,5,5.424767850938236
17135_left,5,5.081519598530192
17135_right,5,4.880754004692121
17221_left,5,4.990911082596433
17221_right,5,4.740293640681172
17411_right,5,5.36629050800642
17426_left,5,4.624295579022517
17426_right,5,5.379225472183798
17453_left,5,5.452169932916983
17453_right,5,4.601783980337474
17489_left,5,4.588386684465859
17489_right,5,5.314090932245973
17669_right,5,5.222775881012026
17749_left,5,5.151374786521293
17899_right,5,5.4661670558833055
17925_left,5,5.42353600106203
17940_left,5,5.23196882401111
17940_right,5,5.0702416461808255
18017_left,5,5.221965564847215
18030_left,5,4.712526794538944
18030_right,5,5.32603736892257
18059_right,5,4.752643205851847
18143_right,5,4.605366377256319
18370_left,5,4.649015317427839
18567_left,5,4.805774569766005
18567_right,5,4.647962964862193
18798_left,5,5.434796700537124
18803_right,5,5.311229252378322
18819_left,5,4.757484409861281
18902_left,5,5.35931537009661
18902_right,5,4.829459615365788
19005_right,5,5.1826829580494405
19061_left,5,4.981469098677889
19061_right,5,5.214441254377949
19110_left,5,5.325148618741485
19110_right,5,4.723888764046439
19116_right,5,4.935205597559529
19285_right,5,5.028839999396309
19347_left,5,4.747836299351596
19347_right,5,4.898061797482312
19471_left,5,4.721468674154876
19471_right,5,4.556008112571966
19485_right,5,5.297478014046151
19586_left,5,4.889549809483049
19588_left,5,5.030635285709255
19588_right,5,4.60855277929239
19600_left,5,5.35173081992284
19604_left,5,4.624533767022956
19604_right,5,5.30404036181876
19663_left,5,4.682667651517208
19663_right,5,4.717621085730328
19748_left,5,5.245681733554962
19748_right,5,5.18684696036037
19771_left,5,4.795153524471902
19771_right,5,4.568162875752018
19961_left,5,5.051254642307573
20026_left,5,4.770882137002844
20026_right,5,4.969854556640512
20111_left,5,5.474793536633007
20144_left,5,5.364099121763629
20144_right,5,4.654410162561629
20146_right,5,5.143439862088572
20432_right,5,5.299638902241007
20458_right,5,4.673964262627473
20574_left,5,5.448413951985421
20752_left,5,5.345742125886652
20752_right,5,4.9259092389010295
20855_left,5,4.604123629619289
20855_right,5,5.455095709528099
21033_right,5,5.361093177752231
21096_left,5,4.843900042707936
21096_right,5,4.89180179473856
21190_left,5,5.087049171794085
21190_right,5,5.320965441520202
21205_left,5,5.330385223751578
21205_right,5,4.921759474513517
21373_left,5,5.061056416241209
21373_right,5,4.7381366720026055
21444_left,5,4.940942778107165
21511_left,5,5.374397036367585
21511_right,5,4.901679675354536
21788_left,5,5.42745671254549
21788_right,5,5.409412050727672
22160_right,5,5.426903809154952
22271_left,5,5.397645634647594
22271_right,5,5.339319978751791
22379_left,5,5.00950002417525
22379_right,5,5.097472332220674
22520_left,5,5.3505306146713085
22520_right,5,5.243588096774724
22568_left,5,4.589210005141417
22568_right,5,5.245927736319412
22665_left,5,5.113106330389112
22665_right,5,5.043223919751504
22669_left,5,5.2177734951825565
22669_right,5,4.569439673887267
22716_left,5,4.742182004738015
22716_right,5,4.935191085110665
22801_right,5,5.388698283224693
22894_left,5,5.016831264897092
22894_right,5,5.435359467531565
22901_left,5,5.36426200201772
22901_right,5,4.668986967365948
22906_left,5,5.31426771906928
22906_right,5,5.410556991622788
23326_left,5,5.2954923604153095
23326_right,5,4.851701573387672
23403_left,5,5.111977986351159
23422_left,5,5.460495936375853
23422_right,5,5.290008955505899
23433_left,5,4.903713941805177
23433_right,5,5.296384190144124
23604_left,5,4.744031096153796
23648_right,5,4.681916684168378
23692_left,5,5.13412434327333
23692_right,5,4.900757162176902
23736_left,5,5.012080960891645
23831_left,5,4.860320691888139
23831_right,5,5.299139162249452
23906_right,5,5.141979360598845
24010_left,5,4.962128230538937
24010_right,5,4.500265772513288
24019_left,5,4.538036220356497
24019_right,5,5.487223368229881
24163_left,5,5.058073178624171
24222_right,5,4.8166968861858015
24472_left,5,5.396952369184768
24472_right,5,5.378643041865631
24772_left,5,5.008229089620817
24773_left,5,4.586359824162701
24773_right,5,5.30579279835424
24853_left,5,5.104103775608777
24853_right,5,5.474416273447177
24910_left,5,5.06882329572271
24910_right,5,5.158372896566755
25080_left,5,5.157069992822156
25080_right,5,5.035480835450572
25181_left,5,5.226304541059742
25378_right,5,5.173472813159729
25407_left,5,4.934813285255439
25407_right,5,5.215644924009407
25697_right,5,5.405138048713808
25741_right,5,4.748334542686033
25916_left,5,4.884084195005308
25972_left,5,4.9550829934571325
25972_right,5,4.558844752038971
25985_left,5,4.624278766017355
25985_right,5,4.6142100937343615
26477_right,5,5.080258767830825
26737_right,5,4.637741789521605
26772_left,5,4.877472897874515
26772_right,5,5.001067306944631
26997_left,5,5.032458828973536
27081_left,5,4.504616920675443
27081_right,5,4.9410215302408265
27094_left,5,5.2871890069429766
27251_left,5,4.689150002628993
27251_right,5,4.681264495286248
27376_right,5,5.047944582359204
27395_left,5,4.7670323642368935
27395_right,5,5.116249791676657
35861_right,5,4.778630092573324
35955_left,5,5.4394593448991895
35955_right,5,5.498577535443997
36027_right,5,5.456279501938117
36074_left,5,5.222583313731087
36125_left,5,4.574487592721173
36166_right,5,5.464485067098299
36258_left,5,5.105937443993984
36258_right,5,4.970859777737827
36300_right,5,5.217628155324352
36453_left,5,4.711313417740612
36453_right,5,4.668793086702269
36531_left,5,5.1493442701968135
36640_left,5,4.6987748171139945
36640_right,5,4.800232566596001
36653_left,5,5.31528917751128
36653_right,5,4.564089226302407
36722_right,5,4.629432037937718
36832_right,5,5.09266033412221
37008_left,5,5.073223736790656
37008_right,5,4.792964974113124
37117_left,5,4.80712260963644
37117_right,5,4.607399472019767
37232_left,5,5.050363466293078
37332_left,5,4.910203299579848
37332_right,5,5.419578044710945
37438_left,5,5.388610403453277
37708_left,5,5.385045943846603
37708_right,5,4.887286470082731
37783_left,5,4.818457024846127
37783_right,5,4.65838983771317
37808_left,5,4.934287100128609
37808_right,5,5.3072678162197375
37813_left,5,4.979970002106298
37813_right,5,5.354687764108302
37829_left,5,5.473164119012177
37834_left,5,5.420075874434766
37834_right,5,5.488400094829207
37849_left,5,4.847153300817856
37849_right,5,4.617219592687145
37951_left,5,5.2495693896382045
37951_right,5,4.655275069334291
37958_left,5,5.24214035177729
37962_left,5,5.096379662579134
38064_left,5,5.099560023593037
38064_right,5,5.417000099796159
38186_left,5,5.405710091852273
38186_right,5,5.273390991097587
38325_left,5,4.561965605467802
38325_right,5,5.073778189904675
38345_left,5,4.683286694972277
38407_left,5,4.963107093121377
38407_right,5,5.158998573791785
38513_left,5,4.6099098667524485
38513_right,5,5.3796949236790335
38518_left,5,5.088832522315364
38518_right,5,5.210358120007832
38595_right,5,5.0630866265908105
38653_left,5,4.807664733473162
38662_left,5,4.666872220027013
38811_left,5,4.974014428311232
38811_right,5,4.9489002855005335
38856_left,5,5.087791318907232
38856_right,5,5.499791891965813
39081_right,5,5.392595090681107
39134_right,5,5.194176499627256
39164_left,5,5.046613916165625
39164_right,5,4.894053073961147
39188_left,5,4.940697743966728
39188_right,5,5.1659461574208105
39353_right,5,5.499535078492413
39505_left,5,5.14704794348748
39505_right,5,5.354874623565718
39741_left,5,4.597979232878918
39741_right,5,4.611223436308963
39747_left,5,4.701075242742711
39747_right,5,5.401113185977441
39772_right,5,4.706347041738772
40078_left,5,5.3243728002834425
40178_left,5,4.826869927037699
40178_right,5,5.179700103840106
40183_left,5,5.123955520292376
40183_right,5,5.100250642892538
40319_right,5,5.432143501031329
40323_left,5,5.036756758389039
40323_right,5,5.0355056017042505
40405_right,5,5.438803053653186
40673_left,5,4.971492257453628
40673_right,5,4.551518869063276
40819_left,5,5.3968242323723965
40819_right,5,5.199378758243369
40893_left,5,4.8136784093249725
40893_right,5,4.743541011848817
40917_left,5,4.831645268872533
40940_left,5,5.093545404708741
41174_left,5,4.643888847358678
41174_right,5,4.852675419984623
41201_left,5,5.246639903541279
41201_right,5,4.654771287661074
41339_left,5,5.096211949878151
41339_right,5,5.487875355340183
41387_left,5,4.584620184969145
41387_right,5,5.138164905332676
41430_left,5,5.435327342120639
41430_right,5,5.329345191987294
41445_left,5,4.999869930551228
41445_right,5,5.330314529955744
41584_left,5,5.259642024377995
41584_right,5,4.894543199925203
41746_left,5,4.658075844295434
41746_right,5,5.440329174380011
41761_left,5,4.924070711158246
41761_right,5,4.569239577173922
41852_right,5,4.784470832009076
42022_right,5,5.35701696009137
42316_left,5,5.287914598943214
42358_left,5,5.377491650251741
42442_right,5,5.323624585978503
42484_left,5,5.167581720580861
42484_right,5,5.045293912894685
42815_left,5,5.331064370253842
42815_right,5,5.279815075861382
43008_left,5,4.725048685662088
43050_left,5,4.513733149436153
43050_right,5,5.242452028449283
43141_left,5,5.348010119965826
43141_right,5,5.237502573444372
43199_left,5,5.124968462718029
43199_right,5,5.0129806813306015
43339_left,5,4.947184049429256
43339_right,5,5.490113134406739
43379_left,5,4.854753022959286
43379_right,5,5.355873369237003
43839_right,5,5.163690716119167
43997_left,5,5.296571302944892
43997_right,5,5.389998756241294
43998_left,5,5.29767432899172
44100_left,5,4.509654683310089
44247_left,5,4.987915003130484
44247_right,5,4.786926106092236
44249_left,5,5.2084360556985
44249_right,5,4.6373500102708265
2916_right,5,5.256266128720183
41746_right,5,5.359863184785903
13819_left,5,5.297154037847612
4005_left,5,5.135721672210989
19604_right,5,4.5538588247175085
18819_left,5,4.934558259963977
22520_right,5,4.592346945678812
17114_right,5,4.711346644280448
406_left,5,4.817995604681283
16581_right,5,4.520166914991428
13664_right,5,4.742779168439694
27395_left,5,4.832340142194343
42316_left,5,4.985864387857062
10312_left,5,5.435491084084757
9157_left,5,4.680681027552666
37117_left,5,4.932887269986164
20144_left,5,5.090340264291291
43997_right,5,5.424513093005318
2016_left,5,5.062036943094015
670_right,5,5.096799329895921
19748_right,5,4.778139186998613
20026_left,5,5.065738725521385
10904_left,5,4.62137857578614
19116_right,5,4.795192175309159
936_left,5,5.323457668706669
9156_right,5,5.24754686381686
43379_right,5,4.682993432316788
37962_left,5,5.452277277298252
11854_right,5,5.234761566214284
27251_left,5,4.62989020385658
19061_left,5,5.066404288444503
9598_right,5,5.238621821234734
36453_left,5,5.437950671300437
1430_left,5,5.323858818612515
38518_right,5,4.741338308192493
6017_right,5,5.084692101230058
16309_right,5,4.979385966889477
21788_left,5,5.2407863155283785
38811_right,5,4.989922331046456
36074_left,5,5.460246245925962
26772_left,5,5.467247288745809
25985_left,5,5.413383171734391
24472_left,5,5.243595303863195
9598_right,5,5.296566405634228
11854_right,5,4.855673397578914
20144_right,5,4.580708155647437
13651_right,5,4.55961564723961
16_left,5,5.0957458990663165
1138_left,5,4.64660008683604
14849_left,5,4.706756077673337
10954_left,5,5.034207165964633
39353_right,5,4.888760641921849
8743_left,5,4.756902995229883
39772_right,5,4.724517470863365
8950_left,5,4.989599393325591
1084_right,5,5.205794532973938
15388_left,5,4.508594390751647
10321_left,5,5.353933235393655
19061_right,5,4.595051743633776
27094_left,5,4.981344792565004
4496_left,5,5.095008078904043
24472_left,5,4.550700270102365
16_left,5,5.450638476989092
41201_right,5,5.4678754703916255
7164_left,5,5.403735563188738
458_right,5,5.48212942936619
16309_left,5,5.363135424952871
19604_left,5,4.843980763110649
43141_right,5,5.442865395824229
13669_right,5,5.485778180662002
439_right,5,4.973279734029341
13664_left,5,5.109387694206231
38595_right,5,5.134974952221381
22271_right,5,5.399242658597953
17453_right,5,4.690586166974344
18902_left,5,4.621151620381832
7992_right,5,5.254442217455243
406_right,5,4.533038802754208
43997_right,5,4.821489358970181
25407_left,5,4.557289802648588
5258_left,5,5.208733707446818
10785_right,5,5.493408243554342
19771_left,5,5.290533571755516
43141_left,5,4.903551101524285
16309_right,5,4.78564300330701
9942_left,5,4.746295684136221
13819_right,5,4.949697754378123
4086_left,5,5.122094457176223
36653_left,5,5.192201965872904
37808_right,5,5.145648410630076
16392_right,5,4.889703390940612
8236_left,5,5.445094819323938
21096_left,5,5.063287225400167
2970_right,5,4.712669715875717
2880_right,5,5.200105082300613
9682_left,5,5.338063531184652
20574_left,5,4.613858754241837
27081_right,5,5.407285994552305
217_right,5,5.067744772460133
10047_right,5,5.187473240353354
14849_left,5,4.940514518307396
3412_right,5,5.270072268045719
4909_right,5,5.431700820853348
41174_left,5,4.856944883854603
9682_left,5,5.312474540106333
8388_right,5,5.257427167475283
40178_right,5,5.397811186959947
38518_right,5,5.006046606126488
39741_right,5,5.29472002982867
18143_right,5,5.409602796238837
14976_right,5,4.919613552186166
406_right,5,5.486225064151404
24853_left,5,4.842420043108721
42442_right,5,5.4501272299028685
23422_right,5,4.794805167281843
21205_right,5,5.183028057753691
15038_left,5,4.616269019771827
405_left,5,4.923470625436993
3993_left,5,4.954809742945012
38345_left,5,5.158640775421795
22716_left,5,4.827611348609622
15343_left,5,4.592697017178664
7164_left,5,5.133063425650161
5258_left,5,5.099484573582515
38064_left,5,5.299079138997552
43141_right,5,4.6959116956464895
39747_right,5,4.917662633194139
36653_right,5,4.892917329053054
23831_left,5,4.574162088526848
39741_right,5,4.901238112209518
19663_right,5,5.288824201731887
14844_right,5,5.284707626115847
14340_left,5,4.724739410166634
8462_right,5,5.108466401414996
326_right,5,4.596420178989038
27081_left,5,5.459098360158083
23736_left,5,4.779417837467825
27395_left,5,4.512891782154075
39747_left,5,4.641356175847083
10785_right,5,4.8393768025953054
4496_right,5,4.5936060563377845
8681_left,5,5.017169596751825
3064_left,5,4.591189201068048
14084_right,5,4.781911448375912
24853_left,5,4.680923993580699
38513_right,5,4.948442368857313
37834_right,5,4.729838854087761
7945_right,5,4.99308595206906
13664_left,5,5.279401146604596
39505_left,5,5.156925957407732
10312_left,5,5.140662074899952
22894_right,5,5.281328440442508
27251_left,5,5.445818064364342
21096_right,5,4.711554662022486
37829_left,5,4.6580028369954185
6613_left,5,4.57194967544755
38064_right,5,4.71497626389137
12861_right,5,5.2197966076700855
9419_right,5,5.27294403152832
41201_right,5,4.739438585160325
41339_left,5,5.476733107099683
15114_left,5,4.811872983215892
14340_left,5,4.996092610580181
36453_right,5,4.875780305032162
36832_right,5,4.560981413640304
8462_right,5,5.186460234218604
19748_right,5,5.320008979079019
2810_left,5,4.820534885411751
36722_right,5,4.809886177744235
42484_left,5,5.389677030527134
43199_right,5,4.791151613447498
13066_right,5,5.23082410674162
17426_right,5,4.80808662740166
19110_left,5,5.291077437722795
40917_left,5,5.139761580476451
9682_left,5,4.900841416296862
367_left,5,4.992772133049936
4086_right,5,4.6306371193303
38518_left,5,5.204093451437672
38662_left,5,5.05819249722426
41746_left,5,5.04470501853146
22568_left,5,5.161017095512617
10653_right,5,5.252116421611042
18030_right,5,4.920073438215423
10312_left,5,5.0542469065843205
18370_left,5,5.37023232166343
21788_left,5,5.310370873341025
36027_right,5,4.687088896478152
19586_left,5,5.211472754126326
23906_right,5,4.949982628799357
41852_right,5,4.754690072636021
42484_right,5,4.732875828730848
7164_left,5,5.199889714069996
19061_right,5,5.394782145532957
13387_left,5,5.315485265163865
19663_right,5,4.790733115676
41746_left,5,4.77356792761514
40917_left,5,5.143125598983696
40893_left,5,4.814209661303426
10653_left,5,4.586129588626146
14844_left,5,4.739217871616906
36453_right,5,5.482920383117215
37813_left,5,5.093886615821795
37783_left,5,4.890245112186581
8950_left,5,4.962996741445737
3993_right,5,5.440094720188294
12652_left,5,4.5381094767907015
40893_right,5,4.5490688125956815
26772_right,5,4.530975767564617
2496_left,5,4.894256634792276
986_left,5,4.572859985651036
12995_left,5,4.729357542741713
16565_left,5,4.885378338548641
39134_right,5,4.509769264034963
8462_left,5,5.34123860989371
43998_left,5,5.043004058203129
42484_right,5,5.499323684112397
43379_left,5,5.4285212157524025
15414_left,5,5.107181173801147
1138_left,5,5.045424969852424
17925_left,5,5.27226096231938
17135_right,5,5.3198358889206485
9419_left,5,5.474945099011923
9598_left,5,4.929054011135681
405_right,5,5.284341296849884
15149_right,5,4.859967814339737
38653_left,5,4.539048976427899
24222_right,5,5.266758519945332
22271_left,5,5.1593359733829
10570_left,5,5.441908601288717
4688_right,5,4.564228858323815
2804_left,5,4.584341944119863
36258_right,5,4.988760078776385
23422_left,5,4.798415122667958
2804_right,5,5.446835381161225
19771_left,5,4.834368406641474
27395_left,5,5.013776932616062
6997_right,5,4.713852566462763
26997_left,5,5.169457706446128
23906_right,5,5.078552400155848
10904_right,5,5.034817869278263
37232_left,5,5.011399334515903
43199_left,5,4.608906197702434
24472_right,5,5.330629719839617
27251_right,5,5.184896816821394
19588_right,5,5.083738049374409
19748_right,5,4.851519652780944
24773_left,5,4.831059427295221
4130_right,5,5.316931780991161
8681_right,5,5.438579471640068
40183_right,5,5.096031343141326
21190_right,5,4.699253911271746
9608_right,5,4.979286938376759
19771_left,5,4.857188344763028
17899_right,5,4.610460139474434
41746_left,5,5.124347751128721
13664_left,5,5.026346684199725
294_right,5,4.557927562523872
16309_right,5,4.6566607274539535
406_left,5,5.0961633173716345
13669_left,5,4.794899142458325
21373_right,5,5.422269412667724
24222_right,5,4.705143094529824
18902_left,5,5.004317029380912
8388_right,5,5.1787965350671525
38518_left,5,5.026184066878622
4252_right,5,4.856234386591043
36722_right,5,5.066593889119221
20146_right,5,4.522423811639615
19110_left,5,5.012918774385031
12861_left,5,5.36852662173121
15038_right,5,5.316461409406872
15870_right,5,5.488566158214634
19485_right,5,5.439004626654752
37829_left,5,5.382915260757128
3371_left,5,5.021721467376407
23433_right,5,5.294806885218001
40893_left,5,4.856468906682089
39747_right,5,4.515375147330434
19110_right,5,5.1013075395463865
19588_left,5,5.173316290893131
44247_right,5,4.638622746748244
38064_left,5,5.413583619589252
23433_right,5,4.644252842470046
14340_left,5,5.012279046081175
670_right,5,4.91782624161431
15343_right,5,4.770147463333792
6096_right,5,5.125199598661949
40323_right,5,5.185299669273547
8681_left,5,5.235609227070448
39741_left,5,5.040809640546695
24019_left,5,4.86242935869928
40178_right,5,4.589914427996517
43141_left,5,5.372816931794411
8950_left,5,4.904660575193288
18902_left,5,4.836585114641715
10017_left,5,5.014764399049271
3563_left,5,4.828469151704505
8087_left,5,5.178673778474178
4531_left,5,4.914868353849361
25985_right,5,5.107722967326645
3501_left,5,4.684334806114062
6719_right,5,5.362657082555928
21788_right,5,5.36092676152785
37808_left,5,4.616012408773823
36531_left,5,4.743978956226525
9682_right,5,4.664023732964912
7992_right,5,5.206069730550039
21511_right,5,4.728643583549273
4688_right,5,5.301870663670231
9598_left,5,4.604604428778146
13669_left,5,4.923474401185029
39164_left,5,4.6052567681367815
19005_right,5,4.590363789013454
16413_left,5,5.407022923050406
24222_right,5,4.544553376475842
37783_left,5,5.046132280706898
22568_left,5,4.563278383947856
3064_left,5,5.058804415104861
16309_left,5,4.578306854341966
37813_right,5,4.6087725310945125
41852_right,5,5.185522123598982
13819_left,5,4.730081220033496
670_left,5,4.534949147245587
42484_right,5,4.721517762200412
217_right,5,4.783959422393535
24163_left,5,4.756589291548468
20144_left,5,4.565908203486126
12861_right,5,5.299009514626285
41174_right,5,4.579349210855257
27081_left,5,4.8584976048282655
22271_right,5,4.785925740907828
16309_left,5,4.537583957102784
15114_left,5,4.763090287583152
5258_right,5,4.877196900373306
37232_left,5,5.188083704368005
39081_right,5,4.853874061294278
15149_right,5,5.489134183057518
43997_right,5,4.95445113586487
37232_left,5,4.588766931486667
13819_left,5,5.325174492403146
7821_right,5,5.154572382838939
19748_right,5,4.835496432330495
14849_left,5,4.7335787808222864
16920_left,5,4.876706208927313
6096_right,5,4.87876318082534
1430_right,5,4.566820714856808
22894_right,5,5.255843474542767
10570_left,5,5.042322135743047
37783_right,5,4.659988624033564
15343_right,5,5.014974827982774
22894_left,5,5.181430764906041
670_left,5,5.147852677511959
5304_right,5,4.864904832442548
17426_right,5,4.548336756188423
2880_right,5,4.562772375633618
19663_left,5,5.4212648714592335
37813_left,5,4.840948911116087
3611_right,5,5.128874656253542
37117_left,5,5.322569045705013
23433_left,5,5.008014820859072
11854_left,5,4.875047031564109
16392_right,5,5.449798696529452
13811_left,5,5.00026681348298
23604_left,5,5.134188900362622
22716_left,5,5.084715647590515
23403_left,5,4.97991410937665
13669_left,5,5.075735446125027
20458_right,5,4.781519592208168
15870_right,5,5.496595988083472
19588_right,5,5.178161946849217
9419_left,5,4.66371071536511
36653_right,5,5.378411811109601
2970_left,5,5.25465373199818
10904_right,5,4.952922890145098
38856_left,5,4.624430723107217
41445_left,5,4.73717140878821
37438_left,5,4.675293756983431
15376_left,5,4.732322837088095
24019_right,5,4.699197834619127
22716_right,5,4.732043095998915
38186_left,5,5.130138378097617
13664_left,5,5.148844136473644
9682_right,5,5.31844569820177
12995_left,5,4.552473863706335
19588_right,5,5.4980622328477
40323_left,5,4.650357488863398
43379_right,5,5.41770111994618
37708_right,5,5.024816235736776
10785_left,5,5.0210068829443415
19285_right,5,5.035399535533099
23831_left,5,4.649029578132987
38653_left,5,4.534280360713043
43050_left,5,4.880664112579379
19116_right,5,4.565514296476792
9682_left,5,4.816298792716486
9419_right,5,5.3249934777394765
41430_left,5,4.531793296076242
9608_right,5,5.392419342702002
39747_left,5,5.254342651491228
9419_left,5,4.742437930079751
294_left,5,4.558354685569799
936_right,5,4.7223325212971385
4086_left,5,5.113983270930708
24472_left,5,5.339245637074352
9518_left,5,5.287362152009051
19471_right,5,4.605734957517717
11032_left,5,5.28613055278556
37962_left,5,5.1260238141692085
3064_left,5,5.3757377264965545
14084_right,5,4.606122235283321
37834_right,5,4.968077932400974
8292_right,5,5.352082675987159
26997_left,5,4.781970586263618
36722_right,5,4.55321032792715
936_right,5,4.5254372457825855
39164_left,5,4.928728418299603
13022_right,5,4.756153203528812
19061_left,5,4.54675135789535
22716_right,5,5.009252268294564
19604_right,5,5.412032146041849
10653_left,5,4.948801931326917
5304_right,5,4.847606048716292
16007_right,5,4.96345697329697
27081_right,5,5.269650792684102
7853_left,5,4.533913788243392
19771_left,5,5.093972370866856
40917_left,5,5.178486939640165
24773_right,5,4.870197987429593
15038_right,5,5.324158562099492
18370_left,5,4.867869572160853
9680_left,5,5.255096426684776
2016_left,5,4.814132243278379
3371_left,5,5.318736578937632
5304_right,5,5.078667896803447
21205_right,5,4.955107228610397
7945_left,5,5.357912941287712
37232_left,5,4.847355613989581
3412_left,5,5.173236341872467
12652_left,5,4.674722004300257
1430_right,5,5.1438272994797485
9863_right,5,4.545789451496919
13308_right,5,5.332474714065701
7853_right,5,5.204900160296962
18059_right,5,5.259999628119369
19771_left,5,4.916897856554358
20111_left,5,5.098638029355797
18030_right,5,5.057404153354948
19771_left,5,4.52726269408639
8236_left,5,4.505220873761194
38662_left,5,4.889212789634176
9353_right,5,5.35598682959842
8236_left,5,5.078309285534686
9863_left,5,4.920156058879217
5838_left,5,5.065737888413768
42815_left,5,5.36018806329561
12861_right,5,4.776525613315847
27251_right,5,4.735312337298564
16565_left,5,5.107942817697566
15975_left,5,5.335712397581545
26737_right,5,5.124436543304568
8681_right,5,5.085061945625871
3802_right,5,4.778912015542406
41746_right,5,4.833511139618208
37829_left,5,4.987442207057541
15870_right,5,5.397656602963786
406_right,5,5.219708752647796
2810_right,5,4.731733164047423
41201_right,5,5.064072398813329
43379_right,5,5.302475851531014
26772_left,5,4.99850135493433
38513_left,5,4.627631910074634
37849_right,5,4.658815823784599
42442_right,5,5.145639910153802
22894_left,5,4.657812383325358
41174_left,5,4.619935755648578
26737_right,5,4.887858996129952
17899_right,5,4.59403738077544
18017_left,5,5.087372046201145
22716_left,5,5.031713459056636
37958_left,5,5.342613883372767
44249_left,5,5.03565427779362
4496_left,5,5.273392869923341
13705_left,5,5.321039589306838
1138_left,5,4.61967744828377
10954_left,5,4.83121562506359
7164_right,5,4.882845534789545
3501_left,5,5.294848641399011
7164_right,5,4.532768613247836
19588_left,5,4.800397040868713
23326_left,5,5.09189125106848
40323_left,5,4.899063316558329
2880_right,5,4.589250618019217
4496_right,5,5.438815241211847
23604_left,5,4.975488320281486
14844_right,5,4.906591036255061
9863_right,5,5.2586597401543065
43998_left,5,5.291813012655795
26997_left,5,5.056000607907524
5105_right,5,4.770573875075921
40940_left,5,5.393350547426708
8087_left,5,4.994968064384698
9311_left,5,4.565740684649128
37962_left,5,5.145710868612915
26772_right,5,5.153265874778546
40183_left,5,4.645665625279495
9156_right,5,4.814433238817884
44247_left,5,4.554027663400726
10785_right,5,5.237833884945071
12419_left,5,5.136883592234156
13395_right,5,5.207519634503496
405_left,5,5.388033178024093
3993_right,5,4.720767906485952
7992_left,5,5.3679492911948286
43839_right,5,5.404297647149037
405_right,5,4.6558787832673
17135_left,5,5.446396746241793
24910_right,5,4.798680635671096
23422_right,5,4.865178730197624
4155_right,5,5.20866011222344
1663_left,5,5.452111120332427
36722_right,5,4.829342238028377
18370_left,5,5.461258659279188
15414_right,5,5.317835863676723
21511_right,5,4.5450348690756845
19005_right,5,5.471160522105299
41387_left,5,5.0328251720091055
36125_left,5,4.686455161977263
24019_left,5,5.430190305903047
37438_left,5,5.473030264713716
38407_left,5,4.613785379490765
294_left,5,4.747862403935536
41339_right,5,5.284413343875641
22669_right,5,5.497977329485349
6707_right,5,5.192217503737703
4130_left,5,4.7906248963597164
37808_left,5,5.0535671911115445
17489_left,5,4.95414919026361
15343_left,5,5.081550971957392
16309_left,5,5.154002702858789
19061_left,5,5.486622013424042
18030_left,5,4.941181175472744
22271_left,5,4.758785054457995
16565_left,5,5.301340846422471
43050_right,5,5.372837452899701
16920_left,5,4.637823857424733
18902_left,5,5.484521320276061
2970_right,5,4.965604655797256
2916_left,5,5.487189326670668
22160_right,5,4.654387670626561
7821_right,5,5.017901662265
44100_left,5,4.577497258611621
17221_right,5,4.757443275149569
2810_left,5,4.897060419822696
5825_right,5,4.777569694310081
8681_left,5,5.342181349227825
14765_right,5,5.318644424623206
42484_left,5,5.430611821711132
37332_right,5,5.383829316820864
2970_right,5,4.703360714356979
14084_left,5,4.655143530640235
20144_left,5,5.438585412330701
439_right,5,4.855601920353881
25080_right,5,4.543005174068073
38064_left,5,5.360223656222565
15459_right,5,5.264486555897816
6707_left,5,4.532882876295497
20752_left,5,4.605732998805705
4531_left,5,5.32201236820954
12652_left,5,4.965514144571345
10653_right,5,5.120344712254735
22906_right,5,4.622562126180419
11492_right,5,4.501013938484351
38811_right,5,4.7016051210554926
40940_left,5,4.936055870822117
38856_left,5,4.9780294383514825
23433_right,5,4.711447674646115
12995_left,5,4.660625285815894
21033_right,5,4.755932437227089
18819_left,5,4.581740770249922
41387_right,5,4.580987799233985
4909_right,5,5.299702543159391
10904_right,5,5.416188063452021
6707_right,5,5.415461909596354
43008_left,5,5.315662524333064
7164_right,5,5.126768465842876
41761_left,5,5.478561876110727
41746_right,5,4.521022718139705
37808_right,5,5.109749289322566
13222_left,5,5.341629345803833
15038_right,5,5.037347228097973
38662_left,5,5.083859086219112
40893_left,5,4.749897114993663
2338_left,5,4.664152829074359
3371_right,5,5.158473427294837
13811_right,5,4.902917477527323
405_left,5,5.325481520625017
38595_right,5,4.591318264419513
43008_left,5,4.768697540397826
19110_left,5,5.4810626408020005
37332_right,5,4.897392756546196
11492_left,5,4.983078343962891
17221_right,5,5.109946108108274
38186_right,5,4.54252881432108
41584_right,5,4.522238185862298
20574_left,5,4.781339297397496
15414_left,5,4.64094594355892
27251_left,5,5.139553578117896
17669_right,5,4.6326371590840605
43199_left,5,5.314840006720492
17221_left,5,5.067240731982488
38325_left,5,4.949586369345461
12108_right,5,4.823914604527721
43141_right,5,5.162397842485282
6096_left,5,4.797882662111019
42316_left,5,5.163086490309163
38186_left,5,5.140365650445001
17940_right,5,4.569793535592632
9608_right,5,4.6759790177099525
14976_left,5,5.416601031072514
36722_right,5,4.704088457581943
19604_right,5,5.160926036638488
936_left,5,4.561563401673349
38186_left,5,5.492305688875538
15414_left,5,4.84438697024024
17426_left,5,5.3157931184005935
36640_left,5,4.854351479100101
7821_right,5,5.1928748594446095
15149_left,5,4.7885935210126425
18902_right,5,5.029684633912738
23403_left,5,4.99879586624847
21373_right,5,4.652151561153466
23692_left,5,5.250064490007071
8236_left,5,5.41471727291705
19588_left,5,4.564955357102996
19110_left,5,5.307321623696905
22568_right,5,4.793876434582067
3993_right,5,5.0895520127463785
37332_left,5,4.68303738574134
6997_right,5,5.338682418785673
39164_right,5,4.853851851161594
43339_left,5,4.558441641982505
22379_right,5,4.990080813380252
9353_left,5,5.17836903094459
23736_left,5,4.717716525219912
36453_right,5,5.191565881319189
16114_right,5,4.675900385686611
9518_right,5,4.970701084304798
6707_right,5,5.14639017885869
13664_right,5,5.352186907049411
40940_left,5,4.7738739853833145
7279_left,5,5.148270610990966
27081_right,5,4.69597745839692
36653_left,5,5.349257112230513
41746_right,5,5.035774497086579
21205_right,5,5.01759054232323
9298_left,5,5.100685425991599
38518_left,5,4.581603473773535
217_left,5,4.633365768418048
18567_right,5,5.161281639886076
42815_left,5,4.880916767000715
4793_left,5,4.806179297326859
18059_right,5,4.765957884920133
15376_left,5,4.819873369263687
22901_left,5,5.460521064695502
22906_right,5,4.643997947597719
43379_right,5,5.163498295731123
39505_left,5,4.8358564709896505
27094_left,5,5.0443141048362135
25916_left,5,4.6420534906846775
15343_left,5,4.585400235564116
39505_left,5,5.0416562026066405
1099_right,5,4.680312977065845
13038_right,5,4.650165647631406
8236_right,5,4.91768040258474
18798_left,5,5.10424104186036
5838_left,5,5.183094019640983
9598_right,5,4.579450897937875
39772_right,5,4.552608391940608
19663_left,5,5.24196394156244
21190_left,5,4.96928082073558
9156_left,5,4.99281452065673
18370_left,5,4.918155097566981
6997_right,5,5.002533988226016
40819_left,5,5.039516125295985
21096_right,5,4.689041554743145
9598_left,5,4.744506137507746
38064_right,5,5.098672071300468
18803_right,5,5.223856136371516
26737_right,5,5.306918496800481
36832_right,5,5.495011805649187
9298_right,5,4.853934556065047
37438_left,5,5.496775735689662
18798_left,5,4.712654479303555
19604_right,5,5.458202949507081
41852_right,5,4.908806591179287
37849_right,5,4.620498969570681
9419_left,5,5.351740942879
18030_left,5,4.845695912993541
15590_left,5,4.968871489680154
6017_left,5,5.097468602562703
41761_right,5,4.526175465857337
13651_right,5,4.810320365743864
11854_right,5,5.403781354196275
24222_right,5,4.844727543765233
7853_left,5,5.022786370925934
24772_left,5,5.4023411137484345
4252_left,5,4.549870887785716
9608_right,5,4.780485106541434
12108_right,5,4.552111351014869
4086_left,5,4.751631999190805
43199_right,5,4.826682138987005
38518_right,5,4.571198755277673
18819_left,5,4.850807854389911
17669_right,5,4.644297810942917
10047_right,5,5.042706216585632
2916_left,5,5.251512327767552
8950_left,5,5.455972907679792
40183_right,5,4.948331598176204
10017_left,5,5.403177737738653
36166_right,5,4.598044029200306
21511_right,5,5.440152201222001
16392_left,5,5.1832577869293965
16565_left,5,4.600419685259882
20432_right,5,4.846938827557203
2016_left,5,5.290141740271845
41174_left,5,4.5481320814046775
41339_left,5,4.861883874070095
27081_right,5,4.927056522246159
22568_left,5,4.9285049569941295
9353_right,5,5.255104956305982
9598_right,5,5.102621019768164
1663_right,5,5.350697141340921
20458_right,5,5.083987759231724
19347_right,5,4.980553348888295
14084_right,5,5.369370530784792
4155_right,5,5.345706713243437
24010_right,5,5.155388090559887
37808_left,5,4.683565540477194
42815_left,5,5.347196745169704
22520_left,5,4.7861964241953086
10785_right,5,5.053792781777038
9598_right,5,4.988919687739122
9157_right,5,5.204217396174236
21373_left,5,4.95752962708503
16802_right,5,5.240255383184453
22801_right,5,5.088109812797404
38513_left,5,4.715590840639387
43008_left,5,4.88470549801474
44249_right,5,4.577184294371275
36027_right,5,5.134353466497036
9608_left,5,4.550925572423632
18143_right,5,4.997779666090766
24163_left,5,5.24330466740071
2016_left,5,5.245373224987559
2880_right,5,4.7778881385203
37951_left,5,5.416764298903876
12108_left,5,5.246297798809312
37813_right,5,4.741725348235667
37332_right,5,4.664268601711664
5105_left,5,5.169430063052992
2880_right,5,4.965918889008447
36531_left,5,5.263566721427687
41430_right,5,4.9329038068751085
25080_left,5,4.842815663801814
4155_right,5,4.958246243839485
9216_left,5,4.992608287061114
9598_left,5,4.9243505322749925
20026_left,5,5.136258990464667
8681_left,5,5.439944286192282
16413_right,5,5.016725138515938
27094_left,5,4.524083256163916
1941_left,5,5.352567506965197
5258_right,5,5.396619423110307
9353_right,5,4.876405700791128
3412_left,5,4.811589580545572
11032_left,5,4.674369527503385
3418_left,5,4.66196686096573
37813_left,5,4.7743683666332375
6719_left,5,4.682196341706496
37808_left,5,4.611034325597377
217_right,5,5.003044236230074
12419_left,5,5.489118097898583
19116_right,5,5.114638623674691
20855_right,5,5.439079140196009
6997_right,5,4.598159086135417
26772_right,5,5.478036291042359
16392_left,5,5.183835687889825
367_left,5,4.899241757931543
39081_right,5,5.188423436278299
10904_left,5,4.908715037816874
40183_right,5,4.507992697638028
38345_left,5,5.23482253231229
10954_left,5,4.6680898643694135
43339_right,5,5.009051195050682
10570_right,5,4.559923494814466
21444_left,5,4.547618715802856
13999_left,5,5.487620613624664
13022_right,5,4.965061861713929
13669_left,5,4.568789071814438
23433_right,5,5.12489103233618
43998_left,5,4.786077399613697
3993_left,5,5.196052213431996
26997_left,5,4.897595338743121
40323_left,5,5.16114122077098
7531_right,5,4.837035877792623
38064_left,5,4.921590290003807
37951_right,5,5.000258406758126
11874_right,5,5.424602391136541
2496_left,5,4.8913602830025065
13966_left,5,5.032824323299083
24010_right,5,5.017003717941729
4005_right,5,5.189188578973439
37813_left,5,4.591245754285639
14844_right,5,5.382590540597258
36722_right,5,5.126341181951754
21444_left,5,5.076195287242951
24910_left,5,4.581051717534532
20752_right,5,4.973245982756805
26997_left,5,5.117000615187067
19588_right,5,5.265372987223648
19600_left,5,4.90206924852497
326_right,5,4.848624966816495
17135_left,5,4.800196707686711
18030_right,5,4.861916991404424
18030_right,5,5.031586546078944
43050_right,5,4.517277000942153
7531_right,5,5.122831022483551
19588_left,5,5.200788693617376
21444_left,5,4.50661085391203
39747_right,5,5.223742944562542
367_left,5,4.8162104457439385
21511_right,5,5.17124472678776
17453_left,5,5.317158865602625
4005_right,5,4.861685325503101
19110_right,5,5.475839816810799
26477_right,5,5.2591899256550985
40178_left,5,4.816239992758569
8090_left,5,5.029604093786615
11807_left,5,4.8202419565535495
12014_right,5,4.718126611681214
14021_right,5,4.560727208611424
23422_right,5,4.710911613867388
41430_left,5,4.695539320446162
16309_right,5,4.796135075158869
37813_right,5,4.799730369122138
41430_left,5,5.473423790054662
7945_left,5,5.02335300356191
38518_right,5,4.975097416367734
23831_left,5,4.760540538235981
21788_right,5,4.734405888659767
23692_left,5,5.329797100190479
15941_left,5,4.741624593877556
13022_right,5,5.130919460822844
9942_left,5,4.88825339306337
38325_left,5,5.416896414708765
19663_left,5,4.790686662108822
1350_left,5,5.445222813619926
11032_left,5,4.5129616441167055
15870_right,5,4.982344683608638
217_left,5,5.356791586162656
9157_right,5,5.484889224105712
9156_right,5,5.180769437909231
24019_left,5,4.922684407674265
19471_left,5,4.71158390526284
37117_right,5,4.670289035050976
17925_left,5,4.780580361291304
41852_right,5,4.89144912801233
39505_right,5,5.302083149503229
10904_left,5,4.730837077211362
1099_right,5,5.091214697521002
1430_left,5,5.194774164917428
25916_left,5,4.903586827135288
27251_left,5,4.640970681547701
39134_right,5,4.8914920253362135
36166_right,5,5.192427825018792
43050_left,5,5.023254589926024
22669_right,5,4.979111069090576
39134_right,5,5.45684605750246
22901_left,5,4.952296002965965
27395_left,5,4.577018863533349
11854_right,5,5.136411774847665
20458_right,5,4.773520458183504
43839_right,5,4.539600996828385
15343_left,5,5.402213848666701
3412_right,5,4.916158279078045
38662_left,5,4.612450718613054
21096_right,5,4.908706251704922
39081_right,5,5.298061952115599
14084_left,5,4.5328338159137616
37117_left,5,5.169830876418286
22665_left,5,5.448807752363658
24222_right,5,5.119229307244783
1430_left,5,4.682576544439543
41584_right,5,4.743661363017022
22901_left,5,4.558813886115168
41430_left,5,5.419296957857184
4909_right,5,4.917850160468976
9157_right,5,4.884565831935501
43339_left,5,4.821711251996373
22379_left,5,4.863910382293689
41746_left,5,4.664222454192244
38856_right,5,5.0185140958919625
37783_right,5,5.049921943296905
23736_left,5,4.573304136817264
326_left,5,4.763595832112362
35955_left,5,5.014544637334304
19771_right,5,5.1477739308634245
18902_left,5,5.177986155073306
13669_right,5,4.939806032107493
27094_left,5,4.8963621765783945
19116_right,5,5.297443877359779
16_left,5,4.85945014449954
43141_right,5,4.959107964540033
41339_left,5,4.895800425784576
21373_left,5,5.033379062168409
15038_right,5,5.124302818822779
21373_left,5,4.628269765225646
14844_right,5,4.77656420458163
41761_left,5,4.990889706350568
22716_right,5,4.50916114882393
37438_left,5,5.370696580910934
39081_right,5,4.667323881997358
24019_left,5,4.526424204519987
11896_left,5,4.574241498349284
27081_left,5,5.257063609705057
15941_left,5,5.388491164984348
21096_right,5,5.362102969884396
15388_left,5,4.90540958717767
4793_left,5,4.594775891253082
17940_left,5,4.80367127815608
17940_right,5,4.865983750303788
9783_right,5,5.49715435736436
17221_right,5,5.107464584661141
7992_right,5,4.790808639962134
40319_right,5,5.307059832557506
38064_left,5,4.7608519382366445
3993_right,5,4.6148967453461545
3501_left,5,5.351473188499381
13811_right,5,5.21089903873391
15941_left,5,5.455008454547702
23326_right,5,5.318250767433671
19604_left,5,5.128680572681278
14844_left,5,4.607690614662179
43050_right,5,4.983243850721223
9942_left,5,4.61195967538994
36653_right,5,5.306235579108728
22716_left,5,5.459869891766524
36453_left,5,4.929158002695799
12108_left,5,5.471196304636623
8681_right,5,5.405298861572276
5258_left,5,5.062387683430325
6707_right,5,4.531098565404817
367_left,5,4.783492888219143
19005_right,5,4.921477696015822
21444_left,5,5.136801861939789
7279_left,5,5.486687637466046
38811_left,5,5.018438626084377
12419_left,5,5.130424821444121
42316_left,5,5.216118180909416
44249_left,5,5.193317673549076
36300_right,5,4.6466328685351534
217_right,5,5.282941189777283
24472_left,5,4.63273104442645
405_left,5,4.523349289233925
10312_left,5,5.195836545554615
17221_left,5,4.558368221594149
21096_left,5,5.011814099545919
18798_left,5,5.1106824757921805
10653_left,5,4.888965799184263
22568_right,5,5.456571776187702
17489_left,5,5.463881522870601
39164_left,5,4.686398681769983
12419_right,5,5.009887945438562
38325_left,5,4.855834183034194
13811_right,5,4.96054001914621
3993_right,5,4.909620015865557
10570_right,5,4.705107083137704
20111_left,5,4.512085060508046
1430_right,5,4.8078902373121375
11492_right,5,4.615338584202438
23692_right,5,4.500335789620795
20026_left,5,5.207746823260384
37834_left,5,5.151939626193151
13811_right,5,4.539050877921996
15414_right,5,5.180501126788407
42815_right,5,5.41374427431928
3501_left,5,4.88129338193658
7992_right,5,4.916398525526556
4155_right,5,4.587026255108492
16007_right,5,4.5389032109475655
1430_right,5,5.155972468942746
13387_right,5,5.222315928216536
17749_left,5,5.235980913094556
405_right,5,4.790405884209492
43339_left,5,4.719407146955479
6017_left,5,5.48181696696599
37332_left,5,4.687162351961445
15343_left,5,4.851545699979416
217_right,5,4.916353294455596
36453_left,5,5.40728520995365
39741_left,5,4.634824847519492
15149_right,5,4.557455075049265
36027_right,5,5.289029942217638
37808_right,5,4.778237261303631
1663_left,5,4.731379594854434
17940_right,5,5.37735666639542
19771_left,5,5.344894162939002
10570_right,5,5.328858660901794
22520_right,5,5.284862132447934
22379_left,5,4.930255964365093
326_left,5,4.577301157532542
1350_left,5,4.746316379479598
1084_right,5,5.437800978500119
9608_right,5,4.773084589554652
37962_left,5,5.399389725500285
37708_left,5,4.595988320828387
19110_left,5,4.780199759634239
20855_right,5,5.464921732912155
14436_right,5,4.921284090583524
19771_left,5,5.183349605867407
8681_left,5,4.830809284358765
6707_right,5,4.668389055873082
16413_left,5,4.640986691422191
5838_left,5,4.553697385596181
8090_left,5,5.279148260130151
22271_right,5,4.9830266125399945
40183_left,5,5.321922013849953
8950_left,5,4.9581333317693055
43997_left,5,4.856071937566949
41430_right,5,4.983339729485828
26477_right,5,5.229363593429664
24472_right,5,5.14581093045831
18059_right,5,5.071160553464387
23326_left,5,4.739027922930145
5825_left,5,4.986648982322057
3563_left,5,4.530080860075014
8681_left,5,4.740281461109476
22379_right,5,4.949156946844131
4252_left,5,4.532953172131334
36722_right,5,5.304351948175967
38856_left,5,4.863466439481553
9518_left,5,4.788621404560992
36722_right,5,5.426962892084764
1138_right,5,4.630102987613379
40183_right,5,4.889406031297079
21373_left,5,5.0548216097923016
16413_left,5,4.583120350512166
38064_left,5,4.658114304368651
3412_right,5,4.780327690189363
24910_left,5,5.238518883149013
38856_right,5,4.820565754848673
22801_right,5,5.4160095040576754
8236_left,5,5.432458062949005
9680_left,5,4.811802250237661
15376_left,5,4.608870186464776
7531_right,5,4.961208489187988
10570_left,5,4.991243945029144
9419_right,5,4.719063676063266
18030_left,5,4.949448368589163
3412_left,5,5.267835043967497
11854_left,5,4.69182470410085
4909_left,5,5.327926726086032
40178_left,5,5.0325646982000825
2016_left,5,4.6084509236786175
10193_right,5,5.142368031147123
22894_right,5,5.09460832878826
37783_right,5,4.972814692850923
9216_left,5,5.207187693186822
9783_right,5,5.097354236198813
18030_left,5,5.388911871276288
9682_left,5,4.719878347815749
16114_right,5,4.626985998784835
1430_right,5,5.449615484606111
27251_right,5,4.797437848145444
17925_left,5,4.960513034298411
19485_right,5,4.840355593128519
40917_left,5,5.453943602719608
38345_left,5,4.63623620010391
14436_right,5,4.546245765549063
22379_left,5,5.120742028259548
38595_right,5,4.994390173298111
23906_right,5,5.270536933323198
19005_right,5,5.0952305543722005
19347_right,5,5.016436453904051
17114_right,5,4.890054454929396
21205_right,5,4.986198841830862
37708_right,5,5.491709110061319
13022_right,5,4.809355822031982
8462_right,5,5.133302337108311
22160_right,5,5.257157688004682
6707_left,5,5.007403704037518
13811_left,5,4.78313068180212
16802_right,5,5.065648185761397
22520_right,5,5.15110228409968
9156_right,5,5.261611960929711
37708_left,5,5.4971681313989205
16413_right,5,4.565989973199358
27094_left,5,4.5311487819752445
1099_right,5,5.310008339807427
19005_right,5,5.108145468733586
4086_right,5,5.168040333865736
20458_right,5,4.821382224794338
39741_right,5,5.374724951550273
41430_left,5,4.815844490660943
41445_right,5,5.126244542924903
4909_right,5,4.96441348854481
15941_left,5,5.34882312058433
24772_left,5,4.68544995209675
15459_left,5,4.65941504932932
12861_right,5,4.582891138241196
2970_right,5,5.48747797206871
15343_left,5,5.244183207943685
8388_right,5,4.62028296870734
21096_right,5,4.903532511712895
20855_right,5,4.973277609224211
936_right,5,5.481897861461548
24019_right,5,4.925526557467229
36722_right,5,4.9657246994130055
22894_right,5,4.569297943575019
41761_left,5,4.646028427502704
11874_right,5,4.95679099370689
40405_right,5,4.610865395365334
18567_right,5,5.418597484495692
10653_right,5,4.521297249099932
37008_right,5,5.125295171685278
7164_left,5,4.794710953189004
27081_left,5,5.133992439320878
17426_right,5,5.140321173525064
27251_left,5,4.93514291643044
22716_left,5,5.406978942607141
4496_left,5,5.480115575342657
36653_right,5,5.19359716824407
37829_left,5,4.527982450060273
6096_right,5,4.606875155803302
22568_left,5,5.375736719486324
15414_right,5,4.620225605410415
37783_left,5,4.650442953583468
5825_right,5,4.834577495741
27251_left,5,4.8366465480215375
9863_right,5,4.998924604413379
13022_right,5,4.53289635277351
40940_left,5,4.706078414316355
6613_right,5,4.554741417209115
37849_left,5,5.496216223629057
14849_right,5,5.482583951770824
17925_left,5,5.002805910072373
24773_right,5,5.003747666755579
37232_left,5,5.376698163579848
19586_left,5,5.333509422376332
21190_left,5,5.2712513982619855
2880_right,5,5.274321931559647
406_right,5,4.729582551451655
27395_right,5,4.537110455646275
21788_right,5,4.7546692299028
9311_right,5,4.695815049813295
2016_left,5,5.381383324067062
38518_left,5,4.704925051439858
8087_right,5,4.722428310707578
7398_left,5,5.430731506009393
9682_left,5,5.437516825782365
9353_right,5,4.801243537518383
41174_left,5,4.557154556431248
670_right,5,5.297441170331955
27395_left,5,5.099897568221593
4909_left,5,5.47745690332527
21788_left,5,4.648685020675659
40178_left,5,5.30927569840157
15149_right,5,5.42130636135695
41761_left,5,4.696799762069132
17489_left,5,5.440712849049801
38662_left,5,4.583824244686138
41430_left,5,5.115553232176457
15038_left,5,5.201029061537876
41387_left,5,5.461775165528798
4086_left,5,5.243621930108756
5032_right,5,4.706116993135381
9783_right,5,4.797750698199644
37834_right,5,5.043795392713667
38325_left,5,5.066681942810032
294_left,5,4.7325915546635
13811_left,5,5.173682148360724
40819_left,5,4.5711569852921485
15975_left,5,4.57664786435257
41339_left,5,5.309535935102496
405_right,5,5.170756155063395
37951_left,5,4.716136075681341
25697_right,5,5.379270665835839
41761_left,5,5.290993600332167
35955_right,5,4.82597266795606
37008_left,5,4.991351330831872
24019_right,5,4.734080683831209
326_left,5,5.032770429267963
11874_left,5,5.214923019860322
8087_right,5,4.640637902089447
294_right,5,5.127973843947893
25985_left,5,5.155378615639723
22901_right,5,5.017451835760102
19061_left,5,4.726117078694351
35861_right,5,5.082876879992719
9518_left,5,5.043009839752047
5258_right,5,5.091063950609993
19347_right,5,5.370363762561109
14436_right,5,5.148438329749069
3371_left,5,4.608221361168587
9298_right,5,5.171329245918397
5032_right,5,5.10060866449606
1350_left,5,4.944241239859519
17411_right,5,5.328850409378767
2916_left,5,5.316866365507602
1430_right,5,5.349481971397476
11032_right,5,5.207132398477341
44100_left,5,5.094505849178644
10785_left,5,4.903277078680193
25080_left,5,4.830906538198798
36453_left,5,4.750828663200275
25985_right,5,5.169095635680896
20432_right,5,4.910693264342125
4496_right,5,4.542680521637273
12861_left,5,4.973753515481704
7992_left,5,4.524337241010119
15590_right,5,4.625107552842177
19485_right,5,5.024918737125669
7821_right,5,4.686090315406588
25972_left,5,5.193876659396292
37332_left,5,5.42378744221669
21190_right,5,4.963424275419775
18059_right,5,4.741252411108099
2031_right,5,4.749356950695077
16046_right,5,5.13411365485558
19110_left,5,4.765016527525446
10193_right,5,4.997961981362944
21096_left,5,4.942537401838187
8236_right,5,5.44814360811799
39353_right,5,5.175078006016088
22379_left,5,5.476601761602722
294_right,5,4.5280178975844905
14495_right,5,5.490283701415659
1350_left,5,4.830013390714064
10047_right,5,4.680074354206898
2970_left,5,5.31973655351687
42316_left,5,5.464634674806664
35955_left,5,5.441901721857168
38811_right,5,5.403196190965828
16565_right,5,4.846533552693058
7279_left,5,4.644615924983319
17135_right,5,5.333378544813241
23422_right,5,4.523298551386699
10785_left,5,4.855229016090059
20458_right,5,4.778368341643213
39505_right,5,5.190590687309934
6707_left,5,5.394659501910998
13022_right,5,5.079446586136271
39741_right,5,4.674163473906386
6707_left,5,4.767349615441599
14084_left,5,5.222428071858819
7398_left,5,4.674590417675148
35955_left,5,5.252624385862086
38186_right,5,4.520509360771612
21444_left,5,5.4047257866605145
13669_right,5,5.072070599610428
4531_left,5,4.972896841105932
16309_right,5,5.032975681559107
10570_right,5,5.350742608132962
16581_right,5,5.028102285588382
22568_right,5,4.857765518802025
19748_right,5,5.42080358862321
38653_left,5,5.496055868315476
18803_right,5,5.4301003712687645
4496_left,5,4.939646078621281
21190_right,5,4.581686315063728
22568_right,5,4.86873702581425
40893_right,5,5.334844542365847
5258_left,5,5.228209068587376
27395_right,5,4.591582107360234
3088_left,5,5.010119743582757
36653_right,5,4.968459644500732
18803_right,5,4.920014373959811
14976_left,5,4.655540038552651
20752_left,5,4.810463824155487
3371_right,5,4.761337756602366
4374_left,5,5.333265657576091
11854_right,5,4.773422700795258
3088_left,5,4.867175140175987
9156_left,5,5.055339398302013
24019_right,5,5.277523107299433
9682_left,5,5.339980024682583
39188_right,5,4.541852094865503
10570_right,5,5.496919427993612
36653_right,5,5.398971854543157
22665_left,5,4.583620745232762
8388_right,5,4.796473014663798
16114_left,5,5.1494945036748
13811_right,5,4.774059660354215
9518_left,5,5.111907689480776
8236_left,5,5.443350001028348
17426_right,5,5.39411869748926
8743_right,5,4.8416230080702665
9598_left,5,4.5382539958008925
3993_left,5,4.562762056024904
11854_left,5,5.456798112618238
27395_left,5,5.356998316114542
22801_right,5,5.392949020181718
11854_left,5,4.74632935781481
40673_left,5,5.41836364231601
13669_left,5,4.560698439720076
37962_left,5,4.790844308489783
13705_left,5,4.559733587485495
13669_left,5,5.302419877224204
25985_right,5,5.181881015694485
9157_right,5,4.91748947048576
14084_left,5,4.8538037256909545
9863_right,5,5.3992688153911335
19600_left,5,4.705964862410083
22520_right,5,4.5444348189677735
37117_left,5,5.267870544818936
17669_right,5,4.590156599888312
2496_left,5,4.575825754122707
4909_left,5,4.879228867761508
16_right,5,5.138346653605963
13022_right,5,5.347167448737974
18798_left,5,5.35718319679645
13669_left,5,4.69786523596142
19110_right,5,4.917193644633234
23604_left,5,4.830580109760937
17426_left,5,5.382236371121649
43141_left,5,4.6962793617034295
5825_left,5,4.507104221315551
13395_right,5,5.133113519025197
25972_left,5,5.1415676332078215
670_left,5,4.726087067202511
10312_left,5,4.6322137092934215
18030_right,5,5.0488407671238855
24222_right,5,5.227512739789924
25972_right,5,4.65509914882462
217_left,5,4.824843146046901
9783_right,5,5.385119998181934
17426_left,5,4.870063676695879
16392_left,5,5.430385357168377
22894_left,5,5.080060875114998
13664_left,5,5.284012641524121
25181_left,5,4.87820909144529
7398_left,5,4.823739407946433
17426_left,5,5.366663903925413
42316_left,5,4.77509941090912
1099_right,5,5.366026371620979
39747_left,5,4.800785675925006
15414_right,5,4.642107455539494
16309_left,5,5.109025711658874
21511_left,5,4.854197262015947
13811_right,5,4.770900891165624
294_right,5,5.320864127617522
17940_right,5,5.0717924702537465
14765_right,5,4.929966942396109
15414_right,5,5.186021769191884
20574_left,5,5.41733249536333
37829_left,5,4.511556367733036
20111_left,5,4.505082381455274
15376_left,5,5.417575864541442
11492_right,5,5.073307289635962
38064_right,5,4.734511576216812
22906_left,5,4.730677353208411
4086_right,5,4.798944146159981
2916_left,5,5.062059800071766
27395_right,5,4.514857257775126
27081_right,5,4.517520200264668
27251_left,5,4.638992615751635
9419_right,5,5.300465603016008
3563_right,5,5.153053568419172
21096_right,5,5.301623244994354
37008_left,5,4.714358217396748
14976_right,5,5.166318523987664
36653_left,5,5.175869558990225
39772_right,5,5.175587050939951
27081_right,5,5.468754740098554
11032_right,5,5.277233176088057
20855_right,5,4.898897997122346
3371_left,5,4.728335500832066
6707_right,5,4.957304054545784
37849_right,5,5.3233316938735324
12652_left,5,5.437415400536656
3064_left,5,4.696013210701128
9298_left,5,4.655556168850644
326_right,5,5.44233227150446
19961_left,5,5.015729607639027
17940_left,5,4.577233619306089
44247_left,5,4.554956697725441
37117_left,5,4.693024080842956
26772_left,5,4.529623108772745
16_left,5,5.1485874602078425
16_right,5,4.949348321408821
217_left,5,4.502734468070591
217_right,5,5.393332616327154
294_left,5,4.603589194836201
294_right,5,5.483156758842653
326_left,5,5.407373065897877
326_right,5,4.771821158743528
367_left,5,4.646902821068009
367_right,5,5.209755092571869
405_left,5,4.787067273632311
405_right,5,4.559016973091918
406_left,5,4.807176123746017
406_right,5,4.837353879158028
439_right,5,4.580393890610578
458_right,5,4.692570788200337
670_left,5,5.402993355507243
670_right,5,5.26701697663728
936_left,5,5.251559636568236
936_right,5,5.2689091567148285
986_left,5,5.009523777305949
1084_left,5,5.417958742451393
1084_right,5,4.548297001198364
1099_right,5,5.3935206022131394
1138_left,5,5.194913673683136
1138_right,5,4.5787971329036266
1350_left,5,4.829400021003794
1430_left,5,5.308531870723963
1430_right,5,4.874428111044312
1663_left,5,4.9598624959048125
1663_right,5,5.202995494481554
1941_left,5,5.377030511992765
2016_left,5,4.596101939901846
2031_right,5,5.089035137564629
2338_left,5,4.726562315292236
2338_right,5,5.315039445306677
2496_left,5,5.42649486880172
2804_left,5,4.8490819734178165
2804_right,5,5.305135527154143
2810_left,5,5.384475340781532
2810_right,5,4.524402397589297
2880_right,5,5.339654331999998
2916_left,5,5.175944331577687
2916_right,5,5.225416247280974
2970_left,5,5.393134228467634
2970_right,5,4.524878101479925
3064_left,5,4.870517060547859
3064_right,5,4.530186239770403
3088_left,5,4.854772966631266
3371_left,5,5.354794387630591
3371_right,5,5.453543205715404
3412_left,5,5.235244215432407
3412_right,5,5.424353482650103
3418_left,5,5.199979385986226
3501_left,5,5.02735956081473
3563_left,5,4.981449944503899
3563_right,5,5.010606417343529
3611_right,5,5.425719714547293
3802_left,5,4.851641334025367
3802_right,5,4.684096641051842
3993_left,5,4.572454907066901
3993_right,5,4.971193904305356
4005_left,5,4.865882951748309
4005_right,5,5.461438403927437
4086_left,5,4.627848425499968
4086_right,5,4.718561450884682
4130_left,5,4.939327539530983
4130_right,5,4.575478212307089
4155_right,5,4.594288507540465
4252_left,5,5.34777740681768
4252_right,5,4.866213199002671
4374_left,5,4.794508902885536
4496_left,5,4.733107111724276
4496_right,5,4.842100825314107
4531_left,5,5.426741763961725
4688_right,5,5.008506180235254
4793_left,5,4.706811947336888
4909_left,5,5.235873538817888
4909_right,5,5.344517208314492
5032_left,5,5.175298350708397
5032_right,5,4.795320288625165
5105_left,5,4.782467636738581
5105_right,5,5.340206465589474
5258_left,5,4.755886418799479
5258_right,5,5.424104071096396
5304_right,5,4.6274758617888265
5825_left,5,4.9274338336659085
5825_right,5,4.900693505776115
5838_left,5,4.780380539317516
6017_left,5,5.461920594192994
6017_right,5,4.709048322335786
6096_left,5,4.884604877337775
6096_right,5,5.3939403285427945
6613_left,5,4.670718035868536
6613_right,5,4.8921829350387895
6707_left,5,5.499088222321882
6707_right,5,4.865053899113774
6719_left,5,4.913981768308033
6719_right,5,4.72685506455012
6997_right,5,4.840659056094735
7164_left,5,5.016849651538765
7164_right,5,4.747142198358951
7279_left,5,4.713928347688281
7398_left,5,5.199450521895503
7531_right,5,4.668803838690293
7821_right,5,5.246466568232113
7853_left,5,5.433375466857132
7853_right,5,5.116447349979718
7945_left,5,4.709708968139475
7945_right,5,5.074615304031388
7992_left,5,5.07028960474929
7992_right,5,4.707854671551287
8087_left,5,5.112129736476495
8087_right,5,5.202476962032076
8090_left,5,4.768625150783568
8236_left,5,5.151039458586132
8236_right,5,4.634734209489389
8292_left,5,5.20805277640463
8292_right,5,5.414058748056343
8388_right,5,4.554443738825965
8462_left,5,5.202231346465019
8462_right,5,4.719719478194063
8681_left,5,5.036119818474458
8681_right,5,4.754425477741901
8743_left,5,5.297006793075488
8743_right,5,4.672907266673566
8950_left,5,4.912949471498821
9156_left,5,5.305430411670304
9156_right,5,4.585959549874558
9157_left,5,4.5259024459712585
9157_right,5,5.011375217560172
9216_left,5,5.346065071187789
9298_left,5,5.476533567802929
9298_right,5,5.074893184476418
9311_left,5,4.709332769768925
9311_right,5,4.685789126217518
9353_left,5,5.46764336348812
9353_right,5,5.441102495128911
9419_left,5,5.096497059193597
9419_right,5,4.541883345213946
9518_left,5,5.203398598603823
9518_right,5,5.345186063542016
9598_left,5,4.886018211520208
9598_right,5,4.555658889589667
9608_left,5,4.888267837816377
9608_right,5,5.120069953701053
9680_left,5,5.099426093816254
9682_left,5,5.228175559386359
9682_right,5,5.437491640935723
9783_right,5,5.132201366930582
9863_left,5,5.189948236618453
9863_right,5,5.481548881189708
9942_left,5,4.6700893972693125
10017_left,5,5.276969554225559
10017_right,5,5.024067670291462
10047_right,5,4.532252713008562
10193_right,5,5.469720390492315
10312_left,5,4.847774607036404
10321_left,5,5.366349655661446
10570_left,5,5.352543812152224
10570_right,5,5.308167495015542
10653_left,5,4.712354727035112
10653_right,5,5.286516054907805
10785_left,5,4.660615805974548
10785_right,5,4.79166637672318
10904_left,5,5.481935179943647
10904_right,5,5.229201651386841
10954_left,5,5.415505498697335
10954_right,5,4.9030402697230695
11032_left,5,5.349896791029203
11032_right,5,5.373818237180325
11417_right,5,4.92959184237693
11492_left,5,5.470833420965816
11492_right,5,5.200470136535991
11730_right,5,4.913918805722823
11807_left,5,5.316409374378804
11854_left,5,5.123519667257958
11854_right,5,4.809629347444771
11874_left,5,5.325928661285103
11874_right,5,4.802967415360595
11896_left,5,4.932369648256892
11896_right,5,4.818394253527964
12014_right,5,5.367981557452725
12108_left,5,4.950801948505941
12108_right,5,5.300171473050295
12419_left,5,4.938378365609267
12419_right,5,4.815934099661554
12652_left,5,5.198021098131124
12861_left,5,5.016584290174081
12861_right,5,5.145773024600699
12995_left,5,5.223119457281276
13022_right,5,5.180882842611319
13038_right,5,4.856651038373278
13066_right,5,4.730676345280791
13222_left,5,5.281734394341902
13308_right,5,4.9978344069096
13387_left,5,5.480118784413657
13387_right,5,5.200161070633699
13395_right,5,4.813622561408094
13588_right,5,5.18971646860075
13651_right,5,5.284052556391592
13664_left,5,4.646569357214362
13664_right,5,4.840963777561404
13669_left,5,5.091901006940975
13669_right,5,5.143072947538568
13705_left,5,4.879386393612232
13811_left,5,4.85448864963817
13811_right,5,5.187605024179232
13819_left,5,4.588501947813708
13819_right,5,5.318284476707482
13938_left,5,5.301957797168124
13966_left,5,5.236767434570874
13999_left,5,5.007651771644033
13999_right,5,5.266347059029742
14021_right,5,5.246080086410516
14025_right,5,5.287100507834126
14084_left,5,5.342464543879246
14084_right,5,5.227588495842291
14340_left,5,5.22954808561561
14436_right,5,5.188006620251008
14495_right,5,5.473731409884972
14765_right,5,4.849862937002163
14844_left,5,5.3251698017075215
14844_right,5,5.473220635571572
14849_left,5,4.844735805202188
14849_right,5,4.964857392122534
14976_left,5,5.172098320973432
14976_right,5,4.760435186611107
15038_left,5,4.931548790883944
15038_right,5,5.475864457107083
15114_left,5,5.34596346478216
15149_left,5,5.323348288366616
15149_right,5,4.885814436599708
15343_left,5,4.557618840147238
15343_right,5,4.848322518012085
15376_left,5,4.561880663098274
15388_left,5,5.433283788959842
15414_left,5,4.577463655842074
15414_right,5,5.440411471873887
15459_left,5,4.631639131633974
15459_right,5,4.800262559112443
15590_left,5,5.229455747587925
15590_right,5,4.852611872284811
15870_right,5,4.512264641263096
15941_left,5,5.2433774959722985
15975_left,5,4.953489874825986
15975_right,5,4.821081315505
16007_right,5,5.072906804444271
16046_right,5,4.615475461831117
16114_left,5,4.992384210608446
16114_right,5,5.495508918534648
16309_left,5,4.950424436524507
16309_right,5,4.611105815947481
16392_left,5,5.197015053729918
16392_right,5,4.711766688194831
16413_left,5,4.575038677810661
16413_right,5,4.682919900570325
16565_left,5,5.094913065708577
16565_right,5,4.936093681577304
16581_right,5,4.737692643615532
16802_left,5,4.813371098398897
16802_right,5,4.791001188025959
16920_left,5,4.70301142239665
17114_right,5,5.246768522738693
17135_left,5,5.2718553817577245
17135_right,5,4.833758754351999
17221_left,5,5.1929309385834985
17221_right,5,5.460667931839349
17411_right,5,4.673995907821085
17426_left,5,4.583871718676432
17426_right,5,4.5803067084156845
17453_left,5,5.245021385629913
17453_right,5,4.931497136954241
17489_left,5,4.887510967190677
17489_right,5,5.445633525288167
17669_right,5,5.379071081559539
17749_left,5,4.95991371988103
17899_right,5,4.660939423168499
17925_left,5,5.174487006693209
17940_left,5,4.680766898648
17940_right,5,4.523022037260787
18017_left,5,5.288350419629241
18030_left,5,4.644862229076178
18030_right,5,4.702263358318189
18059_right,5,4.5740293404598
18143_right,5,4.55721458300629
18370_left,5,4.66316764751774
18567_left,5,5.414924899521941
18567_right,5,4.760505744839147
18798_left,5,5.403969072708011
18803_right,5,5.199966263351996
18819_left,5,4.843198730808023
18902_left,5,4.697315206319238
18902_right,5,5.153719552953981
19005_right,5,5.259879775055892
19061_left,5,4.934330952004695
19061_right,5,5.390130500191392
19110_left,5,5.298282330825741
19110_right,5,5.362114870655145
19116_right,5,4.571709213554028
19285_right,5,4.805898709377668
19347_left,5,5.442032780597511
19347_right,5,4.841559261416242
19471_left,5,4.560778939502699
19471_right,5,5.190351241152596
19485_right,5,4.727433708950027
19586_left,5,5.472864069789715
19588_left,5,4.964953500584756
19588_right,5,4.591386818745917
19600_left,5,5.490180059495152
19604_left,5,4.930219776956151
19604_right,5,5.187000699985475
19663_left,5,4.707314319566666
19663_right,5,4.749127124451293
19748_left,5,4.926735143637797
19748_right,5,4.96956876411751
19771_left,5,5.443838981175352
19771_right,5,5.261751962523334
19961_left,5,5.24169408977729
20026_left,5,5.0259828552700485
20026_right,5,4.7041259220752725
20111_left,5,4.587836893922691
20144_left,5,5.099855595851355
20144_right,5,4.610994433115147
20146_right,5,5.311157138896754
20432_right,5,5.226832903345528
20458_right,5,5.136460765322926
20574_left,5,4.540208958675052
20752_left,5,5.225200599441338
20752_right,5,4.857070267797919
20855_left,5,5.166602751499302
20855_right,5,5.226858950795704
21033_right,5,4.558726728718228
21096_left,5,4.642988606144428
21096_right,5,5.4610424819156815
21190_left,5,4.729806218806584
21190_right,5,4.53279708872452
21205_left,5,4.681128696285285
21205_right,5,5.357102156525475
21373_left,5,5.17820657057597
21373_right,5,4.933682325183262
21444_left,5,5.159122657904431
21511_left,5,5.228308435777644
21511_right,5,4.92766783036708
21788_left,5,5.017153399137372
21788_right,5,4.887025096569511
22160_right,5,4.941461422073075
22271_left,5,4.712937520576396
22271_right,5,5.1121228660126246
22379_left,5,5.089083582437151
22379_right,5,4.836208416484458
22520_left,5,5.1314259618847125
22520_right,5,5.007392305104383
22568_left,5,4.779365700069774
22568_right,5,5.489713150295216
22665_left,5,5.133497674912985
22665_right,5,4.782668869402193
22669_left,5,5.394333678137554
22669_right,5,5.300397068288261
22716_left,5,4.967055720789434
22716_right,5,4.604242409647759
22801_right,5,5.246530051113739
22894_left,5,5.250238743021029
22894_right,5,4.806581303553573
22901_left,5,5.160813921866675
22901_right,5,4.9226681348741215
22906_left,5,5.1670368546416645
22906_right,5,5.350514040644601
23326_left,5,4.759990172702681
23326_right,5,4.994083499136278
23403_left,5,4.888356523307454
23422_left,5,4.587706034165807
23422_right,5,4.763359795926156
23433_left,5,4.74865458183316
23433_right,5,5.003706087416555
23604_left,5,5.080124746874593
23648_right,5,4.983047966503331
23692_left,5,4.872555661178822
23692_right,5,4.588382054945472
23736_left,5,5.360568398678389
23831_left,5,5.074193984939097
23831_right,5,4.847118417248437
23906_right,5,5.354580456132492
24010_left,5,4.994103042403295
24010_right,5,5.282683282310872
24019_left,5,5.170380694904598
24019_right,5,5.4299857903568665
24163_left,5,4.595413764840997
24222_right,5,4.941342863310858
24472_left,5,5.2332601476767255
24472_right,5,5.4486348339131725
24772_left,5,5.277249290814768
24773_left,5,4.593546615133805
24773_right,5,5.133138214047554
24853_left,5,5.381293999024266
24853_right,5,4.749040384213872
24910_left,5,5.233593167368952
24910_right,5,5.383469275677004
25080_left,5,5.319798802614657
25080_right,5,5.208361342432744
25181_left,5,5.1844012544559455
25378_right,5,5.030483915456687
25407_left,5,4.537059395272598
25407_right,5,4.567662205012832
25697_right,5,5.449524098866005
25741_right,5,5.065529302061465
25916_left,5,4.656257522660017
25972_left,5,4.949940425517736
25972_right,5,4.859917189694371
25985_left,5,4.849387549525299
25985_right,5,5.248327723340703
26477_right,5,5.106234913426281
26737_right,5,5.119006489068547
26772_left,5,5.365556647688445
26772_right,5,5.392860049544019
26997_left,5,5.483272257206778
27081_left,5,5.278033264704919
27081_right,5,4.665156961546339
27094_left,5,4.660149839961624
27251_left,5,5.110563336062056
27251_right,5,4.636982233017159
27376_right,5,4.537399503014476
27395_left,5,4.706312505635308
27395_right,5,4.556375629010619
27597_left,5,5.349736332990677
27597_right,5,5.487456698941818
27674_left,5,4.868422620722675
27674_right,5,5.24845506084884
27727_left,5,4.509365701928845
28072_left,5,4.6977131076582745
28077_left,5,4.784554335918805
28077_right,5,4.586901259455184
28257_right,5,5.45457524786859
28386_left,5,5.223937265450512
28386_right,5,4.854857045449509
28434_left,5,5.123250879440973
28434_right,5,4.528966649661985
28435_left,5,4.980688637282415
28435_right,5,4.594845255217165
28524_right,5,5.221925605050561
28549_left,5,4.693827192150645
28549_right,5,4.690469133861962
28675_left,5,4.790463868320905
28743_left,5,5.282316352543894
28929_left,5,4.69990030272845
28929_right,5,5.267230784940448
28948_left,5,4.807939383239684
28948_right,5,5.407372746086312
28976_right,5,5.227827523850235
29027_left,5,5.244676443119295
29027_right,5,5.096721166073462
29058_right,5,4.883883908051719
29599_left,5,5.289369490113622
29703_left,5,5.2053533344128535
29703_right,5,4.512299707478102
29839_left,5,5.095245609737635
29839_right,5,5.442079065770837
29865_left,5,5.493566232919839
29865_right,5,5.2406949375953085
29960_left,5,5.174165956644844
30039_left,5,4.57559075357767
30039_right,5,4.944134347242902
30046_left,5,5.386210579055376
30046_right,5,4.57084737112408
30255_left,5,5.097959785049869
30255_right,5,4.501829132567927
30297_left,5,4.716923042760604
30297_right,5,5.481599477830171
30303_right,5,5.497906501614851
30549_left,5,5.40665212068842
30549_right,5,4.723320978606768
30570_left,5,4.846927850776794
30675_left,5,4.730896110017795
30675_right,5,5.085904999772498
30722_left,5,4.918567451613884
30722_right,5,4.860002983411471
30723_left,5,4.6298669140624185
30723_right,5,4.597140379289521
30725_right,5,5.021460072121501
30747_right,5,5.472822044754368
30869_left,5,4.833109895531486
30869_right,5,5.408817507617998
31006_left,5,4.948295087771189
31006_right,5,4.970455044205311
31043_left,5,5.236195946725945
31043_right,5,5.132271168425783
31442_right,5,5.426598081952734
31461_right,5,5.326724731449625
31590_left,5,4.536233590688708
31590_right,5,4.589558447678056
31602_left,5,5.348828708531678
31602_right,5,5.422330680357649
31659_left,5,4.895701591194833
31659_right,5,5.175980944159827
31729_left,5,4.735983907808492
31729_right,5,5.121390219357067
31746_left,5,5.4523192408804855
31924_left,5,4.996158075520213
31984_left,5,5.131795750929741
32148_left,5,4.712446042574058
32148_right,5,5.15989046288364
32149_left,5,4.614711212572806
32149_right,5,5.393922196730692
32230_right,5,5.493330301822711
32630_left,5,5.280038018932593
32630_right,5,4.879371192819753
32846_left,5,4.746661187012986
32846_right,5,4.533027995513633
32851_right,5,5.067090660921799
32868_left,5,4.8491668538876604
32868_right,5,5.013704310082093
33003_left,5,5.11534204018095
33080_left,5,5.331799595100748
33080_right,5,4.886587172131063
33236_left,5,5.113294724006708
33236_right,5,4.945810699074559
33270_left,5,5.044123866402466
33283_left,5,5.042511683211154
33283_right,5,5.193971770892862
33287_left,5,4.794174400296469
33358_right,5,4.516922646014492
33493_left,5,4.9714033646465365
33493_right,5,5.320108273598896
33580_left,5,4.701477003332383
33621_left,5,5.216219050917159
33621_right,5,5.160879650759509
33725_left,5,5.140104662087446
33725_right,5,5.025522834686443
33753_left,5,4.682660271992136
33812_right,5,4.511313027505763
33884_left,5,5.123899467301308
33884_right,5,5.079616405813298
33906_left,5,4.703253993697524
33906_right,5,5.28332568180006
34152_left,5,4.52015533438969
34152_right,5,4.902634200329002
34400_left,5,4.693643609434464
34400_right,5,5.410338753975756
34453_left,5,5.445534845792314
34453_right,5,4.5190258733397535
34708_left,5,4.531282103744966
34708_right,5,4.581572371311635
34844_left,5,5.021347253008474
34844_right,5,4.545711046358654
34901_left,5,4.9236152620597
34901_right,5,5.422069388499402
34995_left,5,5.428322749962891
34995_right,5,5.098256041997301
35112_left,5,4.600280334041719
35112_right,5,4.568044605381925
35130_left,5,4.679055199837434
35130_right,5,4.652653719840363
35199_right,5,5.056297528839302
35323_right,5,4.962255945498148
35412_left,5,5.038890228916716
35461_left,5,5.211066197431169
35461_right,5,5.00576425890381
35668_left,5,4.623232079616545
35668_right,5,5.027981233262671
35704_left,5,5.16216675635432
35704_right,5,4.935644855316759
35766_left,5,4.594670674550532
35766_right,5,5.24553607172498
35804_left,5,5.143410551962623
35804_right,5,5.36504219987533
35861_left,5,5.042684810960529
27376_right,5,5.037287314043469
16392_left,5,4.703545159834327
28386_right,5,4.6516849256112405
8681_left,5,5.245903076430843
18017_left,5,5.460069035005481
15459_right,5,4.545012750533676
5825_right,5,5.165202951333621
4252_right,5,5.225540089738032
9157_left,5,4.534673961812757
24853_right,5,4.884259672031344
28929_left,5,4.955185341522469
29703_right,5,4.903019576272119
12995_left,5,4.747347122969353
10904_right,5,4.743820399368994
936_right,5,5.332865369397979
27597_right,5,4.882603565280915
28948_right,5,4.594366442404182
18798_left,5,5.111768979957239
11807_left,5,5.091867498963348
20855_right,5,5.071351612815155
10904_left,5,5.3279119862527065
11032_left,5,4.624893885307312
35112_left,5,5.065882738784525
10193_right,5,4.981684461502453
30747_right,5,4.513326334014988
28549_right,5,5.453001235417574
7279_left,5,4.872592200565149
24010_left,5,5.057757953454082
27395_left,5,4.8653760063502975
6997_right,5,4.5134725890333245
8681_right,5,5.480770465658086
1430_left,5,5.086887765306299
19285_right,5,5.002054761874093
15870_right,5,5.331025582379303
7945_left,5,5.219645350760838
9942_left,5,5.009611849682892
13669_right,5,5.160989460659554
31659_right,5,5.480663678809311
326_left,5,5.314044385850988
32868_right,5,5.103689592804229
30725_right,5,4.784236046730664
6719_left,5,4.872812931621
33287_left,5,4.732202540934128
15414_right,5,5.285654015953758
6613_left,5,5.357110015546063
11032_left,5,5.184080540270531
7853_left,5,5.228555215709795
7992_left,5,5.116100690103405
3088_left,5,5.353745298165422
19771_left,5,5.161587449344385
21096_left,5,5.024997933130423
28743_left,5,4.832802663429882
9598_left,5,5.230359735225253
25972_right,5,5.068838523460935
6613_right,5,4.526460986667686
17453_left,5,4.666055422993449
11492_left,5,4.584047431113344
13669_left,5,4.6843035567931866
9311_right,5,5.1414948143084604
16565_left,5,5.340567573143344
20574_left,5,5.202738346848893
30549_left,5,5.084873352782202
18567_left,5,4.824697488306148
25985_left,5,5.1009533685179225
2496_left,5,5.21398701480185
23906_right,5,4.731220562633516
4688_right,5,5.3982009693662585
17411_right,5,4.783398472756585
9863_left,5,4.832155104163728
21205_right,5,5.399605708141662
9942_left,5,5.489340824617628
10570_left,5,5.258042830111343
25972_left,5,5.439181735684518
23422_left,5,4.822831474567829
33725_left,5,4.6766553618073
32149_left,5,4.716736823716986
23403_left,5,4.789410807369187
9157_left,5,5.3152746814493135
18030_left,5,4.884774733238583
11032_right,5,4.909750284020238
18567_right,5,5.057869151794007
24853_left,5,4.561783503344509
1941_left,5,4.715028597663477
16046_right,5,5.392043364806016
24010_right,5,5.270142766659189
15459_right,5,4.876370133115316
21511_right,5,4.99182161024186
9419_left,5,4.770057696771847
22665_right,5,4.525701757722951
23906_right,5,5.063430433361951
4086_right,5,4.54878460955199
19600_left,5,4.984058771469102
31924_left,5,4.723318469552843
22901_left,5,4.673036902757393
34995_left,5,4.966311090843604
22894_left,5,5.3817009858652
29058_right,5,4.516691654219327
28072_left,5,4.814812186356459
28948_left,5,5.297851557265429
27251_right,5,5.325304386179953
3802_left,5,4.600384813757685
22716_left,5,5.344262926248493
20458_right,5,5.49580475261476
31602_right,5,5.148711177908813
31590_right,5,4.836474416812996
31746_left,5,5.24837296328121
30570_left,5,4.707170553685246
15376_left,5,4.700523231666882
26997_left,5,5.125756087525594
2031_right,5,4.792480310091263
22669_left,5,4.978914324591046
13038_right,5,4.983636761777145
27597_right,5,5.178447198233961
13938_left,5,4.7890282908150885
23433_left,5,5.015511271633335
35112_right,5,4.771192425862224
33493_left,5,4.698364900222996
3064_left,5,5.42389467396046
14844_right,5,5.2991484183099615
458_right,5,5.337988740618845
28435_right,5,4.746695793960132
9518_right,5,4.9835808047100105
11032_left,5,4.745023028470209
22379_right,5,4.864551035489187
15149_right,5,5.041968621584489
29599_left,5,5.031813015215769
12108_right,5,4.53615535716659
22271_left,5,5.334400374548405
7945_left,5,4.783700117311228
28948_left,5,5.226046235142185
20026_right,5,5.294061527585344
35461_right,5,5.043382833934675
9863_left,5,5.275573620115283
9863_left,5,4.819665271800439
12419_left,5,4.800876935531172
28549_right,5,5.066560676429532
17221_left,5,4.635411884849529
32868_left,5,5.483794973115718
22665_right,5,4.505386580525213
35412_left,5,5.051726293225677
14849_right,5,5.204577968116522
6017_right,5,5.205619472196031
405_left,5,5.322340367458292
1430_right,5,5.214326527380129
24010_left,5,4.810845009549866
7945_left,5,5.108159049731047
20752_right,5,5.239113884611671
9157_right,5,4.956526626859706
9682_right,5,4.857027065060322
23433_right,5,5.298804385049526
27597_right,5,4.607189298601282
23648_right,5,4.816133101157076
25697_right,5,4.951568835921678
32630_left,5,4.835601555497303
14976_right,5,4.827522170157443
28524_right,5,5.326165779733607
8462_right,5,4.573643934720786
27674_right,5,4.569772070406365
22906_left,5,4.579361957269508
31659_right,5,5.452676623997021
12861_left,5,4.758804660618683
19771_right,5,4.937084958604191
16392_right,5,4.876852994914448
2496_left,5,5.146685470968015
33283_right,5,5.343271681084538
25080_left,5,4.920798032136155
23831_left,5,5.134301180847794
22271_left,5,5.228340670794528
33725_right,5,4.576926443887762
2338_right,5,4.540786462633109
986_left,5,5.33005350385157
29839_left,5,4.516117963471924
294_right,5,4.68075723042053
326_right,5,5.4443150263254525
2016_left,5,5.18855673869882
7164_left,5,5.056717696291138
20855_left,5,5.267425786018702
7853_right,5,4.831129415726356
5105_left,5,4.62614100749075
15388_left,5,4.802017104602239
7992_right,5,5.017395947237331
18902_right,5,5.45380932799941
22160_right,5,5.332370753076717
23433_right,5,5.049063043931422
6719_left,5,5.00867594285349
22271_left,5,5.225240074145501
8462_left,5,4.729421575858427
19347_right,5,5.466587363541505
13022_right,5,5.326080165330232
6096_right,5,4.726274303812545
22665_left,5,4.680866763645756
7164_right,5,5.218824685438548
10954_left,5,4.611093522467347
4130_left,5,4.810549185488592
24853_left,5,5.222383926228556
19771_right,5,5.236319496504676
29703_left,5,5.224959243490127
34995_right,5,4.726874163151562
17426_right,5,4.674477497487997
32630_left,5,4.748544129282557
29027_left,5,4.592148703187864
24773_left,5,4.733418740723025
13651_right,5,4.860761721366837
25972_right,5,5.35062405901179
31659_left,5,5.125464543719956
22906_right,5,5.4292548154249065
18902_right,5,5.420427793441721
31043_right,5,4.90007125959413
1084_right,5,4.607645098338315
15870_right,5,5.186058562093772
31729_right,5,4.870936245501178
6017_right,5,4.723457256925852
14976_right,5,5.112723126025795
22568_left,5,5.466274663598071
29027_right,5,4.989927270324763
4793_left,5,5.111954744902758
34152_right,5,4.842741676606993
9598_right,5,4.544805180062171
406_left,5,4.6161462790215895
10954_left,5,4.750067994743447
20855_left,5,4.538111582354076
23433_left,5,4.526862803515822
7398_left,5,5.30436053010733
14849_left,5,5.204956373823299
11896_left,5,4.6057407370611205
21033_right,5,4.855687949004126
24472_left,5,5.288928155472331
20458_right,5,5.236895114040471
7164_left,5,4.982870464731389
13308_right,5,4.735991323935383
25985_right,5,5.260627546783111
1099_right,5,4.859800006570232
35461_left,5,5.311832878706604
22801_right,5,4.817515523124069
32149_left,5,4.628188356340712
10904_left,5,4.806029165086176
3993_left,5,5.033108672593984
35804_right,5,4.927944050393326
9298_right,5,5.232002137356051
34844_left,5,5.415748340371467
32149_right,5,5.467528985148699
21373_right,5,5.178494234163069
3563_right,5,4.828294285863104
22901_left,5,5.051875787113742
23906_right,5,4.644257798648089
24163_left,5,5.228284792263331
4252_left,5,4.9854862696753
9157_left,5,4.500621837635438
23433_right,5,5.286882876170917
7992_left,5,5.330735415684351
30255_left,5,4.912445432092414
25972_left,5,4.977985701363405
4005_right,5,4.924669163659647
29058_right,5,5.072778668137472
7531_right,5,5.284207870925469
12995_left,5,5.280292817141538
34995_left,5,5.210125075060232
29865_left,5,5.1177795142921925
9942_left,5,5.216698964928215
32851_right,5,4.680122394486537
217_left,5,4.7684923702968565
19588_left,5,4.5955325367096265
3371_right,5,5.341666362312409
14340_left,5,5.261848417724928
7945_right,5,5.121273774895497
16565_left,5,5.1398764896389695
29058_right,5,4.749764952252788
29599_left,5,4.9815533160505545
4909_left,5,5.495094378275248
33725_right,5,5.429698226935296
17411_right,5,5.25976037560744
22901_left,5,5.305647832887961
5304_right,5,5.053307223748696
8388_right,5,5.281374975109965
11854_left,5,4.798586668260223
31006_right,5,4.615531988422821
19347_right,5,5.246067381325277
16413_right,5,4.653595102772264
19771_right,5,5.072821822505402
22160_right,5,5.158708258896694
9598_left,5,5.327047626845045
33080_left,5,4.791271252730123
4252_left,5,5.074121941205056
24472_right,5,4.85181659493633
30039_left,5,5.006414852074162
2016_left,5,5.253792648101335
30549_left,5,4.925954630867406
28549_left,5,4.855388060407374
7992_right,5,4.981082904416692
458_right,5,4.643745339516744
2496_left,5,4.753899042864265
25916_left,5,4.873199002107685
11896_right,5,4.940342372575395
2338_right,5,4.611628442964454
21033_right,5,5.482921452551178
16007_right,5,4.617884419320864
29027_right,5,4.841730258315317
33725_left,5,5.359075654661482
2810_right,5,4.834162967660039
2338_left,5,5.233180479056793
1099_right,5,5.206588981409647
2916_left,5,5.03392180023975
6719_left,5,4.849705575667361
10570_left,5,5.0964316794210704
8950_left,5,5.084520817749076
35861_left,5,5.490980283448452
30255_left,5,5.21893508770936
12108_left,5,4.95275948801728
16802_right,5,4.564189229559601
14849_right,5,4.6143300997839125
8087_left,5,4.854169539219541
9353_left,5,5.233681062690294
31984_left,5,4.863312308459459
14844_right,5,4.627590202415012
2916_left,5,5.238121695131524
9682_left,5,4.672889220559499
19285_right,5,4.551823958375556
7531_right,5,5.206813849560086
21511_left,5,4.560440620725699
15038_left,5,4.577156865553779
30722_right,5,5.408481189739536
19663_left,5,4.653980386370615
3412_right,5,4.939918566416491
22901_left,5,4.90299207808676
34995_left,5,4.841483014054584
23326_right,5,4.59289390491157
14084_right,5,5.4731696032406365
34400_right,5,4.5450420373357225
20574_left,5,4.85782561131303
27395_left,5,5.056540429703661
9608_right,5,4.518360052977164
30255_right,5,5.3286197077006925
1138_left,5,4.880586097597971
13669_left,5,5.151063091804829
13811_right,5,4.574674511768237
24222_right,5,5.207520395241291
16920_left,5,5.025201427909624
20111_left,5,4.682759571340054
34995_right,5,4.809230129835119
20574_left,5,5.153546647400975
33236_right,5,4.884936602633076
10570_right,5,5.068232191819922
13651_right,5,4.787737274524314
21190_right,5,4.704809994618857
33753_left,5,5.159672367755522
2970_right,5,5.212190000417953
24019_left,5,5.339080685958417
29027_left,5,5.007131814280407
27094_left,5,4.525448240459393
33080_left,5,4.591394305028124
33725_left,5,5.387284298925486
6707_left,5,5.399778635789731
25080_right,5,5.218864997931206
19586_left,5,5.407426641761961
31984_left,5,4.5818346278929365
24772_left,5,5.469032648736004
17426_right,5,5.054666032437947
13395_right,5,5.023552955096044
30723_right,5,5.010353917542244
30675_right,5,5.480361086366431
32846_right,5,4.672257614264434
29027_right,5,4.7451424673348646
29703_left,5,4.68553905985801
2804_left,5,5.073328191105812
24019_right,5,4.532808352717453
20855_right,5,4.558259021149887
30303_right,5,5.306391029771537
22901_right,5,4.814124680296596
11854_right,5,4.872667456086976
34400_right,5,5.40718411784625
18567_right,5,4.996553655021487
9863_left,5,4.633545344850483
21373_left,5,5.0612570083093305
20432_right,5,4.774537297961712
32149_right,5,5.422787192750776
21788_right,5,5.024389991415865
24163_left,5,5.331711904923681
9156_left,5,5.074721290150618
13966_left,5,5.335654526792948
31006_right,5,5.321424418879846
14495_right,5,4.678543093010084
17453_left,5,5.370151059678199
18902_right,5,5.378048266471836
1350_left,5,5.073626130409565
33080_right,5,5.174459974385046
5105_right,5,4.842807466314754
33906_left,5,5.094221052995686
20752_right,5,5.34915241303704
30723_right,5,5.361093882420368
29839_left,5,5.206042543034752
14849_right,5,5.199380507523849
30722_left,5,4.941541681635973
3563_right,5,4.9037371193376655
15870_right,5,4.998436541634615
30869_right,5,5.240355186878103
13999_left,5,4.63770983457726
2338_left,5,4.968660768501777
5825_right,5,5.254125739828774
4496_left,5,4.523473661306906
32846_left,5,4.599075929991662
10321_left,5,4.760451061753756
33753_left,5,4.582354759823407
32630_left,5,5.239508844218568
20432_right,5,4.59759780245543
34152_left,5,4.946736355323903
16007_right,5,5.49789348747046
4793_left,5,4.535105693370575
35461_right,5,4.932935848894967
17489_right,5,4.845683027410315
33080_right,5,5.125283232109457
33493_left,5,4.53140108492865
11854_left,5,5.246360284932474
13938_left,5,4.791741242867142
20026_right,5,4.917574476768624
8950_left,5,4.810309845606774
28929_right,5,5.262742994717225
29599_left,5,5.086681289582462
8743_left,5,4.768601775553366
670_right,5,5.455797234640388
986_left,5,4.716109724779988
29839_left,5,4.786072282960445
7945_right,5,4.627914377810411
28435_left,5,4.770904109753889
33621_left,5,4.595881436071815
14976_left,5,4.592063543038008
29599_left,5,5.406377122660612
17940_left,5,5.037693154569015
6719_left,5,4.540668379509556
35112_left,5,4.749681448287013
3611_right,5,4.701073899378135
2916_right,5,5.0595672913075855
12419_left,5,4.633472508574302
24472_left,5,5.4519117881824055
12108_right,5,5.14790174286638
21205_left,5,5.096502810216432
33283_left,5,5.346036064644599
24019_right,5,5.009523045632299
22901_right,5,4.7847713553526106
30747_right,5,5.194452005659774
19005_right,5,4.909802087504529
9608_left,5,5.468671883633994
23692_left,5,4.661868033911693
6719_right,5,4.579312274658089
13308_right,5,4.676011821196699
33725_left,5,4.761119773363154
34901_right,5,5.137921264984023
30297_left,5,4.70045669155231
26737_right,5,5.384177949656734
10193_right,5,4.896132925930598
6997_right,5,5.22971280001328
10904_left,5,5.285298028567073
4496_right,5,4.579545224185577
7992_right,5,5.247735962164114
30046_left,5,5.308935694155159
21096_right,5,5.097191675942424
22901_right,5,5.195630599376388
406_left,5,5.219549787827302
17426_right,5,4.652296790643058
15038_right,5,4.945697947317091
35704_right,5,4.513386788059056
28948_left,5,4.916460563931809
33725_left,5,5.37136628240072
21033_right,5,5.249398527801298
9156_right,5,4.67771164344557
21205_left,5,5.386635609609716
5032_left,5,4.884810617304618
294_right,5,4.709051389700959
24222_right,5,5.391260914270088
217_right,5,5.104511027727575
13938_left,5,4.675560765947279
34453_left,5,4.702462619757477
10193_right,5,4.793651198308063
9419_right,5,5.259911106293631
30255_left,5,4.798222828182279
6707_left,5,5.241206858107739
27251_left,5,4.999433836335268
29703_left,5,4.547265354126419
18902_right,5,5.311884191524013
35130_right,5,5.399024883203145
14849_right,5,5.361938273888166
35112_right,5,5.176897483914827
34844_left,5,5.444880456080727
294_left,5,4.667062891283944
17411_right,5,4.526726480093778
28976_right,5,5.289421150208595
33906_right,5,4.588866541100099
35112_left,5,4.799043179692747
8743_left,5,4.880853982223645
9156_left,5,4.51021565903179
19347_left,5,4.853163079165526
2496_left,5,5.236069591082028
34844_right,5,4.832261339949547
30723_right,5,4.917803965113268
5258_left,5,5.079407356018114
28948_right,5,5.295145789157039
4130_left,5,4.57862029227776
9157_right,5,5.318932751646138
17135_left,5,5.131764398030019
29058_right,5,4.7432613784890805
24472_left,5,4.694561490707958
8743_right,5,4.754771332996307
33812_right,5,5.395342054896713
30723_right,5,4.896995580764932
23692_left,5,5.148981261781092
28743_left,5,4.637399997490855
5032_left,5,5.345821767795401
2338_left,5,4.507907467986458
17426_right,5,5.243911558627368
8236_right,5,5.466567613667072
18798_left,5,4.644973274935421
2916_left,5,5.367763956685088
15114_left,5,5.332372031176712
9942_left,5,5.1798610466838335
8292_left,5,5.429412192937951
986_left,5,4.502923507303241
10653_right,5,5.086748842047193
28524_right,5,5.037644983918352
16802_left,5,5.026802380703718
33725_left,5,5.035041412995085
9680_left,5,5.445286967273695
7853_left,5,4.786746154376649
32851_right,5,5.151461473277398
10570_right,5,4.612737748814919
29703_right,5,4.938472439643439
8090_left,5,4.521286665230291
35704_right,5,5.222579837496337
406_right,5,5.235436695986331
2916_left,5,4.715927402660406
22520_right,5,5.443036460108159
4909_left,5,5.3220777696945465
15388_left,5,5.081322946447339
30722_right,5,4.816501221522016
2916_left,5,4.764789222975305
20752_right,5,4.61654568035633
9419_left,5,5.237871114784316
16114_right,5,4.800037135421968
30869_left,5,4.9821552947983045
4086_right,5,4.515771117707582
31442_right,5,4.832187266280046
19748_right,5,5.013517061649056
35668_left,5,4.651206558073929
16802_left,5,4.695940011864416
2016_left,5,4.830029915067018
10312_left,5,4.818326676791236
5304_right,5,5.382032128337212
9598_left,5,5.479489942285526
25985_left,5,4.792383829601163
11730_right,5,4.661226369229533
19604_left,5,4.520328538182095
28549_left,5,4.8088281190651285
18819_left,5,4.893281287567598
29703_left,5,4.998713676102375
10653_left,5,4.7740428539040725
29839_left,5,5.002837911361301
24222_right,5,5.021041398648978
15038_left,5,5.472024727292206
3501_left,5,5.032141780355886
31590_left,5,5.078465656473378
30046_right,5,4.930753669636522
19116_right,5,4.655843865515532
6017_left,5,4.5856702203643405
20432_right,5,4.524479939805824
14021_right,5,5.227405344968195
9298_left,5,5.099152687364185
33080_left,5,5.121091317933569
30747_right,5,5.360268796279831
13705_left,5,5.082324830665016
29839_right,5,5.138952794639548
15975_left,5,4.523707690488764
31746_left,5,4.5403905040234
20144_right,5,4.652260339233281
33725_right,5,5.446061433407052
23906_right,5,4.868715370523439
6719_right,5,4.926541904250947
33080_left,5,4.947100766839259
30747_right,5,5.054551628536723
32149_right,5,4.906108080338099
12652_left,5,5.035987872454986
22894_left,5,5.294993174689699
20752_left,5,5.37638937425252
23422_right,5,4.989436491286469
1430_right,5,4.601813089278443
22894_right,5,4.8421815383346845
13022_right,5,5.120176198319335
34708_right,5,5.196040373493298
30046_right,5,4.901889680018075
9311_left,5,5.4598513508745725
13669_right,5,4.896847169215527
25407_right,5,5.4474715888743095
19110_right,5,4.595460486363689
1138_left,5,4.656801640816612
13387_left,5,5.327946153772375
217_right,5,5.439909246315489
4005_left,5,4.853765009764234
18030_left,5,4.604335631015307
33283_right,5,5.112760969379878
29839_left,5,4.569757774532054
28524_right,5,4.527384877973798
34400_right,5,4.558257024839951
28549_left,5,5.167386225340852
19005_right,5,5.4612596533756
14849_left,5,5.195005876386066
30570_left,5,4.823648572991324
34901_right,5,5.308086974247692
1430_right,5,4.7749861127012165
27597_right,5,5.184944808557108
15590_right,5,4.867389291032589
34453_right,5,4.686333678325457
13819_left,5,4.802363253019735
9680_left,5,5.276698058980975
13819_right,5,5.374558849534985
9598_right,5,5.230515458514574
405_right,5,5.2634020434133015
7945_right,5,4.594785233577021
5258_right,5,5.357147504075511
2916_right,5,5.095504732945581
18819_left,5,5.382091485469059
10193_right,5,5.300792803346894
32868_right,5,5.296296312644842
33080_right,5,4.522855471591204
9298_right,5,4.531897508628756
29027_right,5,5.445433382026605
3993_right,5,5.345833140915271
35112_right,5,4.768025092670877
15459_right,5,4.506317010975696
12652_left,5,5.435262604944081
23326_left,5,4.685645711366327
33725_right,5,4.919676474184794
294_right,5,4.702917002595459
16114_left,5,4.895438503181971
21205_left,5,4.885521675815966
9518_left,5,4.870740386736538
19471_right,5,5.034330288915783
4496_right,5,4.724611605204213
3501_left,5,5.164635042358354
5032_right,5,5.003861068067485
10570_right,5,4.848056677214167
30869_right,5,4.867783947963831
13999_right,5,4.579975771130568
24010_right,5,4.8436205862997
35766_left,5,5.130140756214414
4086_right,5,4.742585334643416
30722_right,5,4.799186516982704
27094_left,5,5.188264872017841
33080_left,5,4.882881812770582
5105_left,5,4.826297259402265
28435_left,5,4.512708348463607
14021_right,5,5.227484508657514
34708_left,5,4.596032362786224
6613_right,5,5.131124407150867
936_left,5,5.029145667568853
19604_left,5,4.993224675449535
19471_right,5,4.9249399627202815
11896_left,5,4.8351795093597145
30303_right,5,5.471260160599054
13938_left,5,5.311271782713969
9682_left,5,4.987481016294186
11417_right,5,5.27831496473242
28549_right,5,5.310911132422357
21205_right,5,5.028027391197026
31590_right,5,5.097619805044356
28929_left,5,5.2559430959033975
8090_left,5,5.310863916917723
22894_left,5,5.131251883738325
19771_left,5,5.451996922811308
8388_right,5,5.21480788930285
30725_right,5,5.480153802404258
35766_right,5,5.091272027806817
15038_right,5,5.496673540302307
27674_left,5,5.323540379667335
25985_right,5,4.986373033639719
24222_right,5,4.974319269832711
23604_left,5,5.310199050860879
33884_left,5,4.85264794581944
28435_right,5,4.93937278471474
19604_left,5,4.634084079595583
20574_left,5,4.870686611062804
23433_left,5,4.543607967653808
20855_right,5,4.56262799507319
12652_left,5,5.489788632369028
29865_right,5,4.646895072887619
2804_left,5,5.201203182741148
7821_right,5,5.259545413085136
33236_right,5,5.378770676178028
22716_left,5,5.339241409638813
25972_right,5,4.918584377826669
13588_right,5,5.373847143383893
24019_right,5,5.300436732078093
24010_left,5,5.4446726615615
33580_left,5,5.165154260140267
20026_right,5,5.45759338249363
1350_left,5,4.7324810360152565
5838_left,5,4.804772752106436
19748_right,5,4.993337898169303
8388_right,5,5.115995606236037
1430_right,5,4.524568120970101
24163_left,5,5.189097541891244
25972_right,5,4.6461423264750215
2804_left,5,4.725992225433687
28434_right,5,4.908951243916592
19347_right,5,4.811862359917299
5304_right,5,5.394441068220245
19116_right,5,4.786742578838046
33753_left,5,5.07471178451976
28549_left,5,4.622868155313033
11896_left,5,4.741329297707522
9518_right,5,5.296311023397891
9863_right,5,5.0561701383784285
1138_right,5,4.508550918967996
33621_right,5,5.464382524481493
2338_left,5,4.577475740703106
19110_left,5,5.472535552940017
30675_left,5,4.89151949960687
18803_right,5,4.592064559213002
21511_left,5,4.632995219497098
11032_left,5,4.925666804906326
9863_left,5,5.139878996810433
13999_left,5,5.337132911237461
13999_right,5,4.762173648294788
35766_left,5,4.966420493756274
24010_left,5,4.599250890641383
24773_right,5,5.345887592389253
33283_right,5,4.720527395666415
14340_left,5,5.427713886377952
4531_left,5,4.537273570073511
9783_right,5,5.1683977005364685
25378_right,5,4.709468256476602
10653_right,5,4.918586438887341
29839_left,5,4.547203308249095
33580_left,5,5.077394510211267
35199_right,5,5.206863046219794
16920_left,5,5.213764073847174
367_right,5,4.52880512430238
4252_right,5,4.656901401907252
9680_left,5,5.358635557614402
2916_left,5,4.721033834365604
32846_left,5,5.030708207209228
34901_right,5,4.607526030904293
25697_right,5,4.835407584191649
21096_right,5,4.880466139413784
32230_right,5,5.122889721856013
936_left,5,4.865356244304217
19604_left,5,4.813846942554112
25378_right,5,5.304151260387803
3993_right,5,5.476977153163443
35199_right,5,5.36382693152235
35668_right,5,5.300366228005107
11874_left,5,5.151638631751961
22665_right,5,4.679588129460428
4086_left,5,5.160961486531439
5105_right,5,5.037640358000051
28675_left,5,5.427795741477351
19961_left,5,5.267489960066252
217_right,5,5.345377570498713
8292_left,5,4.920826561387244
32846_right,5,4.899090580484439
28929_right,5,4.986841402350864
9598_right,5,4.764079387083062
3993_left,5,4.848986981226696
34708_right,5,4.822130861857622
14976_left,5,5.302932123657555
17899_right,5,5.343098323739816
30570_left,5,5.259620435176087
15414_right,5,4.644669451262738
11854_left,5,5.2862155536654765
25972_left,5,5.078220281413535
15149_right,5,4.661926199833481
16565_right,5,4.827535281282106
1941_left,5,5.462057844506299
6719_right,5,4.7017395614393775
15590_right,5,4.796350654400456
21205_left,5,5.164040131373926
12108_right,5,5.080597350152463
4496_left,5,5.48434716828339
28929_right,5,5.055703954733005
10570_right,5,4.877152520579687
11032_right,5,4.62826020658292
7531_right,5,5.234671468511281
20855_left,5,4.893810531085846
31043_right,5,5.316963613364702
6096_left,5,5.022801810358148
3064_left,5,4.841439008306008
31602_right,5,5.434797709188418
1350_left,5,5.498453532199639
23422_right,5,4.96107275339883
14340_left,5,5.149600674949856
15149_right,5,4.6991104130787145
9353_right,5,4.5039992541893135
31729_right,5,5.199699100890271
22665_right,5,4.772787395068208
22520_left,5,4.92506582281915
21788_right,5,4.530004631128697
7164_left,5,5.489721682555748
16565_left,5,4.673554571496577
34453_left,5,5.352763906689236
17221_left,5,4.700224469567486
9783_right,5,5.227681578289527
19471_right,5,5.048632395739108
20144_left,5,4.927846941903435
9419_left,5,5.182808368469755
4496_left,5,4.721674450282229
24472_right,5,5.206663448577839
2970_right,5,5.432414437434831
33080_right,5,5.352620751698416
21788_right,5,5.144293978611291
30675_left,5,4.916577060924377
3371_right,5,4.589618394286124
17453_right,5,4.774388087946416
7164_right,5,5.439831771099431
23422_left,5,5.215015422686606
23433_left,5,5.150991027800943
30549_left,5,4.647502889276387
19116_right,5,5.278753259597051
12108_right,5,4.77416881524897
25378_right,5,5.3185589767914045
28072_left,5,4.9827488653221375
27094_left,5,5.205702368819894
16413_left,5,5.171232140928637
33812_right,5,5.038537478419122
8236_right,5,5.018284823514303
14976_right,5,5.07598345228795
29839_left,5,4.799343804587057
22568_left,5,5.0268404932197415
19347_left,5,4.547442705385858
5032_right,5,4.816718103493345
16581_right,5,4.763500301665055
22568_right,5,4.987708392893689
11854_left,5,5.24551510897523
25080_right,5,4.620822094971231
35766_left,5,4.698957933510592
19748_right,5,5.354187828292554
19604_left,5,4.863632723251249
3993_left,5,4.796517171084306
32868_right,5,4.905109423703999
8292_right,5,4.919002874284288
9518_left,5,5.10757242054904
17489_left,5,5.441101462068346
1138_left,5,4.920707947764577
670_left,5,4.790122255361341
17925_left,5,5.2603871488196186
17940_right,5,4.984403030598335
30297_right,5,4.873097309243484
936_right,5,5.271551795965986
25972_right,5,4.708903181806146
31659_left,5,4.885610637479237
10193_right,5,4.896973319293321
13038_right,5,5.398978298810448
30303_right,5,4.729126143060933
439_right,5,5.080100925282464
2880_right,5,4.5672024394633945
3088_left,5,4.560913092435616
33753_left,5,4.626616493121549
31729_left,5,5.475570284339477
1138_right,5,5.320706961331318
10570_left,5,4.646782190940114
35668_left,5,5.273348825539676
2970_left,5,5.246631525000595
4005_left,5,4.777579624354179
3563_right,5,5.3930293215568526
16_right,5,4.732461897632526
6719_left,5,4.686875072589954
21205_left,5,4.526461495994845
23326_right,5,5.363094451086347
33493_right,5,4.667081757823847
33621_right,5,5.100377207293576
17221_left,5,4.932828518262319
23433_right,5,5.448602668063902
28948_left,5,5.019568190243631
9311_left,5,4.547053275636953
19771_left,5,5.121297964223411
24772_left,5,4.802756657070679
8090_left,5,5.390376396865815
27727_left,5,4.617575433177207
9298_left,5,4.564836021987894
24772_left,5,4.538761184047113
6997_right,5,4.629390974174124
22271_right,5,4.636976078522854
21205_right,5,5.291628452027331
22271_left,5,4.623195507235389
22568_right,5,4.6251058259074425
439_right,5,4.5054117789499175
35199_right,5,4.511857119825737
9518_right,5,5.189669228698215
32851_right,5,4.642443767728801
439_right,5,5.392403481002987
16565_right,5,5.283185417902089
35112_right,5,4.664405239572724
14976_left,5,4.550286166517557
14849_right,5,5.172989526260987
15038_right,5,5.104144065802083
25697_right,5,4.509770493416874
13387_left,5,4.513406413541135
13966_left,5,5.3641718954468445
15376_left,5,5.146395445360675
34152_right,5,5.340643375227282
294_left,5,5.022713218513943
16309_left,5,4.571177898992171
28948_right,5,4.898210611709454
9682_left,5,4.860024694150592
20574_left,5,5.495378648765172
13066_right,5,5.001584382538262
24773_right,5,4.736410329372757
17135_left,5,4.56232621568167
29839_right,5,5.136084959375905
13664_right,5,4.743652776523399
24472_left,5,5.435359912148087
4688_right,5,5.126886873663565
5032_right,5,4.869288628429114
33236_right,5,4.925229001747768
28386_right,5,5.37951328856512
9353_left,5,4.816314789412671
12419_right,5,5.139271033629663
2880_right,5,4.861641170032487
15149_right,5,4.668894176321708
22665_right,5,4.508639839375813
32868_left,5,4.667285171248977
16392_left,5,4.606549460010671
19961_left,5,4.869202076385679
16802_left,5,5.317797827000437
11492_right,5,4.599193015740294
35112_right,5,5.2709329305892565
33003_left,5,4.976073271907036
19586_left,5,4.824030636315748
12861_left,5,5.217143341560431
27597_left,5,5.1116773272534894
22669_left,5,4.640139213230846
23326_left,5,5.49264559336907
4005_right,5,5.454743325210393
7279_left,5,4.826377881218697
12014_right,5,4.802661500514386
18567_right,5,4.887961301081086
2496_left,5,5.290394499701821
3418_left,5,5.4951938407962855
32148_left,5,5.138255556277426
7821_right,5,4.626028494831183
8743_left,5,4.539603677305012
8292_left,5,5.271353506449938
35861_left,5,5.087997159830228
9942_left,5,4.671908594832301
17489_right,5,5.4022355802237945
1084_right,5,4.551264633607776
5105_left,5,5.13771841450168
6613_right,5,4.848561453821873
7853_left,5,5.25279686771867
13669_left,5,5.305181128221677
22568_left,5,5.315431058160937
20146_right,5,5.011656831874853
405_right,5,4.512635152775496
12861_right,5,4.593961526954549
9419_left,5,5.374247046162533
22894_right,5,5.358647502549617
34995_right,5,5.276843958336104
24853_left,5,5.292294392536521
7821_right,5,4.726679026932883
16392_right,5,4.821712205456659
19663_right,5,5.091082489115607
670_right,5,5.463561000265587
23326_left,5,4.810759629367575
15941_left,5,4.668374104903364
367_left,5,4.971194516108332
24019_left,5,4.7106922627897845
9156_left,5,5.467745214119272
28072_left,5,4.618302138783826
17669_right,5,4.671814371495954
1084_left,5,4.648387879067873
15343_left,5,5.0368416214396206
1350_left,5,4.553743561502199
19588_left,5,5.460799229369296
17899_right,5,4.823900796987066
33725_left,5,4.661673632621508
14436_right,5,5.455571384554545
294_left,5,5.192444040662993
35412_left,5,5.271749567885101
6613_right,5,5.471646483691025
10954_left,5,4.828633915825936
21096_left,5,4.52870604236854
18819_left,5,4.659286211346471
19604_left,5,5.339738707964326
7945_right,5,5.247503892774571
18143_right,5,5.119641172127253
19586_left,5,5.001321017809399
24472_left,5,4.873812525421176
16114_right,5,5.475239671868267
23736_left,5,5.442551079891857
18567_right,5,4.988087882480157
10653_left,5,5.037628645290624
4130_right,5,5.256139862167074
8236_left,5,5.207800844653641
9680_left,5,5.060551584235078
23736_left,5,4.936266350356354
27094_left,5,4.642594297557644
19600_left,5,5.066257156788134
4086_left,5,5.1671966966280864
34901_right,5,4.832442529653124
14765_right,5,4.500592183129367
6613_left,5,4.781527200777509
367_left,5,4.930163988449857
7531_right,5,5.203059904782682
26772_right,5,4.702723003551045
27081_right,5,4.822920849035887
23433_left,5,4.69984746556341
13819_right,5,5.323642781141339
4086_right,5,4.781683083041591
25407_left,5,5.175556828058221
22271_right,5,4.79470510454034
12419_right,5,4.522594012301543
30297_right,5,5.282574973486994
14765_right,5,5.351448505590925
7279_left,5,5.292316351086732
3802_left,5,5.047436621687072
23604_left,5,5.436967959415128
9419_left,5,5.080189670464057
35112_left,5,5.462168170733801
367_right,5,4.856908044653093
3563_left,5,5.2851842343181845
23736_left,5,5.308084701735815
16802_right,5,4.609792172236162
2338_right,5,4.979098067849173
13387_right,5,4.52812987641724
25378_right,5,5.08341061508585
35668_left,5,4.649289178800965
34400_right,5,5.184615025969043
2338_left,5,4.855955718830434
17114_right,5,4.631181315505917
7531_right,5,4.985718482714469
17114_right,5,5.226979682655815
32148_left,5,4.610979797730776
1084_left,5,4.609484097554019
18143_right,5,5.122281156805928
22901_left,5,5.372822899113627
32149_left,5,4.7982267181221685
15149_right,5,4.627761613227807
4005_left,5,5.212154446882948
7992_right,5,4.962166742065543
31659_left,5,4.579328170142848
28386_left,5,4.800377671735542
6096_left,5,4.821737454311645
25378_right,5,5.202302797586147
17221_left,5,5.196004772959855
29865_left,5,5.492286416723609
13669_left,5,4.880061216592615
33080_right,5,5.373254756730438
19663_left,5,4.950661129319068
18798_left,5,5.10377369173099
15975_left,5,5.4540318510656665
28948_right,5,4.998005551042505
25985_left,5,5.381590651290857
18902_right,5,4.755722905381734
19347_right,5,4.980801054348981
13038_right,5,5.080072014245966
9682_left,5,5.045110248939526
16802_left,5,4.992049251731029
1663_right,5,4.9705230885284015
10017_left,5,4.61940912426143
34901_left,5,4.684679038542421
9298_right,5,5.245927778217709
20752_right,5,4.794060802053846
19748_left,5,4.834914344491155
34844_right,5,5.307583022895803
10904_right,5,4.946134216418868
33358_right,5,4.704588088901926
32851_right,5,4.9994996620575565
35766_right,5,5.197470448866119
2916_left,5,4.664295506257768
35130_left,5,4.774884970656477
32148_right,5,5.4250015035135295
34152_left,5,5.261008336780683
16309_left,5,5.364769148254556
35861_left,5,4.817544965123442
35130_left,5,4.60667561508865
27094_left,5,4.666324200430741
17135_left,5,4.559566559074832
9608_left,5,4.79300401574007
13588_right,5,5.11275008324262
17940_right,5,4.829542147733586
22716_left,5,5.114830285550658
13588_right,5,4.559195647664235
12419_left,5,4.975058468590706
33493_left,5,4.521889429356405
30046_left,5,4.691780244619637
8292_right,5,4.78503978071531
14765_right,5,5.376597649118027
21190_left,5,4.817868759775615
439_right,5,4.673660356957801
11896_right,5,4.767177817478507
35130_left,5,5.190550390454626
4252_left,5,5.086533983213458
33080_right,5,4.879881648323912
19748_left,5,4.522216976289883
16114_right,5,4.792570808489677
7164_right,5,4.640757507864455
35668_left,5,4.943433884323095
27395_right,5,4.572004572371651
12652_left,5,5.410070852622058
19061_left,5,4.781516844690611
19604_left,5,4.508164765210028
23692_right,5,4.632782651961001
15459_right,5,5.072817475050995
31590_right,5,5.103211170352352
21788_right,5,4.584087822209667
6017_left,5,5.292969313088395
7992_right,5,4.507324806078831
15414_left,5,5.067715953695223
30255_right,5,5.146608662076996
30723_right,5,4.634478543670924
35861_left,5,4.686932991918177
27251_right,5,5.328662782724599
24772_left,5,4.883824355128131
18902_left,5,5.3012560551041
25972_right,5,4.723472924981366
28386_left,5,4.75735572837844
10321_left,5,5.14379977704364
35766_right,5,5.38205660861943
27251_right,5,5.304894508863745
32868_right,5,5.410067524488553
30725_right,5,5.433433774064351
27376_right,5,4.5048233584006265
21033_right,5,5.078805193061332
32230_right,5,4.808102482863206
13664_left,5,4.559041472169875
20855_left,5,5.236118078998236
15590_right,5,4.7288295966635125
31590_right,5,5.373798100841403
1138_left,5,4.836343524706527
13669_right,5,5.002587501421371
29027_right,5,5.404011798883046
29027_left,5,4.65735837914136
19748_left,5,5.392061648800603
3563_left,5,4.709881954931879
33358_right,5,5.42509827742126
33725_left,5,4.615066146810639
9156_right,5,4.847609392425245
5825_right,5,4.738952067150692
30297_right,5,4.92041774214292
14849_right,5,4.826644663240273
1084_left,5,5.261209641468105
11032_right,5,4.913605606465106
326_right,5,5.425800701971993
18030_right,5,5.013352879944685
22894_right,5,5.185408359834185
4155_right,5,5.285933342614992
28435_left,5,4.807136329838546
5304_right,5,4.792040167014226
7853_right,5,5.393999550871403
1941_left,5,4.955303415970748
24910_left,5,4.63125309972652
30675_left,5,5.483375511691159
9608_right,5,4.824114066726438
4531_left,5,4.887066722960684
35766_right,5,4.953831649166158
23648_right,5,5.030015953468927
17453_left,5,4.98846645689674
29058_right,5,4.618904596082951
18803_right,5,5.336497644959916
10904_right,5,4.664499660587697
3418_left,5,4.93743541343463
27597_right,5,5.319850520268329
406_left,5,5.041798846869116
34844_left,5,5.086109184906422
33884_right,5,4.786061266713662
20574_left,5,4.842982166936895
31442_right,5,4.524417147018459
4130_left,5,5.182643204992512
22669_left,5,5.428683047914266
17489_right,5,4.583386014022214
19588_right,5,4.512196109255863
3611_right,5,5.094747398512574
9156_right,5,5.372256630878396
11896_left,5,4.663182043137399
31602_left,5,4.745944224787492
17749_left,5,5.232361158398153
19600_left,5,5.4894602998149065
4909_left,5,4.851812704597062
22894_right,5,5.311945043178102
23736_left,5,5.291977146082664
19110_right,5,4.979086191678269
10954_left,5,4.611375956571656
15114_left,5,4.837015118079256
28549_left,5,4.63058429722684
20111_left,5,5.218288877666952
217_right,5,5.2193415257445706
367_left,5,4.976052833938046
32149_right,5,4.895215964046509
11854_right,5,4.654312424287149
20111_left,5,4.933821644614342
3064_left,5,5.134738295349461
1084_right,5,4.951072274867114
10047_right,5,4.668804186368792
7164_right,5,4.554419024764565
21033_right,5,5.110945234180297
3064_left,5,4.697568795838103
35861_left,5,5.381224885383177
16565_right,5,4.661823362315466
15414_right,5,4.733182217179444
17453_left,5,5.162009788442919
35804_right,5,4.727023226092509
14849_left,5,5.034060557490374
2338_left,5,5.442845295271032
8388_right,5,4.844088459158582
8292_right,5,5.024434748344312
30046_left,5,5.302611589957453
18017_left,5,4.584646370585997
10904_right,5,5.038458387901567
3371_right,5,5.135340758278754
31602_right,5,4.997195639470367
27674_left,5,5.473501741894232
19604_left,5,4.675870860237553
33270_left,5,4.907559387456352
19771_left,5,4.983111831676702
23422_left,5,5.26471669165849
13669_left,5,4.6764765762140765
7992_right,5,4.983575196233998
18902_left,5,4.567667427889062
7853_left,5,5.139223793018714
2338_right,5,4.774395735079311
9518_left,5,4.806898072180068
2880_right,5,5.37067948786423
13819_right,5,5.3504046159398255
30675_right,5,4.6003060833203495
25080_right,5,5.307365545195965
30869_left,5,5.359457164737643
34400_left,5,5.395608449408353
32868_left,5,4.5705961859203095
10321_left,5,4.7680126927811965
11417_right,5,5.044820771518938
21444_left,5,5.246425468159766
10570_left,5,4.813642067712211
16046_right,5,4.527410571757487
16_right,5,4.541794069612603
34453_right,5,4.822974144187183
20026_right,5,4.903595603165752
9419_right,5,4.82737289388847
24472_left,5,4.552067486286614
8462_right,5,4.929578787840073
22271_left,5,5.402118915980477
3611_right,5,4.5524917166383245
32148_right,5,4.712392294750314
22716_right,5,4.915836543106193
33812_right,5,4.955144459203895
14021_right,5,4.796656086204364
16007_right,5,4.556434099449765
18017_left,5,5.027780283281508
32868_left,5,4.877952370357427
13038_right,5,5.417784761875742
19586_left,5,4.625119992264218
13999_left,5,5.121326582756415
14844_left,5,5.206420420181724
32868_left,5,4.653165846428323
15870_right,5,4.570378146937407
5838_left,5,5.222241672596142
30869_left,5,5.484624720672739
12419_left,5,5.471388471449253
22906_left,5,4.890943548022443
13387_right,5,4.668831336219299
25985_right,5,5.026636779318404
19347_left,5,4.991726759546534
22716_right,5,4.796434927391468
31006_left,5,4.990274891271308
25985_right,5,4.6118805935137805
31442_right,5,4.527999717705314
20146_right,5,5.4597658037784615
16309_right,5,4.720662029037626
7992_left,5,4.652598596455817
23692_right,5,4.512699768117961
8950_left,5,4.664121950785806
13811_left,5,5.314617778322029
27081_left,5,5.456130686260429
28435_right,5,4.695676212435338
22894_right,5,4.9398944342807525
25080_right,5,5.329510630576011
14025_right,5,5.049410829319675
2016_left,5,4.674398769551493
33283_left,5,5.322585277102689
31602_right,5,5.489721886308334
405_right,5,5.283119236824394
28929_left,5,4.744173730680931
33287_left,5,4.721404622408011
28077_left,5,5.325366316695836
30675_left,5,5.331674760822271
19748_right,5,4.746197152547698
22271_left,5,5.494473588584714
33621_left,5,4.573109480559616
32630_right,5,5.189493731227622
16392_right,5,5.18653149886613
12995_left,5,4.902198553016031
19961_left,5,5.052648708217982
4005_left,5,5.033998020730691
326_right,5,5.214944077967167
16920_left,5,4.730640999568224
326_right,5,5.1371750107727525
31746_left,5,5.106945644735241
21373_right,5,4.756464808043686
3611_right,5,5.090805806300049
11417_right,5,5.024442026611648
34844_right,5,5.087043010112067
22665_left,5,4.782183369539399
35668_right,5,5.493311715465042
12108_right,5,5.162722237931166
6613_left,5,4.648701820059982
27674_left,5,5.342127766019012
4688_right,5,4.598139284526268
15376_left,5,4.879673560481039
13669_right,5,5.160135335027002
11896_left,5,4.66743177496458
14849_right,5,4.971803996803056
14844_left,5,4.948596782149202
16392_right,5,4.987683657682146
19347_right,5,4.944392430372478
18902_right,5,5.266870559443808
13308_right,5,4.712823678773669
22894_left,5,5.419683849896295
22379_left,5,5.303443760849795
22568_left,5,4.861994682502852
22894_left,5,4.878883786224312
23433_right,5,4.668413016617216
8681_left,5,4.7282360601152575
10570_right,5,4.755412552440756
16392_left,5,4.742959443407835
22901_left,5,4.536394220500113
31043_left,5,5.224714736378847
31043_left,5,4.903598242363485
30297_left,5,4.554340665003742
21205_right,5,4.72745320126819
2880_right,5,4.683712863677572
33493_right,5,4.811569334197176
3412_left,5,5.040611066234659
5258_right,5,5.0168439602774
30570_left,5,5.475282297493109
30722_left,5,4.693166806763345
30046_right,5,5.165582382970543
35323_right,5,5.123327905426914
2810_left,5,4.50653054980147
19110_right,5,4.605703714413574
13387_right,5,5.034528788424483
31602_right,5,5.284744053439077
30297_left,5,5.237982542130946
29865_left,5,5.170869414111669
22665_left,5,4.781382877599467
7992_left,5,4.91107014991206
9157_left,5,5.3506271878406135
17940_left,5,4.946585042949836
3993_right,5,4.521632036947618
9298_right,5,5.051437583810509
7945_right,5,4.649695440073124
670_left,5,4.892210612930424
9680_left,5,5.298087873617964
16392_right,5,5.268051923038598
28929_left,5,4.923739762696193
29027_left,5,5.199695494798405
19110_right,5,5.374662042987546
12861_left,5,5.330203697227999
21205_right,5,5.1309949956926095
16392_right,5,5.44350181441512
28948_left,5,5.498354111750622
32149_left,5,5.265200361637799
17899_right,5,5.419064908223654
14976_right,5,4.893531602103369
24910_left,5,5.061354769897323
10785_right,5,4.664593499640454
19663_right,5,5.017339386979901
15376_left,5,5.433273080704588
19485_right,5,4.906054177384667
25972_right,5,5.243990766118965
19663_right,5,5.116402967300009
13387_left,5,5.361021320061289
6613_right,5,5.3780226545091
5825_right,5,5.159169879216841
24772_left,5,5.304832424075111
13669_left,5,4.674020474224991
23831_right,5,5.044628045457292
3563_right,5,4.873331634525748
22906_left,5,5.360034411609
9156_left,5,5.493142531632141
21788_right,5,5.09706677197555
14084_left,5,5.07926360918926
30869_right,5,4.64138206916123
20146_right,5,4.981279931433464
9156_right,5,4.970243312223725
1430_right,5,5.02305091606506
34708_left,5,5.125355923529502
17135_right,5,4.519267189983438
4909_left,5,5.042461847165269
33906_right,5,5.42563869907769
670_right,5,4.546636912402355
24010_right,5,4.544859312553687
23831_right,5,4.619596783891936
13669_right,5,4.7614837742873934
27674_right,5,4.54825152877669
35412_left,5,4.999987255911679
