image_name,artifact_label
792_right,0
793_left,0
793_right,0
796_left,0
796_right,0
799_left,0
799_right,0
800_left,0
800_right,0
802_left,0
802_right,0
803_left,0
803_right,0
805_left,0
805_right,0
810_left,0
810_right,0
812_left,0
812_right,0
814_left,0
814_right,0
818_right,0
819_left,0
819_right,0
825_left,0
825_right,0
831_left,0
831_right,0
838_left,0
838_right,0
839_left,0
839_right,0
842_left,0
842_right,0
844_left,0
845_left,0
845_right,0
851_left,0
851_right,0
857_right,0
862_left,0
862_right,0
863_left,0
863_right,0
866_left,0
866_right,0
876_left,0
876_right,0
878_right,0
879_left,0
879_right,0
880_left,0
880_right,0
885_left,0
885_right,0
886_left,0
886_right,0
897_left,0
897_right,0
899_left,0
899_right,0
904_right,0
909_left,0
909_right,0
910_left,0
910_right,0
912_left,0
912_right,0
914_left,0
914_right,0
916_right,0
917_left,0
917_right,0
921_left,0
921_right,0
925_left,0
925_right,0
929_left,0
929_right,0
930_left,0
930_right,0
931_left,0
931_right,0
935_left,0
935_right,0
939_left,0
939_right,0
940_left,0
940_right,0
941_left,0
941_right,0
943_left,0
943_right,0
947_right,0
953_left,0
953_right,0
958_left,0
958_right,0
959_left,0
959_right,0
963_left,0
963_right,0
966_left,0
966_right,0
967_left,0
967_right,0
968_left,0
968_right,0
969_left,0
969_right,0
970_left,0
970_right,0
977_left,0
977_right,0
979_left,0
979_right,0
980_left,0
980_right,0
983_left,0
983_right,0
985_left,0
987_left,0
987_right,0
990_left,0
990_right,0
992_right,0
994_left,0
994_right,0
997_left,0
998_left,0
998_right,0
1000_left,0
1000_right,0
1011_left,0
1011_right,0
1012_left,0
1012_right,0
1017_left,0
1017_right,0
1021_left,0
1021_right,0
1024_left,0
1024_right,0
1027_right,0
1029_left,0
1029_right,0
1035_left,0
1035_right,0
1037_left,0
1040_left,0
1040_right,0
1041_left,0
1041_right,0
1042_left,0
1042_right,0
1043_right,0
1044_left,0
1044_right,0
1047_left,0
1047_right,0
1051_left,0
1051_right,0
1052_left,0
1052_right,0
1055_left,0
1055_right,0
1056_left,0
1056_right,0
1057_left,0
1057_right,0
1058_left,0
1058_right,0
1059_left,0
1059_right,0
1061_left,0
1061_right,0
1070_left,0
1070_right,0
1073_left,0
1073_right,0
1075_right,0
1076_right,0
1088_left,0
1088_right,0
1092_left,0
1092_right,0
1093_left,0
1093_right,0
1096_left,0
1096_right,0
1102_left,0
1102_right,0
1113_left,0
1113_right,0
1116_left,0
1116_right,0
1119_left,0
1120_left,0
1120_right,0
1123_left,0
1123_right,0
1127_left,0
1127_right,0
1131_left,0
1131_right,0
1133_left,0
1133_right,0
1135_left,0
1135_right,0
1136_left,0
1136_right,0
1139_right,0
1142_left,0
1144_left,0
1144_right,0
1146_left,0
1146_right,0
1147_left,0
1147_right,0
1152_left,0
1161_left,0
1161_right,0
1165_left,0
1165_right,0
1170_left,0
1170_right,0
1172_left,0
1172_right,0
1179_left,0
1179_right,0
1180_left,0
1180_right,0
1182_left,0
1182_right,0
1188_left,0
1188_right,0
1192_left,0
1192_right,0
1197_left,0
1197_right,0
1199_left,0
1199_right,0
1202_left,0
1202_right,0
1206_left,0
1206_right,0
1211_left,0
1211_right,0
1212_left,0
1212_right,0
1222_left,0
1222_right,0
1226_right,0
1228_left,0
1228_right,0
1240_left,0
1240_right,0
1242_left,0
1242_right,0
1255_left,0
1255_right,0
1260_left,0
1260_right,0
1267_left,0
1267_right,0
1269_left,0
1269_right,0
1272_left,0
1272_right,0
1275_left,0
1275_right,0
1277_right,0
1282_left,0
1282_right,0
1283_right,0
1285_left,0
1285_right,0
1289_left,0
1289_right,0
1292_left,0
1292_right,0
1294_left,0
1294_right,0
1297_left,0
1297_right,0
1299_left,0
1299_right,0
1302_left,0
1302_right,0
1305_left,0
1305_right,0
1306_left,0
1306_right,0
1307_left,0
1307_right,0
1309_right,0
1312_left,0
1312_right,0
1313_left,0
1313_right,0
1316_left,0
1316_right,0
1318_left,0
1318_right,0
1322_left,0
1322_right,0
1324_left,0
1330_left,0
1330_right,0
1332_left,0
1332_right,0
1333_left,0
1333_right,0
1334_left,0
1334_right,0
1336_left,0
1336_right,0
1346_left,0
1346_right,0
1347_left,0
1347_right,0
1348_left,0
1348_right,0
1349_left,0
1349_right,0
1351_left,0
1351_right,0
1353_left,0
1353_right,0
1356_left,0
1356_right,0
1357_left,0
1357_right,0
1358_left,0
1358_right,0
1361_left,0
1361_right,0
1363_left,0
1363_right,0
1370_left,0
1370_right,0
1373_left,0
1373_right,0
1374_left,0
1377_left,0
1377_right,0
1378_left,0
1378_right,0
1387_left,0
1387_right,0
1388_left,0
1388_right,0
1393_left,0
1393_right,0
1394_left,0
1394_right,0
1395_left,0
1395_right,0
1396_left,0
1396_right,0
1399_left,0
1399_right,0
1408_left,0
1408_right,0
1409_right,0
1411_left,0
1411_right,0
1412_right,0
1418_left,0
1418_right,0
1422_left,0
1422_right,0
1424_left,0
1424_right,0
1425_left,0
1425_right,0
1427_left,0
1427_right,0
1429_left,0
1429_right,0
1431_left,0
1431_right,0
1432_left,0
1432_right,0
1439_left,0
1439_right,0
1446_left,0
1446_right,0
1449_left,0
1449_right,0
1452_left,0
1452_right,0
1454_right,0
1478_left,0
1478_right,0
1480_left,0
1480_right,0
1481_left,0
1481_right,0
1487_right,0
1488_left,0
1488_right,0
1492_left,0
1492_right,0
1493_left,0
1493_right,0
1497_left,0
1497_right,0
1499_left,0
1499_right,0
1500_right,0
1502_left,0
1502_right,0
1504_left,0
1504_right,0
1505_right,0
1506_left,0
1506_right,0
1507_left,0
1507_right,0
1508_left,0
1508_right,0
1509_left,0
1513_left,0
1513_right,0
1514_left,0
1514_right,0
1516_left,0
1516_right,0
1524_left,0
1524_right,0
1526_right,0
1527_right,0
1528_left,0
1528_right,0
1532_right,0
1550_left,0
1550_right,0
1551_left,0
1551_right,0
1557_left,0
1563_left,0
1563_right,0
1569_left,0
1569_right,0
1570_right,0
1574_left,0
1574_right,0
1579_left,0
1579_right,0
1586_left,0
1586_right,0
1588_left,0
1588_right,0
1589_left,0
1589_right,0
1595_left,0
1595_right,0
1596_left,0
1596_right,0
1600_left,0
1600_right,0
1608_left,0
1608_right,0
1609_left,0
1609_right,0
1610_left,0
1610_right,0
1611_left,0
1611_right,0
1624_left,0
1624_right,0
1630_left,0
1630_right,0
1634_left,0
1634_right,0
1638_left,0
1638_right,0
1641_left,0
1641_right,0
1643_left,0
1643_right,0
1649_left,0
1649_right,0
1650_left,0
1650_right,0
1651_left,0
1651_right,0
1655_left,0
1655_right,0
1658_right,0
1659_left,0
1659_right,0
1660_left,0
1660_right,0
1667_left,0
1667_right,0
1669_left,0
1672_left,0
1672_right,0
1673_left,0
1673_right,0
1674_left,0
1674_right,0
1678_left,0
1678_right,0
1680_left,0
1680_right,0
1688_left,0
1688_right,0
1689_left,0
1696_left,0
1696_right,0
1698_left,0
1698_right,0
1702_left,0
1702_right,0
1706_left,0
1706_right,0
1710_left,0
1710_right,0
1713_left,0
1713_right,0
1718_left,0
1718_right,0
1719_left,0
1719_right,0
1722_left,0
1722_right,0
1724_left,0
1724_right,0
1727_left,0
1727_right,0
1733_left,0
1733_right,0
1736_left,0
1736_right,0
1737_left,0
1737_right,0
1741_left,0
1741_right,0
1742_left,0
1742_right,0
1744_left,0
1744_right,0
1749_left,0
1749_right,0
1751_left,0
1751_right,0
1754_left,0
1754_right,0
1756_left,0
1756_right,0
1759_left,0
1759_right,0
1763_left,0
1763_right,0
1764_left,0
1764_right,0
1765_left,0
1765_right,0
1766_left,0
1766_right,0
1769_left,0
1769_right,0
1771_left,0
1771_right,0
1772_left,0
1772_right,0
1775_left,0
1775_right,0
1777_left,0
1777_right,0
1779_left,0
1785_right,0
1786_left,0
1786_right,0
1793_left,0
1793_right,0
1799_left,0
1799_right,0
1801_left,0
1801_right,0
1802_left,0
1802_right,0
1803_left,0
1803_right,0
1808_left,0
1808_right,0
1810_left,0
1810_right,0
1817_left,0
1823_left,0
1823_right,0
1826_left,0
1826_right,0
1831_left,0
1832_left,0
1832_right,0
1833_left,0
1835_left,0
1836_left,0
1836_right,0
1839_left,0
1839_right,0
1847_left,0
1847_right,0
1849_left,0
1849_right,0
1853_left,0
1855_left,0
1855_right,0
1859_left,0
1859_right,0
1862_left,0
1862_right,0
1868_left,0
1868_right,0
1869_left,0
1869_right,0
1872_left,0
1872_right,0
1878_left,0
1878_right,0
1880_left,0
1880_right,0
1881_left,0
1881_right,0
1886_left,0
1886_right,0
1887_left,0
1887_right,0
1889_left,0
1889_right,0
1905_left,0
1905_right,0
1907_left,0
1907_right,0
1910_left,0
1910_right,0
1914_left,0
1914_right,0
1915_left,0
1915_right,0
1916_left,0
1916_right,0
1929_left,0
1929_right,0
1936_left,0
1936_right,0
1940_left,0
1940_right,0
1943_left,0
1943_right,0
1953_left,0
1953_right,0
1955_left,0
1955_right,0
1959_left,0
1959_right,0
1960_left,0
1967_left,0
1967_right,0
1971_left,0
1971_right,0
1972_left,0
1972_right,0
1974_left,0
1974_right,0
1977_left,0
1977_right,0
1981_right,0
1982_left,0
1982_right,0
1985_left,0
1985_right,0
1986_left,0
1988_left,0
1988_right,0
1991_left,0
1991_right,0
1997_left,0
1997_right,0
1999_right,0
2000_left,0
2000_right,0
2007_left,0
2007_right,0
2008_left,0
2008_right,0
2014_left,0
2014_right,0
2015_left,0
2015_right,0
2029_left,0
2030_right,0
2035_left,0
2035_right,0
2036_left,0
2036_right,0
2041_left,0
2041_right,0
2046_left,0
2046_right,0
2048_left,0
2048_right,0
2053_left,0
2054_left,0
2054_right,0
2058_left,0
2058_right,0
2059_left,0
2059_right,0
2062_left,0
2062_right,0
2063_left,0
2063_right,0
2066_left,0
2066_right,0
2071_left,0
2071_right,0
2077_left,0
2077_right,0
2078_left,0
2078_right,0
2079_left,0
2079_right,0
2080_left,0
2080_right,0
2084_left,0
2084_right,0
2086_left,0
2086_right,0
2087_left,0
2087_right,0
2092_left,0
2092_right,0
2095_left,0
2095_right,0
2096_left,0
2096_right,0
2097_left,0
2097_right,0
2099_left,0
2102_left,0
2102_right,0
2108_left,0
2108_right,0
2110_left,0
2110_right,0
2113_left,0
2113_right,0
2117_left,0
2117_right,0
2121_left,0
2121_right,0
2123_left,0
2123_right,0
2124_left,0
2124_right,0
2125_left,0
2125_right,0
2131_right,0
2133_left,0
2133_right,0
2134_left,0
2134_right,0
2136_left,0
2136_right,0
2138_left,0
2138_right,0
2139_left,0
2139_right,0
2140_left,0
2140_right,0
2141_left,0
2141_right,0
2144_left,0
2144_right,0
2149_left,0
2149_right,0
2155_right,0
2157_left,0
2157_right,0
2159_left,0
2159_right,0
2163_left,0
2163_right,0
2164_left,0
2164_right,0
2168_right,0
2169_left,0
2169_right,0
2174_left,0
2174_right,0
2179_left,0
2179_right,0
2181_left,0
2181_right,0
2182_left,0
2182_right,0
2185_left,0
2185_right,0
2188_left,0
2188_right,0
2190_left,0
2190_right,0
2191_left,0
2191_right,0
2192_left,0
2194_right,0
2199_left,0
2199_right,0
2200_left,0
2200_right,0
2203_left,0
2203_right,0
2204_left,0
2204_right,0
2217_left,0
2217_right,0
2218_left,0
2218_right,0
2222_left,0
2222_right,0
2223_left,0
2223_right,0
2226_left,0
2226_right,0
2227_left,0
2227_right,0
2228_left,0
2228_right,0
2229_left,0
2229_right,0
2230_left,0
2230_right,0
2231_left,0
2231_right,0
2232_left,0
2236_left,0
2236_right,0
2239_left,0
2239_right,0
2243_left,0
2243_right,0
2246_left,0
2246_right,0
2247_left,0
2247_right,0
2248_left,0
2248_right,0
2252_left,0
2252_right,0
2256_left,0
2256_right,0
2257_left,0
2257_right,0
2258_left,0
2258_right,0
2261_left,0
2262_left,0
2262_right,0
2264_left,0
2270_left,0
2270_right,0
2273_left,0
2274_left,0
2274_right,0
2284_left,0
2284_right,0
2285_left,0
2285_right,0
2286_left,0
2286_right,0
2288_left,0
2288_right,0
2290_left,0
2290_right,0
2296_left,0
2296_right,0
2297_left,0
2297_right,0
2302_left,0
2302_right,0
2303_left,0
2303_right,0
2305_left,0
2305_right,0
2307_left,0
2307_right,0
2315_left,0
2318_left,0
2320_left,0
2320_right,0
2322_left,0
2322_right,0
2323_left,0
2323_right,0
2329_left,0
2329_right,0
2332_left,0
2332_right,0
2334_left,0
2334_right,0
2336_left,0
2336_right,0
2337_left,0
2337_right,0
2339_left,0
2339_right,0
2341_left,0
2341_right,0
2343_left,0
2343_right,0
2350_left,0
2350_right,0
2351_left,0
2351_right,0
2353_left,0
2353_right,0
2354_left,0
2354_right,0
2355_left,0
2355_right,0
2356_left,0
2356_right,0
2358_left,0
2358_right,0
2361_left,0
2361_right,0
2362_left,0
2362_right,0
2363_left,0
2363_right,0
2368_left,0
2368_right,0
2369_right,0
2372_left,0
2372_right,0
2378_left,0
2378_right,0
2379_left,0
2379_right,0
2384_left,0
2384_right,0
2389_left,0
2389_right,0
2399_left,0
2399_right,0
2401_left,0
2401_right,0
2404_left,0
2404_right,0
2405_left,0
2405_right,0
2408_left,0
2408_right,0
2413_left,0
2413_right,0
2418_left,0
2418_right,0
2421_left,0
2421_right,0
2425_left,0
2425_right,0
2430_right,0
2432_left,0
2432_right,0
2433_left,0
2435_left,0
2435_right,0
2436_left,0
2436_right,0
2437_left,0
2437_right,0
2439_left,0
2439_right,0
2441_left,0
2441_right,0
2443_left,0
2443_right,0
2448_left,0
2448_right,0
2450_left,0
2450_right,0
2451_left,0
2451_right,0
2458_left,0
2458_right,0
2462_left,0
2462_right,0
2465_left,0
2465_right,0
2479_left,0
2479_right,0
2483_left,0
2483_right,0
2491_left,0
2491_right,0
2495_left,0
2497_left,0
2497_right,0
2500_left,0
2500_right,0
2502_left,0
2502_right,0
2503_left,0
2503_right,0
2505_left,0
2505_right,0
2515_left,0
2515_right,0
2516_left,0
2517_left,0
2517_right,0
2521_left,0
2521_right,0
2525_right,0
2528_left,0
2528_right,0
2529_left,0
2529_right,0
2530_left,0
2530_right,0
2533_left,0
2533_right,0
2534_left,0
2534_right,0
2535_left,0
2535_right,0
2537_left,0
2537_right,0
2539_left,0
2539_right,0
2541_left,0
2541_right,0
2544_left,0
2544_right,0
2549_left,0
2549_right,0
2550_left,0
2550_right,0
2551_left,0
2551_right,0
2554_left,0
2554_right,0
2556_left,0
2556_right,0
2558_left,0
2558_right,0
2562_left,0
2562_right,0
2564_left,0
2564_right,0
2566_left,0
2566_right,0
2576_left,0
2576_right,0
2578_left,0
2578_right,0
2582_left,0
2582_right,0
2588_left,0
2588_right,0
2589_left,0
2589_right,0
2593_left,0
2593_right,0
2597_left,0
2597_right,0
2598_left,0
2598_right,0
2599_left,0
2599_right,0
2604_left,0
2604_right,0
2605_left,0
2605_right,0
2606_left,0
2606_right,0
2607_left,0
2607_right,0
2622_left,0
2622_right,0
2630_left,0
2630_right,0
2631_left,0
2631_right,0
2633_left,0
2633_right,0
2635_left,0
2635_right,0
2640_left,0
2641_left,0
2641_right,0
2642_left,0
2642_right,0
2643_left,0
2643_right,0
2646_left,0
2646_right,0
2650_left,0
2650_right,0
2652_right,0
2655_left,0
2655_right,0
2656_left,0
2656_right,0
2660_left,0
2660_right,0
2662_left,0
2662_right,0
2664_left,0
2664_right,0
2666_left,0
2666_right,0
2669_left,0
2669_right,0
2670_left,0
2675_left,0
2675_right,0
2676_left,0
2676_right,0
2677_left,0
2677_right,0
2678_left,0
2678_right,0
2683_left,0
2683_right,0
2684_left,0
2684_right,0
2687_left,0
2687_right,0
2689_left,0
2689_right,0
2691_right,0
2693_left,0
2693_right,0
2695_left,0
2695_right,0
2697_left,0
2697_right,0
2701_left,0
2701_right,0
2702_left,0
2702_right,0
2703_left,0
2703_right,0
2705_right,0
2710_left,0
2710_right,0
2712_left,0
2712_right,0
2721_left,0
2721_right,0
2724_left,0
2724_right,0
2726_left,0
2726_right,0
2728_left,0
2728_right,0
2731_left,0
2731_right,0
2734_left,0
2734_right,0
2735_left,0
2735_right,0
2736_left,0
2736_right,0
2743_left,0
2743_right,0
2744_left,0
2744_right,0
2749_left,0
2749_right,0
2754_left,0
2754_right,0
2755_left,0
2755_right,0
2758_left,0
2758_right,0
2765_left,0
2765_right,0
2768_left,0
2768_right,0
2774_left,0
2774_right,0
2776_left,0
2776_right,0
2778_left,0
2778_right,0
2780_left,0
2780_right,0
2785_left,0
2785_right,0
2791_left,0
2791_right,0
2793_left,0
2793_right,0
2794_left,0
2794_right,0
2795_right,0
2796_left,0
2796_right,0
2801_left,0
2801_right,0
2802_left,0
2806_left,0
2806_right,0
2807_left,0
2807_right,0
2812_left,0
2812_right,0
2813_left,0
2813_right,0
2814_left,0
2814_right,0
2815_left,0
2815_right,0
2817_left,0
2817_right,0
2818_left,0
2818_right,0
2820_left,0
2820_right,0
2823_left,0
2823_right,0
2824_left,0
2824_right,0
2826_left,0
2826_right,0
2829_left,0
2829_right,0
2830_left,0
2830_right,0
2831_left,0
2831_right,0
2838_left,0
2838_right,0
2839_left,0
2839_right,0
2840_left,0
2840_right,0
2842_left,0
2842_right,0
2846_left,0
2846_right,0
2847_left,0
2847_right,0
2848_left,0
2848_right,0
2851_left,0
2851_right,0
2853_left,0
2853_right,0
2857_left,0
2857_right,0
2859_left,0
2859_right,0
2860_left,0
2860_right,0
2865_left,0
2865_right,0
2869_left,0
2869_right,0
2874_left,0
2874_right,0
2879_left,0
2879_right,0
2881_left,0
2881_right,0
2886_left,0
2886_right,0
2887_left,0
2887_right,0
2888_left,0
2888_right,0
2889_left,0
2889_right,0
2893_left,0
2893_right,0
2895_left,0
2895_right,0
2897_left,0
2897_right,0
2905_left,0
2905_right,0
2908_left,0
2908_right,0
2910_left,0
2910_right,0
2911_left,0
2911_right,0
2918_left,0
2918_right,0
2923_left,0
2923_right,0
2933_left,0
2933_right,0
2947_left,0
2947_right,0
2949_left,0
2952_left,0
2952_right,0
2953_right,0
2954_left,0
2954_right,0
2957_left,0
2957_right,0
2961_left,0
2961_right,0
2963_left,0
2963_right,0
2964_left,0
2964_right,0
2965_left,0
2969_left,0
2969_right,0
2973_left,0
2973_right,0
2976_left,0
2976_right,0
2978_left,0
2978_right,0
2980_left,0
2980_right,0
2982_left,0
2982_right,0
2984_left,0
2984_right,0
2986_left,0
2986_right,0
2990_left,0
2990_right,0
2996_left,0
2996_right,0
2997_left,0
2997_right,0
2999_left,0
2999_right,0
3000_left,0
3000_right,0
3001_left,0
3001_right,0
3011_left,0
3011_right,0
3017_right,0
3018_left,0
3020_left,0
3020_right,0
3021_left,0
3021_right,0
3022_left,0
3022_right,0
3023_left,0
3023_right,0
3034_left,0
3034_right,0
3040_left,0
3040_right,0
3043_left,0
3043_right,0
3053_left,0
3053_right,0
3058_left,0
3058_right,0
3060_right,0
3061_right,0
3062_left,0
3062_right,0
3065_left,0
3065_right,0
3067_left,0
3067_right,0
3070_left,0
3072_left,0
3072_right,0
3074_right,0
3076_left,0
3076_right,0
3078_left,0
3078_right,0
3080_left,0
3080_right,0
3082_left,0
3082_right,0
3089_left,0
3089_right,0
3094_right,0
3100_left,0
3100_right,0
3103_left,0
3103_right,0
3106_left,0
3106_right,0
3112_left,0
3112_right,0
3114_left,0
3114_right,0
3116_left,0
3116_right,0
3121_left,0
3121_right,0
3123_left,0
3123_right,0
3130_left,0
3130_right,0
3135_left,0
3135_right,0
3141_left,0
3141_right,0
3142_left,0
3142_right,0
3144_left,0
3144_right,0
3146_left,0
3146_right,0
3148_left,0
3148_right,0
3149_left,0
3149_right,0
3159_left,0
3159_right,0
3160_left,0
3160_right,0
3167_left,0
3167_right,0
3170_left,0
3170_right,0
3174_left,0
3174_right,0
3177_left,0
3177_right,0
3185_left,0
3185_right,0
3189_left,0
3196_left,0
3196_right,0
3204_left,0
3204_right,0
3211_left,0
3211_right,0
3212_left,0
3212_right,0
3224_left,0
3224_right,0
3227_left,0
3227_right,0
3228_left,0
3228_right,0
3232_left,0
3232_right,0
3241_left,0
3241_right,0
3249_left,0
3249_right,0
3251_left,0
3251_right,0
3266_left,0
3266_right,0
3273_left,0
3273_right,0
3280_left,0
3280_right,0
3283_left,0
3283_right,0
3284_left,0
3284_right,0
3286_left,0
3286_right,0
3290_left,0
3290_right,0
3296_left,0
3296_right,0
3298_left,0
3298_right,0
3303_left,0
3305_left,0
3305_right,0
3306_left,0
3306_right,0
3308_left,0
3308_right,0
3312_left,0
3312_right,0
3319_left,0
3319_right,0
3320_right,0
3321_left,0
3321_right,0
3324_left,0
3324_right,0
3325_left,0
3325_right,0
3326_left,0
3326_right,0
3327_left,0
3327_right,0
3329_left,0
3329_right,0
3331_left,0
3331_right,0
3332_left,0
3332_right,0
3333_left,0
3333_right,0
3335_left,0
3335_right,0
3337_left,0
3337_right,0
3341_left,0
3341_right,0
3344_left,0
3344_right,0
3345_left,0
3345_right,0
3346_left,0
3346_right,0
3347_left,0
3347_right,0
3348_left,0
3348_right,0
3355_left,0
3355_right,0
3358_left,0
3358_right,0
3359_left,0
3359_right,0
3365_left,0
3365_right,0
3370_left,0
3370_right,0
3372_left,0
3375_left,0
3375_right,0
3376_left,0
3376_right,0
3378_left,0
3378_right,0
3381_left,0
3381_right,0
3382_left,0
3382_right,0
3385_left,0
3385_right,0
3387_left,0
3387_right,0
3391_left,0
3391_right,0
3393_left,0
3393_right,0
3395_left,0
3395_right,0
3400_left,0
3400_right,0
3401_left,0
3401_right,0
3405_left,0
3405_right,0
3406_left,0
3406_right,0
3408_right,0
3413_left,0
3413_right,0
3415_left,0
3415_right,0
3416_left,0
3416_right,0
3417_left,0
3417_right,0
3419_left,0
3419_right,0
3423_left,0
3423_right,0
3429_left,0
3429_right,0
3434_left,0
3434_right,0
3439_left,0
3439_right,0
3440_left,0
3440_right,0
3447_left,0
3447_right,0
3449_left,0
3449_right,0
3451_left,0
3451_right,0
3453_left,0
3453_right,0
3461_left,0
3461_right,0
3462_left,0
3462_right,0
3464_left,0
3468_left,0
3468_right,0
3469_left,0
3469_right,0
3472_left,0
3472_right,0
3473_left,0
3473_right,0
3478_left,0
3478_right,0
3479_left,0
3479_right,0
3491_left,0
3491_right,0
3496_left,0
3496_right,0
3501_right,0
3506_left,0
3506_right,0
3508_left,0
3508_right,0
3509_left,0
3509_right,0
3511_left,0
3511_right,0
3513_left,0
3513_right,0
3515_right,0
3518_left,0
3518_right,0
3519_left,0
3519_right,0
3520_left,0
3520_right,0
3526_right,0
3527_left,0
3527_right,0
3530_left,0
3530_right,0
3531_left,0
3531_right,0
3533_left,0
3541_left,0
3541_right,0
3542_left,0
3542_right,0
3543_left,0
3543_right,0
3553_left,0
3553_right,0
3557_left,0
3557_right,0
3558_left,0
3558_right,0
3564_left,0
3564_right,0
3567_left,0
3567_right,0
3569_left,0
3569_right,0
3572_left,0
3572_right,0
3575_left,0
3575_right,0
3578_left,0
3578_right,0
3579_left,0
3579_right,0
3580_left,0
3580_right,0
3581_left,0
3581_right,0
3585_left,0
3585_right,0
3592_left,0
3592_right,0
3593_left,0
3593_right,0
3595_left,0
3595_right,0
3598_left,0
3598_right,0
3600_left,0
3600_right,0
3601_left,0
3601_right,0
3607_left,0
3607_right,0
3608_left,0
3608_right,0
3610_left,0
3610_right,0
3611_left,0
3612_right,0
3615_left,0
3615_right,0
3619_left,0
3619_right,0
3621_left,0
3621_right,0
3623_left,0
3623_right,0
3634_left,0
3634_right,0
3636_right,0
3639_left,0
3639_right,0
3640_left,0
3640_right,0
3641_left,0
3641_right,0
3643_left,0
3643_right,0
3646_left,0
3646_right,0
3650_left,0
3650_right,0
3651_left,0
3651_right,0
3652_left,0
3652_right,0
3653_left,0
3653_right,0
3654_left,0
3654_right,0
3655_right,0
3657_left,0
3657_right,0
3660_left,0
3660_right,0
3661_left,0
3661_right,0
3662_left,0
3662_right,0
3671_right,0
3673_left,0
3673_right,0
3677_left,0
3677_right,0
3687_left,0
3687_right,0
3688_right,0
3692_left,0
3692_right,0
3693_left,0
3693_right,0
3695_left,0
3695_right,0
3697_left,0
3697_right,0
3698_left,0
3698_right,0
3699_left,0
3699_right,0
3700_left,0
3700_right,0
3703_right,0
3706_left,0
3706_right,0
3708_left,0
3708_right,0
3710_left,0
3710_right,0
3712_left,0
3712_right,0
3721_left,0
3721_right,0
3723_left,0
3723_right,0
3726_left,0
3726_right,0
3727_left,0
3727_right,0
3740_right,0
3741_left,0
3741_right,0
3742_left,0
3742_right,0
3743_left,0
3743_right,0
3749_left,0
3749_right,0
3750_left,0
3750_right,0
3752_left,0
3752_right,0
3754_left,0
3755_left,0
3755_right,0
3757_left,0
3757_right,0
3758_left,0
3758_right,0
3762_left,0
3762_right,0
3766_left,0
3766_right,0
3767_left,0
3769_left,0
3769_right,0
3774_left,0
3782_right,0
3783_left,0
3783_right,0
3786_left,0
3786_right,0
3795_left,0
3795_right,0
3797_left,0
3797_right,0
3798_left,0
3798_right,0
3799_left,0
3799_right,0
3806_left,0
3806_right,0
3812_left,0
3812_right,0
3818_left,0
3818_right,0
3823_left,0
3823_right,0
3824_left,0
3824_right,0
3825_left,0
3825_right,0
3830_left,0
3830_right,0
3831_left,0
3831_right,0
3832_left,0
3832_right,0
3838_left,0
3838_right,0
3844_left,0
3844_right,0
3846_left,0
3846_right,0
3848_left,0
3848_right,0
3851_left,0
3851_right,0
3852_left,0
3852_right,0
3856_left,0
3856_right,0
3857_left,0
3857_right,0
3858_left,0
3858_right,0
3861_left,0
3861_right,0
3862_left,0
3862_right,0
3865_right,0
3866_left,0
3866_right,0
3871_left,0
3871_right,0
3872_left,0
3872_right,0
3873_left,0
3873_right,0
3877_left,0
3877_right,0
3880_left,0
3880_right,0
3889_left,0
3889_right,0
3892_left,0
3892_right,0
3893_left,0
3893_right,0
3894_right,0
3896_left,0
3896_right,0
3897_left,0
3897_right,0
3898_left,0
3898_right,0
3907_left,0
3907_right,0
3908_left,0
3908_right,0
3909_left,0
3909_right,0
3910_left,0
3910_right,0
3918_left,0
3918_right,0
3924_left,0
3924_right,0
3926_left,0
3926_right,0
3930_left,0
3930_right,0
3936_left,0
3936_right,0
3937_left,0
3937_right,0
3938_left,0
3938_right,0
3940_left,0
3940_right,0
3948_left,0
3948_right,0
3957_left,0
3957_right,0
3960_left,0
3960_right,0
3967_left,0
3967_right,0
3970_left,0
3970_right,0
3973_left,0
3973_right,0
3981_left,0
3981_right,0
3984_left,0
3984_right,0
3986_left,0
3986_right,0
3989_right,0
3994_left,0
3994_right,0
3995_left,0
3995_right,0
4001_left,0
4001_right,0
4002_left,0
4002_right,0
4003_left,0
4003_right,0
4009_left,0
4009_right,0
4021_left,0
4021_right,0
4034_left,0
4034_right,0
4035_left,0
4035_right,0
4036_right,0
4041_left,0
4041_right,0
4046_left,0
4046_right,0
4048_left,0
4048_right,0
4049_left,0
4049_right,0
4053_left,0
4053_right,0
4058_left,0
4058_right,0
4062_left,0
4062_right,0
4064_left,0
4064_right,0
8553_left,0
8555_right,0
8620_left,0
8623_left,0
8623_right,0
8637_left,0
8637_right,0
8660_left,0
8669_left,0
8669_right,0
8695_left,0
8711_left,0
8711_right,0
8744_left,0
8783_right,0
8788_right,0
8794_left,0
8827_left,0
8873_left,0
8889_left,0
8889_right,0
8897_left,0
8897_right,0
8900_left,0
8900_right,0
8919_right,0
8936_right,0
8956_right,0
8966_right,0
8981_left,0
8981_right,0
8993_right,0
8999_left,0
8999_right,0
9000_left,0
9008_left,0
9008_right,0
9024_right,0
9100_left,0
9116_left,0
9120_left,0
9166_right,0
9183_right,0
9200_right,0
9214_right,0
9244_left,0
9244_right,0
9251_left,0
9255_left,0
9255_right,0
9259_right,0
9297_left,0
9300_right,0
9313_left,0
9342_left,0
9359_right,0
9366_left,0
9366_right,0
9404_right,0
9423_right,0
9456_right,0
9462_left,0
9467_left,0
9467_right,0
9478_left,0
9505_left,0
9509_left,0
9525_left,0
9539_right,0
9546_right,0
9601_right,0
9619_right,0
9632_left,0
9663_left,0
9663_right,0
9670_left,0
9683_right,0
9737_left,0
9737_right,0
9744_right,0
9759_left,0
9810_left,0
9810_right,0
9821_left,0
9821_right,0
9848_right,0
9868_right,0
9871_left,0
9933_left,0
9933_right,0
9949_right,0
9959_left,0
9959_right,0
9963_left,0
9963_right,0
9975_left,0
9975_right,0
9976_right,0
9992_left,0
9992_right,0
10030_left,0
10030_right,0
10085_left,0
10085_right,0
10150_right,0
10169_right,0
10177_left,0
10177_right,0
10220_left,0
10221_right,0
10232_right,0
10233_left,0
10233_right,0
10234_left,0
10234_right,0
10269_left,0
10297_right,0
10320_right,0
10334_left,0
10356_right,0
10384_left,0
10426_left,0
10468_right,0
10545_right,0
10551_left,0
10551_right,0
10567_right,0
10594_right,0
10657_left,0
10657_right,0
10672_left,0
10672_right,0
10737_right,0
10758_left,0
10758_right,0
10762_left,0
10787_left,0
10787_right,0
10790_right,0
10808_left,0
10812_left,0
10822_left,0
10822_right,0
10853_left,0
10853_right,0
10925_right,0
10996_right,0
11005_left,0
11007_left,0
11007_right,0
11053_left,0
11053_right,0
11057_left,0
11101_left,0
11113_right,0
11159_right,0
11161_left,0
11161_right,0
11162_left,0
11163_right,0
11183_right,0
11263_left,0
11263_right,0
11308_right,0
11315_left,0
11421_right,0
11425_right,0
11427_right,0
11437_left,0
11443_left,0
11446_left,0
11495_right,0
11500_left,0
11500_right,0
11505_left,0
11505_right,0
11516_left,0
11526_left,0
11526_right,0
11547_left,0
11547_right,0
11618_right,0
11724_left,0
11736_left,0
11738_left,0
11740_left,0
11758_left,0
11758_right,0
11779_left,0
11815_right,0
11818_left,0
11818_right,0
11819_left,0
11819_right,0
11915_left,0
11929_left,0
11929_right,0
11937_right,0
11959_left,0
11959_right,0
11980_left,0
11980_right,0
11983_left,0
11995_left,0
11995_right,0
12018_right,0
12042_right,0
12063_left,0
12070_right,0
12098_right,0
12114_left,0
12139_left,0
12139_right,0
12144_left,0
12170_left,0
12170_right,0
12227_left,0
12227_right,0
12233_left,0
12241_left,0
12268_right,0
12278_left,0
12278_right,0
12311_left,0
12311_right,0
12372_left,0
12386_right,0
12392_left,0
12397_left,0
12397_right,0
12444_left,0
12452_left,0
12496_right,0
12514_right,0
12515_right,0
12547_left,0
12547_right,0
12554_left,0
12554_right,0
12563_left,0
12577_left,0
12577_right,0
12614_right,0
12675_right,0
12676_left,0
12676_right,0
12683_left,0
12683_right,0
12795_left,0
12798_right,0
12810_left,0
12831_left,0
12872_right,0
12878_left,0
12903_right,0
12922_left,0
12924_left,0
12990_right,0
13027_right,0
13031_left,0
13031_right,0
13043_left,0
13043_right,0
13126_left,0
13158_left,0
13169_left,0
13209_left,0
13209_right,0
13229_left,0
13229_right,0
13267_left,0
13305_right,0
13333_left,0
13333_right,0
13341_right,0
13345_right,0
13376_left,0
13376_right,0
13447_left,0
13490_left,0
13490_right,0
13493_right,0
13494_right,0
13502_left,0
13517_left,0
13517_right,0
13522_left,0
13527_right,0
13569_left,0
13569_right,0
13595_left,0
13600_right,0
13643_right,0
13659_left,0
13662_right,0
13693_right,0
13708_left,0
13708_right,0
13714_left,0
13714_right,0
13730_left,0
13751_left,0
13751_right,0
13753_right,0
13762_right,0
13766_left,0
13766_right,0
13770_left,0
13798_right,0
13891_left,0
13891_right,0
13909_right,0
13945_left,0
13945_right,0
13962_left,0
13962_right,0
13971_left,0
13994_left,0
14008_right,0
14041_left,0
14110_left,0
14110_right,0
14139_right,0
14152_left,0
14191_left,0
14191_right,0
14193_right,0
14212_left,0
14212_right,0
14227_left,0
14227_right,0
14245_left,0
14245_right,0
14248_left,0
14248_right,0
14251_left,0
14251_right,0
14336_left,0
14353_right,0
14356_right,0
14367_left,0
14371_right,0
14374_left,0
14374_right,0
14377_left,0
14397_left,0
14403_left,0
14403_right,0
14456_right,0
14467_right,0
14501_right,0
14522_right,0
14584_left,0
14584_right,0
14587_right,0
14614_left,0
14614_right,0
14615_right,0
14627_right,0
14650_left,0
14664_left,0
14664_right,0
14710_left,0
14721_right,0
14773_right,0
14805_right,0
14816_left,0
14816_right,0
14825_left,0
14825_right,0
14846_left,0
14898_right,0
14901_left,0
14902_left,0
14902_right,0
14936_left,0
14936_right,0
14938_left,0
14961_left,0
14961_right,0
14967_left,0
14981_left,0
14989_left,0
15000_left,0
15029_left,0
15029_right,0
15037_left,0
15083_right,0
15095_right,0
15151_left,0
15190_right,0
15194_left,0
15248_left,0
15274_left,0
15288_left,0
15288_right,0
15306_left,0
15306_right,0
15383_left,0
15396_right,0
15468_right,0
15476_right,0
15481_right,0
15487_left,0
15528_right,0
15529_right,0
15530_right,0
15554_right,0
15557_right,0
15576_right,0
15578_left,0
15578_right,0
15593_left,0
15593_right,0
15625_left,0
15627_left,0
15645_right,0
15695_right,0
15708_left,0
15750_left,0
15750_right,0
15763_left,0
15775_right,0
15793_right,0
15797_left,0
15835_left,0
15835_right,0
15855_right,0
15885_right,0
15886_right,0
15902_right,0
15935_left,0
15935_right,0
15944_left,0
15944_right,0
15994_left,0
16042_left,0
16042_right,0
16076_left,0
16095_right,0
16170_left,0
16197_left,0
16197_right,0
16223_right,0
16249_right,0
16268_right,0
16280_left,0
16280_right,0
16287_right,0
16289_left,0
16289_right,0
16290_left,0
16341_right,0
16350_right,0
16386_left,0
16439_right,0
16458_left,0
16458_right,0
16488_left,0
16488_right,0
16509_left,0
16515_left,0
16515_right,0
16520_left,0
16524_left,0
16524_right,0
16545_left,0
16545_right,0
16558_left,0
16576_left,0
16612_right,0
16628_left,0
16628_right,0
16641_left,0
16641_right,0
16658_right,0
16672_right,0
16741_left,0
16754_right,0
16778_right,0
16808_left,0
16818_left,0
16818_right,0
16835_right,0
16857_left,0
16857_right,0
16917_right,0
16941_left,0
16941_right,0
16963_right,0
17009_left,0
17028_right,0
17030_right,0
17037_right,0
17089_left,0
17089_right,0
17113_left,0
17113_right,0
17182_right,0
17191_right,0
17202_left,0
17202_right,0
17207_right,0
17234_right,0
17264_left,0
17276_left,0
17276_right,0
17298_left,0
17298_right,0
17299_left,0
17317_left,0
17318_left,0
17318_right,0
17326_left,0
17348_right,0
17359_right,0
17442_right,0
17461_left,0
17483_left,0
17491_right,0
17495_right,0
17501_left,0
17509_left,0
17550_right,0
17555_left,0
17555_right,0
17564_left,0
17564_right,0
17615_left,0
17615_right,0
17627_right,0
17629_left,0
17644_left,0
17647_left,0
17647_right,0
17688_left,0
17688_right,0
17699_right,0
17705_left,0
17705_right,0
17732_right,0
17734_right,0
17785_left,0
17785_right,0
17798_left,0
17805_left,0
17805_right,0
17840_right,0
17847_left,0
17847_right,0
17852_left,0
17868_right,0
17873_left,0
17873_right,0
17934_left,0
17934_right,0
17986_left,0
17986_right,0
17998_left,0
18014_left,0
18014_right,0
18155_right,0
18185_left,0
18205_left,0
18233_right,0
18274_left,0
18274_right,0
18297_left,0
18365_right,0
18368_right,0
18372_right,0
18392_left,0
18392_right,0
18405_right,0
18433_left,0
18433_right,0
18438_right,0
18493_left,0
18507_left,0
18507_right,0
18528_left,0
18528_right,0
18575_left,0
18575_right,0
18618_right,0
18648_right,0
18653_right,0
18708_right,0
18759_left,0
18763_right,0
18770_right,0
18780_left,0
18915_left,0
18915_right,0
18933_left,0
18972_left,0
18972_right,0
18995_right,0
19004_right,0
19017_left,0
19022_right,0
19029_left,0
19029_right,0
19046_left,0
19075_left,0
19075_right,0
19114_left,0
19114_right,0
19141_right,0
19158_left,0
19163_right,0
19177_left,0
19177_right,0
19193_left,0
19200_right,0
19238_left,0
19254_right,0
19269_left,0
19269_right,0
19278_left,0
19309_left,0
19422_left,0
19422_right,0
19431_right,0
19452_left,0
19462_left,0
19472_left,0
19493_left,0
19493_right,0
19504_left,0
19504_right,0
19555_left,0
19572_right,0
19626_left,0
19626_right,0
19628_left,0
19743_left,0
19755_left,0
19802_left,0
19802_right,0
19830_left,0
19830_right,0
19849_right,0
19859_left,0
19859_right,0
19878_left,0
19878_right,0
19925_right,0
19953_right,0
19976_left,0
19986_left,0
20019_left,0
20019_right,0
20030_right,0
20062_left,0
20062_right,0
20082_left,0
20082_right,0
20093_left,0
20093_right,0
20115_left,0
20115_right,0
20134_left,0
20134_right,0
20147_left,0
20169_right,0
20179_left,0
20182_left,0
20200_right,0
20226_left,0
20236_right,0
20242_left,0
20249_right,0
20275_right,0
20280_right,0
20286_left,0
20286_right,0
20292_right,0
20309_left,0
20315_left,0
20346_left,0
20361_right,0
20370_left,0
20404_left,0
20404_right,0
20460_right,0
20464_left,0
20473_right,0
20490_left,0
20499_left,0
20513_left,0
20513_right,0
20523_left,0
20523_right,0
20556_left,0
20568_left,0
20570_left,0
20570_right,0
20621_left,0
20634_left,0
20671_left,0
20671_right,0
20674_left,0
20677_left,0
20677_right,0
20742_left,0
20784_left,0
20806_right,0
20808_left,0
20842_right,0
20894_left,0
20913_left,0
20913_right,0
20926_left,0
20993_left,0
21008_left,0
21105_right,0
21123_left,0
21123_right,0
21149_left,0
21172_right,0
21184_left,0
21250_left,0
21250_right,0
21278_left,0
21294_right,0
21297_left,0
21297_right,0
21331_left,0
21417_left,0
21455_right,0
21456_left,0
21456_right,0
21483_left,0
21513_right,0
21556_left,0
21556_right,0
21571_right,0
21604_right,0
21679_left,0
21695_left,0
21695_right,0
21714_right,0
21718_left,0
21720_left,0
21756_left,0
21797_left,0
21797_right,0
21824_right,0
21833_left,0
21903_left,0
21954_left,0
21955_right,0
21973_left,0
21973_right,0
21978_left,0
21978_right,0
21982_left,0
21987_left,0
21987_right,0
21998_left,0
22034_left,0
22045_right,0
22077_left,0
22080_left,0
22110_right,0
22154_left,0
22171_left,0
22171_right,0
22208_left,0
22299_left,0
22330_right,0
22332_left,0
22349_right,0
22360_left,0
22397_left,0
22398_left,0
22398_right,0
22424_left,0
22468_right,0
22476_left,0
22625_right,0
22661_left,0
22697_left,0
22700_left,0
22700_right,0
22713_right,0
22753_left,0
22821_right,0
22841_left,0
22852_right,0
22887_right,0
22916_left,0
22916_right,0
22951_right,0
22987_left,0
22987_right,0
22991_left,0
23007_left,0
23029_right,0
23050_left,0
23050_right,0
23118_right,0
23123_left,0
23123_right,0
23157_right,0
23170_left,0
23263_right,0
23271_left,0
23306_right,0
23335_left,0
23356_left,0
23394_left,0
23394_right,0
23395_right,0
23411_right,0
23480_right,0
23483_left,0
23502_left,0
23502_right,0
23523_right,0
23532_left,0
23532_right,0
23534_left,0
23534_right,0
23538_right,0
23541_left,0
23547_left,0
23548_left,0
23553_left,0
23553_right,0
23642_right,0
23695_left,0
23718_right,0
23731_left,0
23731_right,0
23771_left,0
23771_right,0
23775_right,0
23786_left,0
23786_right,0
23796_left,0
23797_right,0
23814_left,0
23814_right,0
23850_right,0
23852_right,0
23856_left,0
23856_right,0
23873_left,0
23890_right,0
23916_left,0
23916_right,0
23949_right,0
23996_left,0
23996_right,0
24033_right,0
24094_left,0
24144_left,0
24155_right,0
24166_left,0
24166_right,0
24237_left,0
24237_right,0
24243_left,0
24299_left,0
24314_left,0
24336_left,0
24336_right,0
24341_left,0
24341_right,0
24392_left,0
24392_right,0
24402_left,0
24447_right,0
24478_right,0
24490_left,0
24491_right,0
24503_right,0
24589_left,0
24589_right,0
24599_right,0
24607_right,0
24608_right,0
24612_right,0
24625_left,0
24645_left,0
24655_right,0
24668_right,0
24696_left,0
24696_right,0
24703_right,0
24704_right,0
24712_right,0
24738_right,0
24754_left,0
24774_left,0
24783_left,0
24783_right,0
24802_left,0
24813_right,0
24873_left,0
24914_left,0
24962_left,0
24962_right,0
24982_left,0
24983_left,0
24983_right,0
24990_right,0
24995_right,0
24996_left,0
24996_right,0
25008_right,0
25009_right,0
25070_right,0
25132_left,0
25133_left,0
25154_left,0
25154_right,0
25158_right,0
25162_left,0
25203_left,0
25203_right,0
25205_left,0
25205_right,0
25210_left,0
25210_right,0
25236_left,0
25249_right,0
25260_right,0
25280_right,0
25296_left,0
25312_left,0
25316_left,0
25390_right,0
25392_right,0
25417_left,0
25448_left,0
25448_right,0
25449_left,0
25449_right,0
25458_left,0
25474_left,0
25474_right,0
25475_left,0
25475_right,0
25478_left,0
25478_right,0
25497_left,0
25517_right,0
25518_left,0
25518_right,0
25534_left,0
25551_left,0
25551_right,0
25582_left,0
25584_right,0
25604_left,0
25628_right,0
25637_left,0
25637_right,0
25656_left,0
25656_right,0
25672_right,0
25679_left,0
25680_right,0
25717_right,0
25758_right,0
25787_left,0
25820_right,0
25936_left,0
25936_right,0
25988_left,0
26024_left,0
26051_left,0
26051_right,0
26056_left,0
26056_right,0
26078_left,0
26103_left,0
26103_right,0
26123_left,0
26123_right,0
26140_right,0
26190_left,0
26190_right,0
26235_left,0
26245_left,0
26300_left,0
26300_right,0
26312_right,0
26319_right,0
26377_right,0
26433_right,0
26470_left,0
26477_left,0
26487_right,0
26503_left,0
26503_right,0
26591_left,0
26591_right,0
26595_left,0
26595_right,0
26627_left,0
26627_right,0
26649_left,0
26649_right,0
26665_left,0
26737_left,0
26741_left,0
26763_right,0
26796_left,0
26796_right,0
26810_left,0
26811_right,0
26863_left,0
26863_right,0
26962_right,0
26967_left,0
26986_right,0
26996_right,0
27004_right,0
27015_right,0
27057_left,0
27065_left,0
27076_right,0
27077_right,0
27145_left,0
27165_right,0
27191_right,0
27214_left,0
27214_right,0
27223_left,0
27223_right,0
27264_left,0
27304_left,0
27304_right,0
27339_left,0
27344_left,0
27358_left,0
27358_right,0
27360_right,0
27368_left,0
27368_right,0
27374_right,0
27378_left,0
27426_right,0
27436_left,0
27436_right,0
27534_left,0
27534_right,0
27541_left,0
27588_left,0
27588_right,0
27590_left,0
27620_right,0
27654_left,0
27677_left,0
27677_right,0
27695_right,0
27713_left,0
27755_right,0
27785_left,0
27810_right,0
27836_left,0
27850_left,0
27885_right,0
27905_right,0
27932_left,0
27932_right,0
27943_left,0
27959_left,0
27959_right,0
28007_left,0
28015_left,0
28015_right,0
28036_left,0
28036_right,0
28046_right,0
28080_left,0
28113_left,0
28113_right,0
28154_right,0
28174_left,0
28177_left,0
28177_right,0
28327_left,0
28353_right,0
28368_left,0
28442_right,0
28455_right,0
28457_left,0
28469_right,0
28486_right,0
28540_right,0
28551_right,0
28569_left,0
28569_right,0
28579_left,0
28579_right,0
28583_left,0
28583_right,0
28612_right,0
28646_right,0
28721_left,0
28721_right,0
28726_left,0
28726_right,0
28796_left,0
28839_left,0
28839_right,0
28905_left,0
28934_right,0
28947_left,0
28947_right,0
29020_left,0
29021_right,0
29038_left,0
29038_right,0
29052_left,0
29102_left,0
29107_right,0
29156_left,0
29238_left,0
29238_right,0
29278_left,0
29293_left,0
29293_right,0
29312_left,0
29312_right,0
29320_right,0
29322_left,0
29330_left,0
29330_right,0
29334_left,0
29367_left,0
29377_left,0
29377_right,0
29390_right,0
29518_left,0
29526_left,0
29549_left,0
29549_right,0
29559_right,0
29569_left,0
29569_right,0
29623_left,0
29623_right,0
29650_left,0
29650_right,0
29654_left,0
29654_right,0
29656_left,0
29684_right,0
29737_left,0
29740_right,0
29768_left,0
29768_right,0
29788_left,0
29803_left,0
29803_right,0
29810_left,0
29810_right,0
29884_left,0
29894_left,0
29894_right,0
29899_left,0
29899_right,0
29902_right,0
29921_left,0
29929_right,0
29935_left,0
29967_left,0
30000_right,0
30004_right,0
30033_left,0
30033_right,0
30081_right,0
30099_left,0
30099_right,0
30122_left,0
30124_right,0
30146_left,0
30146_right,0
30197_right,0
30205_left,0
30233_left,0
30235_left,0
30290_left,0
30290_right,0
30299_left,0
30299_right,0
30318_left,0
30334_left,0
30363_left,0
30398_right,0
30402_right,0
30415_right,0
30448_right,0
30537_left,0
30537_right,0
30550_left,0
30550_right,0
30595_left,0
30595_right,0
30597_right,0
30606_left,0
30606_right,0
30645_right,0
30653_left,0
30653_right,0
30741_left,0
30741_right,0
30785_right,0
30791_left,0
30791_right,0
30840_left,0
30840_right,0
30846_right,0
30859_left,0
30898_left,0
31010_left,0
31010_right,0
31035_left,0
31036_left,0
31036_right,0
31054_left,0
31060_left,0
31060_right,0
31098_right,0
31108_left,0
31108_right,0
31140_right,0
31163_left,0
31191_left,0
31273_left,0
31273_right,0
31289_left,0
31311_right,0
31312_right,0
31347_right,0
31348_left,0
31348_right,0
31363_left,0
31363_right,0
31397_left,0
31397_right,0
31435_left,0
31435_right,0
31442_left,0
31450_left,0
31469_left,0
31469_right,0
31499_right,0
31529_left,0
31529_right,0
31537_left,0
31540_left,0
31540_right,0
31552_right,0
31598_left,0
31598_right,0
31608_left,0
31621_left,0
31624_left,0
31667_right,0
31709_right,0
31722_left,0
31724_left,0
31724_right,0
31752_left,0
31772_left,0
31789_right,0
31833_right,0
31863_left,0
31886_right,0
31907_left,0
31932_left,0
31950_right,0
31972_right,0
31981_left,0
31981_right,0
32008_left,0
32008_right,0
32072_right,0
32098_left,0
32098_right,0
32112_left,0
32112_right,0
32129_left,0
32130_left,0
32130_right,0
32142_left,0
32142_right,0
32176_left,0
32200_right,0
32226_left,0
32237_left,0
32253_left,0
32253_right,0
32282_left,0
32298_left,0
32298_right,0
32307_left,0
32308_right,0
32314_left,0
32314_right,0
32402_left,0
32412_right,0
32418_left,0
32454_left,0
32454_right,0
32476_left,0
32486_left,0
32535_left,0
32536_left,0
32550_right,0
32558_right,0
32566_right,0
32614_left,0
32614_right,0
32627_right,0
32644_left,0
32644_right,0
32680_right,0
32691_right,0
32695_left,0
32702_left,0
32703_left,0
32731_left,0
32731_right,0
32764_right,0
32768_right,0
32794_left,0
32798_left,0
32798_right,0
32833_right,0
32835_left,0
32890_left,0
32890_right,0
32893_right,0
32901_right,0
32918_right,0
32924_right,0
32964_left,0
32979_left,0
32979_right,0
32987_left,0
33096_left,0
33163_right,0
33208_left,0
33208_right,0
33231_left,0
33327_right,0
33395_left,0
33395_right,0
33415_right,0
33417_left,0
33417_right,0
33434_right,0
33472_left,0
33472_right,0
33484_left,0
33491_left,0
33491_right,0
33492_right,0
33507_right,0
33509_left,0
33509_right,0
33535_left,0
33546_left,0
33574_left,0
33602_left,0
33623_left,0
33623_right,0
33659_right,0
33681_right,0
33687_right,0
33689_left,0
33699_right,0
33706_left,0
33711_left,0
33711_right,0
33876_right,0
33889_left,0
33891_left,0
33919_right,0
33963_right,0
33996_left,0
34008_left,0
34008_right,0
34029_left,0
34078_left,0
34078_right,0
34109_right,0
34113_right,0
34147_left,0
34187_right,0
34198_right,0
34203_right,0
34222_left,0
34222_right,0
34302_right,0
34304_left,0
34304_right,0
34340_right,0
34350_left,0
34350_right,0
34364_right,0
34368_left,0
34382_left,0
34405_left,0
34433_left,0
34433_right,0
34449_left,0
34449_right,0
34454_left,0
34456_left,0
34456_right,0
34551_left,0
34551_right,0
34567_left,0
34567_right,0
34593_left,0
34593_right,0
34611_right,0
34644_right,0
34648_left,0
34648_right,0
34655_left,0
34655_right,0
34696_left,0
34706_left,0
34718_left,0
34718_right,0
34734_right,0
34757_left,0
34761_right,0
34814_left,0
34841_right,0
34862_right,0
34905_right,0
34990_left,0
34992_left,0
35010_right,0
35054_left,0
35054_right,0
35057_right,0
35064_left,0
35064_right,0
35090_left,0
35095_left,0
35095_right,0
35183_right,0
35205_left,0
35215_left,0
35215_right,0
35278_left,0
35293_right,0
35322_left,0
35322_right,0
35394_left,0
35394_right,0
35441_left,0
35445_left,0
35446_right,0
35509_left,0
35509_right,0
35557_right,0
35579_left,0
35579_right,0
35587_right,0
35645_right,0
35666_right,0
35711_left,0
35748_left,0
35748_right,0
35764_right,0
35803_left,0
35803_right,0
35807_left,0
35807_right,0
35808_left,0
35810_right,0
35812_right,0
35858_left,0
35868_left,0
35933_right,0
35947_right,0
35967_left,0
35973_left,0
35973_right,0
36008_right,0
36026_left,0
36035_left,0
36035_right,0
36064_right,0
36099_right,0
36162_left,0
36237_right,0
36256_left,0
36256_right,0
36276_left,0
36285_left,0
36322_left,0
36322_right,0
36335_left,0
36351_right,0
36364_left,0
36367_left,0
36367_right,0
36395_left,0
36427_left,0
36427_right,0
36442_right,0
36466_left,0
36500_right,0
36507_right,0
36513_right,0
36517_right,0
36566_left,0
36588_left,0
36588_right,0
36613_left,0
36631_left,0
36631_right,0
36705_right,0
36718_right,0
36724_left,0
36728_left,0
36728_right,0
36741_left,0
36741_right,0
36745_left,0
36778_left,0
36778_right,0
36785_right,0
36791_right,0
36808_left,0
36819_right,0
36879_left,0
36879_right,0
36919_right,0
36921_left,0
36921_right,0
36933_right,0
36956_left,0
36958_left,0
36999_left,0
37020_left,0
37020_right,0
37035_left,0
37097_right,0
37110_left,0
37179_right,0
37192_left,0
37192_right,0
37235_left,0
37235_right,0
37294_right,0
37320_left,0
37320_right,0
37366_left,0
37469_left,0
37469_right,0
37488_right,0
37500_right,0
37604_left,0
37639_left,0
37639_right,0
37647_right,0
37656_right,0
37669_right,0
37675_right,0
37699_right,0
37756_right,0
37788_right,0
37792_left,0
37792_right,0
37795_right,0
37831_right,0
37859_left,0
37867_left,0
37867_right,0
37868_left,0
37917_left,0
37917_right,0
37936_left,0
37938_left,0
37953_left,0
37962_right,0
38008_left,0
38010_left,0
38011_left,0
38060_right,0
38066_left,0
38066_right,0
38071_left,0
38071_right,0
38072_right,0
38080_right,0
38083_left,0
38083_right,0
38114_left,0
38114_right,0
38116_left,0
38116_right,0
38130_left,0
38163_left,0
38164_left,0
38179_left,0
38179_right,0
38188_right,0
38189_left,0
38189_right,0
38215_right,0
38230_left,0
38274_left,0
38276_left,0
38276_right,0
38326_left,0
38375_right,0
38391_left,0
38391_right,0
38401_right,0
38410_left,0
38410_right,0
38454_left,0
38454_right,0
38458_right,0
38478_right,0
38587_right,0
38596_left,0
38634_left,0
38634_right,0
38638_right,0
38664_left,0
38714_left,0
38714_right,0
38715_left,0
38727_left,0
38743_left,0
38789_right,0
38833_left,0
38882_left,0
38895_right,0
38925_left,0
38979_left,0
38997_left,0
39009_left,0
39009_right,0
39018_left,0
39018_right,0
39033_left,0
39033_right,0
39075_right,0
39078_left,0
39094_right,0
39111_left,0
39224_left,0
39224_right,0
39284_left,0
39287_right,0
39316_right,0
39326_left,0
39326_right,0
39333_right,0
39343_left,0
39343_right,0
39369_right,0
39383_right,0
39387_left,0
39391_left,0
39396_left,0
39402_left,0
39402_right,0
39409_right,0
39504_right,0
39554_left,0
39582_left,0
39588_left,0
39650_right,0
39657_left,0
39657_right,0
39663_left,0
39670_right,0
39691_left,0
39743_right,0
39744_right,0
39773_left,0
39791_right,0
39805_right,0
39826_left,0
39826_right,0
39828_left,0
39832_left,0
39834_left,0
39834_right,0
39864_right,0
39939_left,0
39957_right,0
39968_left,0
39968_right,0
39975_right,0
39978_left,0
39978_right,0
39982_left,0
39999_left,0
39999_right,0
40008_right,0
40033_left,0
40068_left,0
40077_right,0
40083_right,0
40108_left,0
40202_right,0
40212_left,0
40265_left,0
40265_right,0
40284_left,0
40284_right,0
40316_left,0
40316_right,0
40376_right,0
40390_left,0
40390_right,0
40404_left,0
40423_left,0
40423_right,0
40506_right,0
40508_right,0
40551_left,0
40557_left,0
40557_right,0
40558_right,0
40570_right,0
40582_left,0
40584_right,0
40667_left,0
40667_right,0
40674_left,0
40677_left,0
40683_left,0
40684_right,0
40752_left,0
40752_right,0
40757_left,0
40757_right,0
40769_left,0
40790_left,0
40791_left,0
40805_left,0
40805_right,0
40808_left,0
40808_right,0
40812_left,0
40823_right,0
40832_left,0
40848_left,0
40848_right,0
40853_left,0
40873_right,0
40894_right,0
40921_right,0
40937_right,0
40965_left,0
40965_right,0
41001_left,0
41059_left,0
41059_right,0
41081_left,0
41105_left,0
41105_right,0
41178_left,0
41287_right,0
41311_left,0
41318_left,0
41318_right,0
41324_left,0
41325_right,0
41379_right,0
41394_left,0
41411_left,0
41425_right,0
41471_left,0
41471_right,0
41517_right,0
41525_left,0
41525_right,0
41538_left,0
41538_right,0
41548_right,0
41621_left,0
41640_left,0
41640_right,0
41681_left,0
41681_right,0
41688_left,0
41688_right,0
41717_left,0
41717_right,0
41739_left,0
41804_left,0
41804_right,0
41813_right,0
41845_left,0
41851_left,0
41851_right,0
41863_left,0
41863_right,0
41904_right,0
41918_right,0
41932_left,0
41940_left,0
41946_right,0
41949_left,0
41949_right,0
41979_left,0
41979_right,0
42020_left,0
42020_right,0
42082_left,0
42087_right,0
42184_left,0
42184_right,0
42194_right,0
42264_right,0
42284_right,0
42333_left,0
42333_right,0
42364_left,0
42364_right,0
42368_left,0
42368_right,0
42371_left,0
42386_left,0
42386_right,0
42420_left,0
42420_right,0
42452_right,0
42471_left,0
42473_left,0
42473_right,0
42503_left,0
42503_right,0
42537_left,0
42537_right,0
42560_left,0
42586_left,0
42596_right,0
42615_left,0
42615_right,0
42633_left,0
42636_left,0
42636_right,0
42653_right,0
42665_left,0
42690_left,0
42690_right,0
42702_left,0
42705_left,0
42705_right,0
42728_left,0
42728_right,0
42766_right,0
42807_left,0
42807_right,0
42834_left,0
42873_left,0
42919_right,0
42965_right,0
42973_right,0
42981_right,0
43024_right,0
43030_left,0
43030_right,0
43047_left,0
43047_right,0
43063_left,0
43063_right,0
43101_right,0
43134_left,0
43148_left,0
43154_left,0
43154_right,0
43158_left,0
43158_right,0
43161_right,0
43171_left,0
43196_left,0
43235_left,0
43235_right,0
43243_left,0
43243_right,0
43291_left,0
43291_right,0
43311_right,0
43314_left,0
43318_right,0
43359_right,0
43441_left,0
43441_right,0
43450_left,0
43450_right,0
43457_left,0
43457_right,0
43511_left,0
43540_right,0
43549_left,0
43552_left,0
43563_left,0
43563_right,0
43583_right,0
43593_left,0
43593_right,0
43626_right,0
43637_right,0
43639_left,0
43639_right,0
43683_right,0
43694_left,0
43694_right,0
43747_right,0
43753_left,0
43753_right,0
43822_right,0
43826_left,0
43902_left,0
43923_right,0
43973_right,0
44003_left,0
44012_left,0
44025_right,0
44069_left,0
44117_left,0
44117_right,0
44145_left,0
44191_left,0
44196_left,0
44196_right,0
44236_left,0
44236_right,0
44237_right,0
44242_left,0
44263_left,0
44275_left,0
44275_right,0
44309_left,0
44309_right,0
44323_left,0
44323_right,0
44328_right,0
44337_left,0
44349_right,0
4163_right,1
4175_left,1
4175_right,1
4182_left,1
4182_right,1
4196_left,1
4196_right,1
4214_left,1
4214_right,1
4258_right,1
4276_left,1
4276_right,1
4306_right,1
4307_left,1
4307_right,1
4318_left,1
4318_right,1
4324_left,1
4352_left,1
4352_right,1
4364_left,1
4364_right,1
4370_left,1
4370_right,1
4385_left,1
4385_right,1
4398_left,1
4398_right,1
4399_left,1
4399_right,1
4403_left,1
4403_right,1
4409_left,1
4409_right,1
4421_left,1
4421_right,1
4443_left,1
4443_right,1
4464_left,1
4464_right,1
4466_right,1
4497_left,1
4497_right,1
4513_left,1
4519_left,1
4519_right,1
4533_right,1
4555_left,1
4555_right,1
4559_left,1
4561_left,1
4561_right,1
4567_left,1
4567_right,1
4570_right,1
4594_left,1
4594_right,1
4601_left,1
4601_right,1
4604_left,1
4604_right,1
4620_left,1
4624_left,1
4624_right,1
4633_left,1
4657_left,1
4657_right,1
4674_right,1
4676_left,1
4676_right,1
4685_left,1
4688_left,1
4693_left,1
4693_right,1
4695_left,1
4695_right,1
4696_left,1
4697_left,1
4698_left,1
4698_right,1
4702_left,1
4702_right,1
4710_left,1
4710_right,1
4723_left,1
4723_right,1
4764_left,1
4764_right,1
4766_right,1
4773_right,1
4776_right,1
4798_left,1
4798_right,1
4811_left,1
4824_left,1
4824_right,1
4829_left,1
4829_right,1
4878_right,1
4886_left,1
4886_right,1
4903_left,1
4903_right,1
4911_left,1
4911_right,1
4931_left,1
4937_left,1
4937_right,1
4965_left,1
4965_right,1
4967_right,1
4970_left,1
5007_right,1
5019_right,1
5024_left,1
5039_left,1
5047_left,1
5047_right,1
5054_left,1
5054_right,1
5058_left,1
5058_right,1
5063_right,1
5066_left,1
5066_right,1
5071_right,1
5092_left,1
5092_right,1
5100_left,1
5100_right,1
5134_left,1
5134_right,1
5139_left,1
5146_right,1
5149_left,1
5149_right,1
5156_left,1
5156_right,1
5178_left,1
5178_right,1
5183_left,1
5183_right,1
5185_left,1
5186_right,1
5205_left,1
5205_right,1
5209_left,1
5213_left,1
5213_right,1
5237_left,1
5237_right,1
5240_right,1
5275_left,1
5275_right,1
5324_left,1
5324_right,1
5329_left,1
5329_right,1
5342_left,1
5361_left,1
5361_right,1
5394_right,1
5396_left,1
5396_right,1
5406_left,1
5406_right,1
5407_left,1
5410_left,1
5410_right,1
5420_left,1
5420_right,1
5431_left,1
5431_right,1
5436_left,1
5436_right,1
5437_right,1
5457_left,1
5457_right,1
5471_left,1
5471_right,1
5475_right,1
5496_left,1
5496_right,1
5500_left,1
5500_right,1
5516_right,1
5530_left,1
5530_right,1
5541_right,1
5542_right,1
5570_left,1
5570_right,1
5577_right,1
5589_left,1
5598_left,1
5598_right,1
5615_left,1
5632_left,1
5632_right,1
5647_left,1
5647_right,1
5652_left,1
5652_right,1
5657_left,1
5657_right,1
5668_right,1
5676_left,1
5676_right,1
5728_left,1
5740_left,1
5740_right,1
5743_left,1
5758_left,1
5758_right,1
5766_left,1
5766_right,1
5769_left,1
5769_right,1
5783_left,1
5783_right,1
5789_right,1
5790_right,1
5792_right,1
5795_left,1
5795_right,1
5800_left,1
5800_right,1
5813_left,1
5813_right,1
5814_left,1
5819_right,1
5821_right,1
5835_left,1
5835_right,1
5837_left,1
5837_right,1
5838_right,1
5848_left,1
5848_right,1
5859_left,1
5859_right,1
5872_left,1
5872_right,1
5877_left,1
5877_right,1
5896_left,1
5896_right,1
5902_left,1
5913_left,1
5913_right,1
5927_right,1
5930_right,1
5944_left,1
5947_right,1
5953_left,1
5963_right,1
5965_left,1
5965_right,1
5990_left,1
6014_left,1
6014_right,1
6018_left,1
6018_right,1
6022_right,1
6053_left,1
6053_right,1
6079_left,1
6079_right,1
6088_left,1
6088_right,1
6093_left,1
6093_right,1
6129_left,1
6129_right,1
6138_right,1
6139_left,1
6139_right,1
6163_left,1
6168_right,1
6190_left,1
6190_right,1
6200_left,1
6200_right,1
6217_left,1
6217_right,1
6228_left,1
6228_right,1
6236_left,1
6236_right,1
6240_left,1
6245_right,1
6259_left,1
6261_left,1
6261_right,1
6272_left,1
6272_right,1
6276_left,1
6276_right,1
6299_left,1
6299_right,1
6304_left,1
6317_left,1
6337_left,1
6339_left,1
6339_right,1
6367_left,1
6367_right,1
6377_right,1
6391_left,1
6391_right,1
6397_left,1
6397_right,1
6403_left,1
6403_right,1
6415_left,1
6450_left,1
6450_right,1
6459_right,1
6484_left,1
6484_right,1
6488_left,1
6488_right,1
6502_left,1
6518_left,1
6537_right,1
6544_left,1
6544_right,1
6551_left,1
6551_right,1
6561_left,1
6561_right,1
6591_left,1
6591_right,1
6599_left,1
6599_right,1
6607_left,1
6607_right,1
6617_right,1
6624_left,1
6624_right,1
6631_right,1
6640_left,1
6640_right,1
6645_left,1
6645_right,1
6654_left,1
6654_right,1
6656_right,1
6665_left,1
6665_right,1
6670_left,1
6670_right,1
6684_left,1
6684_right,1
6696_left,1
6696_right,1
6715_left,1
6731_right,1
6765_left,1
6765_right,1
6785_left,1
6816_left,1
6816_right,1
6837_left,1
6837_right,1
6840_left,1
6851_left,1
6851_right,1
6855_left,1
6874_left,1
6874_right,1
6878_left,1
6898_left,1
6898_right,1
6901_right,1
6927_left,1
6964_left,1
6964_right,1
6971_left,1
6971_right,1
6990_left,1
6990_right,1
7014_right,1
7017_left,1
7017_right,1
7038_left,1
7038_right,1
7051_left,1
7051_right,1
7057_left,1
7057_right,1
7058_left,1
7059_left,1
7059_right,1
7063_left,1
7063_right,1
7075_left,1
7082_left,1
7082_right,1
7137_left,1
7175_left,1
7175_right,1
7182_left,1
7182_right,1
7205_right,1
7222_right,1
7237_right,1
7263_left,1
7263_right,1
7272_right,1
7276_right,1
7279_right,1
7283_left,1
7288_left,1
7298_left,1
7300_left,1
7300_right,1
7307_left,1
7307_right,1
7316_left,1
7322_right,1
7342_left,1
7342_right,1
7349_right,1
7352_left,1
7352_right,1
7363_left,1
7363_right,1
7371_right,1
7383_left,1
7383_right,1
7410_left,1
7410_right,1
7415_left,1
7430_left,1
7430_right,1
7437_left,1
7437_right,1
7446_left,1
7446_right,1
7474_left,1
7474_right,1
7494_left,1
7505_right,1
7512_left,1
7512_right,1
7515_left,1
7582_left,1
7582_right,1
7601_right,1
7607_right,1
7617_left,1
7617_right,1
7631_left,1
7637_right,1
7638_right,1
7640_left,1
7640_right,1
7650_left,1
7650_right,1
7665_left,1
7695_left,1
7695_right,1
7700_left,1
7700_right,1
7703_left,1
7703_right,1
7722_right,1
7724_left,1
7730_left,1
7730_right,1
7733_left,1
7733_right,1
7739_left,1
7750_left,1
7764_left,1
7764_right,1
7767_left,1
7773_left,1
7774_left,1
7798_left,1
7798_right,1
7805_left,1
7805_right,1
7828_left,1
7829_left,1
7829_right,1
7831_left,1
7862_left,1
7862_right,1
7863_left,1
7863_right,1
7876_left,1
7876_right,1
7880_right,1
7883_left,1
7884_left,1
7884_right,1
7890_right,1
7894_right,1
7905_left,1
7905_right,1
7906_left,1
7906_right,1
7932_left,1
7932_right,1
7940_left,1
7940_right,1
7947_left,1
7971_left,1
7971_right,1
7982_right,1
7993_left,1
7993_right,1
8003_left,1
8003_right,1
8014_left,1
8014_right,1
8029_right,1
8030_left,1
8030_right,1
8039_left,1
8039_right,1
8062_right,1
8072_left,1
8072_right,1
8080_left,1
8080_right,1
8090_right,1
8092_left,1
8092_right,1
8111_left,1
8116_left,1
8116_right,1
8141_left,1
8141_right,1
8155_left,1
8169_left,1
8169_right,1
8181_right,1
8207_right,1
8215_left,1
8215_right,1
8233_left,1
8233_right,1
8245_right,1
8248_right,1
8284_right,1
8312_left,1
8312_right,1
8319_right,1
8339_right,1
8358_right,1
8360_left,1
8360_right,1
8363_right,1
8368_left,1
8368_right,1
8387_left,1
8387_right,1
8418_left,1
8425_left,1
8425_right,1
8455_left,1
8455_right,1
8470_left,1
8470_right,1
8499_right,1
8504_left,1
8504_right,1
8515_left,1
8515_right,1
8522_left,1
8522_right,1
8527_left,1
8527_right,1
8538_left,1
8538_right,1
8562_right,1
8565_left,1
8583_left,1
8583_right,1
8596_right,1
8610_left,1
8610_right,1
8621_left,1
8621_right,1
8640_left,1
8655_left,1
8655_right,1
8675_right,1
8677_left,1
8677_right,1
8706_right,1
8716_right,1
8740_left,1
8740_right,1
8744_right,1
8760_left,1
8769_left,1
8769_right,1
8771_left,1
8771_right,1
8783_left,1
8816_left,1
8816_right,1
8817_left,1
8817_right,1
8825_left,1
8825_right,1
8830_left,1
8830_right,1
8839_right,1
8842_left,1
8842_right,1
8852_left,1
8852_right,1
8864_left,1
8864_right,1
8883_right,1
8919_left,1
8936_left,1
8940_left,1
8940_right,1
8954_left,1
8954_right,1
8966_left,1
8967_left,1
8967_right,1
8995_left,1
8995_right,1
9000_right,1
9011_left,1
9024_left,1
9092_left,1
9092_right,1
9106_left,1
9134_right,1
9163_left,1
9163_right,1
9167_left,1
9167_right,1
9173_left,1
9173_right,1
9177_left,1
9177_right,1
9200_left,1
9205_left,1
9205_right,1
9214_left,1
9216_right,1
9218_left,1
9218_right,1
9232_left,1
9259_left,1
9271_left,1
9271_right,1
9284_left,1
9284_right,1
9324_left,1
9324_right,1
9342_right,1
9351_left,1
9351_right,1
9376_left,1
9376_right,1
9384_left,1
9384_right,1
9396_left,1
9396_right,1
9423_left,1
9450_left,1
9452_left,1
9452_right,1
9464_left,1
9464_right,1
9503_left,1
9503_right,1
9528_left,1
9528_right,1
9529_left,1
9529_right,1
9546_left,1
9569_left,1
9569_right,1
9586_left,1
9586_right,1
9590_left,1
9619_left,1
9632_right,1
9633_right,1
9657_left,1
9657_right,1
9680_right,1
9683_left,1
9690_left,1
9690_right,1
9694_right,1
9697_right,1
9713_left,1
9713_right,1
9716_left,1
9716_right,1
9717_right,1
9741_left,1
9744_left,1
9752_left,1
9759_right,1
9761_left,1
9764_left,1
9764_right,1
9783_left,1
9793_left,1
9797_left,1
9797_right,1
9798_left,1
9798_right,1
9799_left,1
9799_right,1
9800_left,1
9800_right,1
9809_left,1
9809_right,1
9819_left,1
9819_right,1
9830_left,1
9830_right,1
9831_left,1
9831_right,1
9840_left,1
9840_right,1
9845_left,1
9845_right,1
9846_right,1
9855_left,1
9855_right,1
9871_right,1
9876_left,1
9876_right,1
9893_left,1
9893_right,1
9897_right,1
9899_left,1
9899_right,1
9907_left,1
9907_right,1
9914_left,1
9914_right,1
9919_left,1
9919_right,1
9930_left,1
9930_right,1
9934_right,1
9939_left,1
9939_right,1
9942_right,1
9945_left,1
9945_right,1
9947_left,1
9948_right,1
9952_left,1
9952_right,1
9961_left,1
9961_right,1
9964_left,1
9964_right,1
9980_left,1
10043_left,1
10043_right,1
10109_left,1
10109_right,1
10112_left,1
10120_left,1
10120_right,1
10131_left,1
10131_right,1
10135_left,1
10135_right,1
10147_left,1
10147_right,1
10150_left,1
10156_left,1
10156_right,1
10159_left,1
10160_left,1
10160_right,1
10181_left,1
10181_right,1
10183_left,1
10193_left,1
10230_left,1
10230_right,1
10242_left,1
10244_left,1
10244_right,1
10250_left,1
10250_right,1
10262_left,1
10262_right,1
10272_left,1
10272_right,1
10297_left,1
10303_right,1
10306_left,1
10306_right,1
10312_right,1
10319_left,1
10319_right,1
10320_left,1
10325_left,1
10325_right,1
10326_left,1
10334_right,1
10339_left,1
10339_right,1
10374_left,1
10379_left,1
10379_right,1
10386_left,1
10397_right,1
10401_right,1
10408_left,1
10408_right,1
10415_left,1
10415_right,1
10438_left,1
10438_right,1
10439_left,1
10439_right,1
10444_left,1
10444_right,1
10454_left,1
10454_right,1
10457_left,1
10457_right,1
10468_left,1
10489_left,1
10501_right,1
10503_left,1
10510_right,1
10513_left,1
10513_right,1
10567_left,1
10569_right,1
10592_left,1
10592_right,1
10616_left,1
10616_right,1
10645_left,1
10645_right,1
10647_left,1
10647_right,1
10651_left,1
10651_right,1
10658_right,1
10666_left,1
10671_right,1
10680_left,1
10680_right,1
10684_left,1
10684_right,1
10688_left,1
10688_right,1
10694_left,1
10694_right,1
10726_left,1
10726_right,1
10734_left,1
10734_right,1
10737_left,1
10811_left,1
10811_right,1
10831_left,1
10844_left,1
10844_right,1
10854_left,1
10854_right,1
10883_left,1
10883_right,1
10920_left,1
10920_right,1
10924_left,1
10924_right,1
10925_left,1
10945_right,1
10966_left,1
10966_right,1
10976_left,1
11010_left,1
11026_left,1
11026_right,1
11040_left,1
11040_right,1
11054_left,1
11054_right,1
11058_left,1
11058_right,1
11069_left,1
11085_left,1
11085_right,1
11089_left,1
11089_right,1
11098_left,1
11098_right,1
11120_left,1
11120_right,1
11125_left,1
11147_left,1
11156_left,1
11156_right,1
11159_left,1
11164_right,1
11165_left,1
11165_right,1
11176_left,1
11176_right,1
11183_left,1
11187_left,1
11196_left,1
11206_left,1
11209_left,1
11209_right,1
11217_left,1
11217_right,1
11229_right,1
11230_left,1
11230_right,1
11231_right,1
11238_left,1
11238_right,1
11241_right,1
11243_left,1
11243_right,1
11249_left,1
11249_right,1
11270_left,1
11270_right,1
11288_left,1
11288_right,1
11291_left,1
11291_right,1
11292_left,1
11315_right,1
11316_left,1
11316_right,1
11345_left,1
11345_right,1
11364_right,1
11384_left,1
11384_right,1
11387_left,1
11387_right,1
11408_left,1
11409_left,1
11409_right,1
11417_left,1
11455_right,1
11462_left,1
11462_right,1
11496_left,1
11496_right,1
11503_left,1
11503_right,1
11539_left,1
11539_right,1
11623_left,1
11623_right,1
11624_right,1
11625_left,1
11625_right,1
11646_left,1
11646_right,1
11647_left,1
11647_right,1
11648_left,1
11648_right,1
11649_left,1
11649_right,1
11650_left,1
11650_right,1
11651_left,1
11651_right,1
11661_left,1
11661_right,1
11697_left,1
11698_left,1
11698_right,1
11703_left,1
11703_right,1
11724_right,1
11734_right,1
11740_right,1
11759_left,1
11759_right,1
11770_left,1
11770_right,1
11772_left,1
11772_right,1
11776_left,1
11776_right,1
11790_left,1
11790_right,1
11815_left,1
11823_left,1
11823_right,1
11826_right,1
11847_left,1
11847_right,1
11863_left,1
11863_right,1
11910_left,1
11910_right,1
11923_left,1
11923_right,1
11962_left,1
11962_right,1
11965_left,1
11965_right,1
11975_left,1
11983_right,1
11988_left,1
11988_right,1
12000_right,1
12003_left,1
12003_right,1
12005_left,1
12005_right,1
12036_left,1
12036_right,1
12042_left,1
12082_left,1
12082_right,1
12089_left,1
12089_right,1
12092_left,1
12092_right,1
12101_left,1
12101_right,1
12111_right,1
12129_right,1
12211_right,1
12257_left,1
12257_right,1
12268_left,1
12271_left,1
12271_right,1
12286_left,1
12286_right,1
12290_left,1
12290_right,1
12299_left,1
12301_left,1
12301_right,1
12306_right,1
12316_left,1
12325_left,1
12325_right,1
12329_left,1
12329_right,1
12370_right,1
12372_right,1
12386_left,1
12400_right,1
12410_left,1
12410_right,1
12434_left,1
12434_right,1
12441_left,1
12441_right,1
12445_left,1
12445_right,1
12451_left,1
12451_right,1
12478_right,1
12480_left,1
12480_right,1
12481_left,1
12481_right,1
12490_left,1
12492_left,1
12492_right,1
12503_left,1
12514_left,1
12525_left,1
12525_right,1
12536_left,1
12536_right,1
12539_right,1
12563_right,1
12567_left,1
12567_right,1
12575_right,1
12587_left,1
12587_right,1
12589_left,1
12590_left,1
12590_right,1
12614_left,1
12628_left,1
12628_right,1
12630_left,1
12630_right,1
12650_left,1
12650_right,1
12654_right,1
12666_left,1
12666_right,1
12672_left,1
12672_right,1
12699_left,1
12699_right,1
12709_right,1
12734_left,1
12734_right,1
12739_left,1
12739_right,1
12743_left,1
12743_right,1
12756_left,1
12756_right,1
12764_right,1
12775_left,1
12775_right,1
12789_left,1
12789_right,1
12795_right,1
12798_left,1
12804_right,1
12805_left,1
12805_right,1
12810_right,1
12831_right,1
12835_left,1
12835_right,1
12839_left,1
12839_right,1
12857_left,1
12857_right,1
12859_left,1
12859_right,1
12872_left,1
12895_left,1
12903_left,1
12912_right,1
12929_left,1
12929_right,1
12931_left,1
12931_right,1
12944_left,1
12944_right,1
12948_right,1
12951_left,1
12951_right,1
12988_left,1
12988_right,1
12990_left,1
12992_left,1
12992_right,1
13002_left,1
13002_right,1
13005_left,1
13005_right,1
13012_left,1
13012_right,1
13015_left,1
13015_right,1
13029_left,1
13038_left,1
13051_left,1
13066_left,1
13099_left,1
13099_right,1
13112_left,1
13112_right,1
13125_left,1
13125_right,1
13126_right,1
13161_left,1
13161_right,1
13169_right,1
13175_left,1
13175_right,1
13180_left,1
13180_right,1
13201_left,1
13201_right,1
13239_left,1
13239_right,1
13252_left,1
13252_right,1
13254_left,1
13254_right,1
13267_right,1
13270_right,1
13308_left,1
13323_right,1
13326_left,1
13345_left,1
13353_left,1
13353_right,1
13417_left,1
13417_right,1
13420_left,1
13446_left,1
13446_right,1
13486_left,1
13486_right,1
13489_right,1
13493_left,1
13494_left,1
13495_left,1
13527_left,1
13534_left,1
13534_right,1
13566_left,1
13566_right,1
13567_left,1
13568_left,1
13568_right,1
13584_left,1
13584_right,1
13585_left,1
13585_right,1
13588_left,1
13591_left,1
13597_left,1
13597_right,1
13605_left,1
13605_right,1
13607_left,1
13607_right,1
13627_left,1
13627_right,1
13638_left,1
13638_right,1
13643_left,1
13644_left,1
13644_right,1
13651_left,1
13660_left,1
13667_left,1
13667_right,1
13668_left,1
13668_right,1
13684_left,1
13704_left,1
13704_right,1
13705_right,1
13753_left,1
13768_left,1
13768_right,1
13773_left,1
13773_right,1
13780_left,1
13780_right,1
13786_left,1
13786_right,1
13808_right,1
13820_left,1
13820_right,1
13821_left,1
13848_left,1
13848_right,1
13856_left,1
13892_right,1
13923_left,1
13923_right,1
13931_left,1
13931_right,1
13933_right,1
13966_right,1
13971_right,1
13975_left,1
13975_right,1
14020_right,1
14021_left,1
14025_left,1
14045_left,1
14045_right,1
14048_left,1
14048_right,1
14053_left,1
14053_right,1
14078_left,1
14078_right,1
14094_left,1
14097_left,1
14119_left,1
14128_left,1
14139_left,1
14152_right,1
14159_left,1
14159_right,1
14160_left,1
14160_right,1
14202_left,1
14202_right,1
14205_left,1
14205_right,1
14228_left,1
14249_left,1
14249_right,1
14269_left,1
14269_right,1
14282_left,1
14282_right,1
14306_left,1
14323_left,1
14323_right,1
14325_left,1
14336_right,1
14339_left,1
14339_right,1
14397_right,1
14404_left,1
14410_left,1
14410_right,1
14413_left,1
14413_right,1
14425_left,1
14425_right,1
14436_left,1
14456_left,1
14463_left,1
14463_right,1
14466_left,1
14467_left,1
14474_left,1
14474_right,1
14486_left,1
14486_right,1
14490_left,1
14490_right,1
14495_left,1
14501_left,1
14510_left,1
14510_right,1
14530_left,1
14530_right,1
14548_left,1
14548_right,1
14626_left,1
14626_right,1
14684_left,1
14684_right,1
14688_left,1
14688_right,1
14703_left,1
14703_right,1
14710_right,1
14723_left,1
14723_right,1
14731_left,1
14731_right,1
14748_left,1
14748_right,1
14754_left,1
14754_right,1
14770_right,1
14807_left,1
14807_right,1
14811_left,1
14811_right,1
14834_left,1
14834_right,1
14846_right,1
14850_left,1
14855_left,1
14855_right,1
14876_left,1
14876_right,1
14880_left,1
14880_right,1
14892_left,1
14892_right,1
14908_left,1
14908_right,1
14915_left,1
14915_right,1
14927_left,1
14927_right,1
14987_left,1
14992_left,1
14992_right,1
15000_right,1
15023_right,1
15034_left,1
15034_right,1
15056_right,1
15066_right,1
15074_left,1
15074_right,1
15080_left,1
15083_left,1
15095_left,1
15114_right,1
15117_left,1
15117_right,1
15120_left,1
15120_right,1
15138_left,1
15138_right,1
15154_left,1
15154_right,1
15185_left,1
15185_right,1
15193_left,1
15193_right,1
15222_left,1
15222_right,1
15225_right,1
15257_right,1
15273_left,1
15273_right,1
15274_right,1
15276_left,1
15276_right,1
15278_left,1
15278_right,1
15297_left,1
15297_right,1
15302_left,1
15302_right,1
15309_left,1
15309_right,1
15351_right,1
15354_left,1
15354_right,1
15375_right,1
15385_left,1
15385_right,1
15396_left,1
15402_left,1
15402_right,1
15438_right,1
15442_left,1
15442_right,1
15468_left,1
15476_left,1
15481_left,1
15487_right,1
15493_left,1
15493_right,1
15509_left,1
15509_right,1
15515_left,1
15515_right,1
15523_left,1
15523_right,1
15529_left,1
15531_left,1
15531_right,1
15544_left,1
15544_right,1
15557_left,1
15582_left,1
15582_right,1
15594_left,1
15594_right,1
15602_right,1
15615_left,1
15615_right,1
15631_left,1
15636_left,1
15636_right,1
15639_left,1
15639_right,1
15640_left,1
15640_right,1
15656_left,1
15656_right,1
15667_left,1
15688_left,1
15688_right,1
15696_left,1
15696_right,1
15711_left,1
15711_right,1
15712_left,1
15712_right,1
15756_left,1
15756_right,1
15763_right,1
15793_left,1
15799_left,1
15799_right,1
15855_left,1
15885_left,1
15897_left,1
15898_left,1
15898_right,1
15914_left,1
15914_right,1
15918_left,1
15918_right,1
15923_left,1
15938_left,1
15938_right,1
15941_right,1
15970_left,1
15970_right,1
15981_left,1
15981_right,1
15988_left,1
15988_right,1
16007_left,1
16009_left,1
16009_right,1
16022_left,1
16022_right,1
16030_left,1
16030_right,1
16031_left,1
16031_right,1
16035_left,1
16036_left,1
16038_left,1
16038_right,1
16043_left,1
16043_right,1
16046_left,1
16061_left,1
16095_left,1
16134_left,1
16138_left,1
16138_right,1
16150_left,1
16150_right,1
16154_left,1
16171_right,1
16201_right,1
16224_left,1
16238_left,1
16290_right,1
16294_left,1
16294_right,1
16327_left,1
16327_right,1
16350_left,1
16351_left,1
16360_left,1
16360_right,1
16365_left,1
16365_right,1
16375_right,1
16386_right,1
16391_left,1
16391_right,1
16408_left,1
16408_right,1
16429_left,1
16429_right,1
16445_left,1
16445_right,1
16450_left,1
16450_right,1
16452_left,1
16452_right,1
16510_left,1
16510_right,1
16561_left,1
16561_right,1
16569_right,1
16581_left,1
16582_left,1
16582_right,1
16585_left,1
16585_right,1
16597_left,1
16597_right,1
16600_right,1
16602_left,1
16602_right,1
16607_left,1
16609_left,1
16609_right,1
16627_left,1
16627_right,1
16629_left,1
16629_right,1
16697_right,1
16718_left,1
16732_left,1
16741_right,1
16746_left,1
16746_right,1
16748_left,1
16748_right,1
16757_left,1
16757_right,1
16759_right,1
16774_left,1
16777_left,1
16777_right,1
16815_left,1
16832_left,1
16832_right,1
16835_left,1
16871_left,1
16871_right,1
16881_left,1
16881_right,1
16882_left,1
16882_right,1
16886_left,1
16886_right,1
16907_left,1
16907_right,1
16937_left,1
16937_right,1
16947_left,1
16947_right,1
16963_left,1
16971_left,1
16971_right,1
16991_left,1
16991_right,1
17004_left,1
17004_right,1
17005_left,1
17005_right,1
17030_left,1
17036_left,1
17036_right,1
17040_left,1
17040_right,1
17042_right,1
17044_left,1
17044_right,1
17049_left,1
17049_right,1
17052_left,1
17052_right,1
17068_left,1
17075_left,1
17075_right,1
17086_left,1
17086_right,1
17101_left,1
17101_right,1
17121_left,1
17139_left,1
17139_right,1
17142_left,1
17170_left,1
17170_right,1
17176_left,1
17176_right,1
17222_left,1
17222_right,1
17234_left,1
17244_left,1
17244_right,1
17252_left,1
17252_right,1
17257_left,1
17257_right,1
17309_left,1
17309_right,1
17314_left,1
17331_left,1
17332_left,1
17332_right,1
17359_left,1
17366_left,1
17366_right,1
17373_left,1
17373_right,1
17382_left,1
17384_right,1
17387_left,1
17401_left,1
17407_left,1
17407_right,1
17411_left,1
17415_left,1
17415_right,1
17473_left,1
17473_right,1
17483_right,1
17491_left,1
17510_left,1
17510_right,1
17511_right,1
17522_left,1
17522_right,1
17526_left,1
17526_right,1
17548_left,1
17548_right,1
17550_left,1
17586_left,1
17604_left,1
17604_right,1
17608_left,1
17608_right,1
17611_left,1
17611_right,1
17634_left,1
17634_right,1
17644_right,1
17645_right,1
17658_left,1
17658_right,1
17660_left,1
17660_right,1
17669_left,1
17679_left,1
17679_right,1
17686_left,1
17689_left,1
17689_right,1
17694_left,1
17694_right,1
17699_left,1
17757_right,1
17788_left,1
17788_right,1
17817_left,1
17817_right,1
17827_right,1
17831_left,1
17831_right,1
17879_left,1
17891_left,1
17891_right,1
17925_right,1
17999_left,1
17999_right,1
18016_left,1
18017_right,1
18020_left,1
18059_left,1
18095_left,1
18095_right,1
18100_right,1
18105_left,1
18105_right,1
18130_left,1
18130_right,1
18133_left,1
18133_right,1
18138_left,1
18138_right,1
18143_left,1
18155_left,1
18163_left,1
18163_right,1
18184_left,1
18185_right,1
18201_left,1
18201_right,1
18203_left,1
18203_right,1
18227_left,1
18227_right,1
18233_left,1
18255_left,1
18255_right,1
18296_left,1
18298_left,1
18298_right,1
18307_left,1
18307_right,1
18325_left,1
18351_left,1
18351_right,1
18358_left,1
18362_right,1
18368_left,1
18370_right,1
18372_left,1
18382_left,1
18382_right,1
18402_left,1
18402_right,1
18416_left,1
18418_left,1
18420_right,1
18429_left,1
18429_right,1
18445_left,1
18445_right,1
18446_left,1
18452_left,1
18452_right,1
18465_left,1
18465_right,1
18474_left,1
18474_right,1
18486_left,1
18486_right,1
18487_right,1
18495_left,1
18502_left,1
18502_right,1
18515_left,1
18515_right,1
18534_left,1
18570_left,1
18603_left,1
18603_right,1
18608_left,1
18608_right,1
18622_left,1
18622_right,1
18633_left,1
18633_right,1
18647_left,1
18653_left,1
18678_left,1
18678_right,1
18685_left,1
18685_right,1
18688_left,1
18688_right,1
18759_right,1
18798_right,1
18803_left,1
18825_left,1
18825_right,1
18829_left,1
18829_right,1
18837_left,1
18837_right,1
18862_left,1
18864_left,1
18864_right,1
18876_left,1
18876_right,1
18909_left,1
18909_right,1
18960_left,1
18960_right,1
18968_right,1
18970_right,1
18976_left,1
18976_right,1
18999_left,1
18999_right,1
19004_left,1
19017_right,1
19022_left,1
19043_left,1
19047_left,1
19047_right,1
19056_left,1
19056_right,1
19060_left,1
19064_right,1
19099_left,1
19099_right,1
19116_left,1
19120_left,1
19120_right,1
19154_left,1
19158_right,1
19166_left,1
19166_right,1
19167_left,1
19167_right,1
19178_left,1
19193_right,1
19197_right,1
19202_left,1
19202_right,1
19217_left,1
19217_right,1
19237_left,1
19237_right,1
19254_left,1
19261_left,1
19261_right,1
19266_left,1
19266_right,1
19272_left,1
19272_right,1
19285_left,1
19293_left,1
19302_left,1
19302_right,1
19306_left,1
19306_right,1
19309_right,1
19329_left,1
19339_left,1
19339_right,1
19342_right,1
19343_left,1
19343_right,1
19350_left,1
19350_right,1
19357_left,1
19357_right,1
19367_left,1
19377_left,1
19377_right,1
19406_left,1
19406_right,1
19421_left,1
19421_right,1
19431_left,1
19441_left,1
19441_right,1
19444_left,1
19444_right,1
19454_right,1
19467_left,1
19467_right,1
19472_right,1
19478_left,1
19478_right,1
19485_left,1
19489_left,1
19489_right,1
19490_left,1
19490_right,1
19516_left,1
19516_right,1
19521_left,1
19521_right,1
19555_right,1
19600_right,1
19612_left,1
19612_right,1
19614_left,1
19614_right,1
19628_right,1
19635_left,1
19635_right,1
19637_left,1
19637_right,1
19681_left,1
19681_right,1
19721_left,1
19762_left,1
19762_right,1
19770_left,1
19811_left,1
19811_right,1
19815_right,1
19840_left,1
19840_right,1
19870_left,1
19870_right,1
19896_left,1
19896_right,1
19897_left,1
19897_right,1
19915_left,1
19915_right,1
19949_left,1
19949_right,1
19953_left,1
19966_left,1
9590_right,0
9697_left,0
9846_left,0
9934_left,0
9951_left,0
9951_right,0
9977_left,0
9977_right,0
10047_left,0
10125_left,0
10125_right,0
10153_left,0
10153_right,0
10159_right,0
10489_right,0
10510_left,0
10579_left,0
10579_right,0
10606_left,0
10606_right,0
10819_left,0
10819_right,0
11031_left,0
11031_right,0
11035_left,0
11035_right,0
11069_right,0
11125_right,0
11142_left,0
11142_right,0
11147_right,0
11196_right,0
11206_right,0
11211_left,0
11211_right,0
11219_left,0
11219_right,0
11267_left,0
11267_right,0
11292_right,0
11529_left,0
11529_right,0
11546_left,0
11546_right,0
11590_left,0
11590_right,0
11697_right,0
11734_left,0
11858_left,0
11858_right,0
11871_left,0
11889_left,0
11889_right,0
12000_left,0
12014_left,0
12149_left,0
12149_right,0
12208_left,0
12208_right,0
12279_left,0
12279_right,0
12306_left,0
12490_right,0
12612_left,0
12612_right,0
12652_right,0
12667_left,0
12667_right,0
12881_left,0
12881_right,0
12995_right,0
13022_left,0
13190_left,0
13190_right,0
13222_right,0
13270_left,0
13395_left,0
13489_left,0
13591_right,0
13684_right,0
13716_left,0
13716_right,0
13889_left,0
13889_right,0
13934_left,0
13934_right,0
14020_left,0
14029_left,0
14029_right,0
14109_left,0
14109_right,0
14129_left,0
14129_right,0
14224_left,0
14224_right,0
14297_left,0
14297_right,0
14340_right,0
14466_right,0
14481_left,0
14481_right,0
14482_left,0
14482_right,0
15056_left,0
15257_left,0
15319_left,0
15319_right,0
15376_right,0
15388_right,0
15450_left,0
15450_right,0
15631_right,0
15690_left,0
15795_left,0
15795_right,0
15798_left,0
15798_right,0
15868_left,0
15868_right,0
15870_left,0
15923_right,0
15930_left,0
15930_right,0
15954_left,0
15954_right,0
16011_left,0
16011_right,0
16025_left,0
16025_right,0
16134_right,0
16201_left,0
16374_left,0
16374_right,0
16412_left,0
16412_right,0
16600_left,0
16624_left,0
16624_right,0
16633_left,0
16633_right,0
16651_left,0
16651_right,0
16692_left,0
16692_right,0
16718_right,0
16727_left,0
16727_right,0
16740_left,0
16740_right,0
16759_left,0
16936_left,0
16936_right,0
16969_left,0
16969_right,0
17114_left,0
17481_left,0
17481_right,0
17586_right,0
17631_left,0
17631_right,0
17749_right,0
17843_left,0
17843_right,0
17899_left,0
17953_left,0
17953_right,0
17972_left,0
17972_right,0
17992_left,0
17992_right,0
18025_left,0
18025_right,0
18046_left,0
18046_right,0
18126_left,0
18126_right,0
18235_left,0
18235_right,0
18350_left,0
18350_right,0
18363_left,0
18363_right,0
18416_right,0
18450_left,0
18450_right,0
18487_left,0
18573_left,0
18573_right,0
18656_left,0
18656_right,0
18819_right,0
18862_right,0
18901_left,0
18901_right,0
18968_left,0
18970_left,0
18971_left,0
18971_right,0
19018_left,0
19018_right,0
19097_left,0
19097_right,0
19367_right,0
19380_left,0
19380_right,0
19414_left,0
19414_right,0
19522_left,0
19522_right,0
19586_right,0
19920_left,0
19920_right,0
19961_right,0
20111_right,0
20167_left,0
20167_right,0
20351_left,0
20351_right,0
20402_left,0
20402_right,0
20458_left,0
20574_right,0
20613_left,0
20613_right,0
20760_left,0
20760_right,0
20858_left,0
20905_left,0
20939_left,0
21033_left,0
21177_left,0
21177_right,0
21233_left,0
21233_right,0
21251_left,0
21251_right,0
21389_left,0
21444_right,0
21447_left,0
21558_right,0
21580_left,0
21580_right,0
21746_left,0
21746_right,0
21760_left,0
21760_right,0
21796_left,0
21796_right,0
21825_left,0
21825_right,0
21835_left,0
21846_left,0
21846_right,0
21874_right,0
22160_left,0
22492_left,0
22502_left,0
22502_right,0
22679_right,0
22769_left,0
22778_left,0
22778_right,0
22801_left,0
22930_left,0
22930_right,0
22959_left,0
22959_right,0
22978_left,0
22978_right,0
23095_left,0
23095_right,0
23244_left,0
23244_right,0
23245_left,0
23245_right,0
23249_left,0
23249_right,0
23318_left,0
23318_right,0
23369_left,0
23369_right,0
23426_left,0
23426_right,0
23447_left,0
23447_right,0
23453_left,0
23453_right,0
23485_left,0
23566_left,0
23566_right,0
23604_right,0
23627_left,0
23648_left,0
23695_right,0
23787_left,0
23787_right,0
23803_left,0
23803_right,0
23884_left,0
23884_right,0
23957_left,0
23957_right,0
24075_right,0
24140_left,0
24140_right,0
24222_left,0
24232_left,0
24232_right,0
24317_left,0
24317_right,0
24346_left,0
24346_right,0
24656_left,0
24772_right,0
25119_left,0
25119_right,0
25120_left,0
25120_right,0
25303_right,0
25318_left,0
25318_right,0
25385_left,0
25533_left,0
25533_right,0
25593_left,0
25593_right,0
25620_right,0
25650_left,0
25650_right,0
25723_left,0
25723_right,0
25733_left,0
25733_right,0
25823_left,0
25872_left,0
25872_right,0
26198_left,0
26200_left,0
26254_left,0
26254_right,0
26299_left,0
26299_right,0
26553_left,0
26553_right,0
26888_left,0
26888_right,0
26967_right,0
26997_right,0
27094_right,0
27153_right,0
27224_left,0
27224_right,0
27389_right,0
27489_left,0
27489_right,0
27506_right,0
27653_left,0
27653_right,0
27732_left,0
27732_right,0
27768_left,0
27768_right,0
27773_left,0
27773_right,0
27803_left,0
27803_right,0
27867_left,0
27867_right,0
27922_left,0
27939_right,0
28047_left,0
28052_left,0
28052_right,0
28053_left,0
28053_right,0
28093_left,0
28093_right,0
28122_right,0
28129_left,0
28129_right,0
28369_right,0
28405_left,0
28405_right,0
28668_right,0
28675_right,0
28840_left,0
28901_left,0
28901_right,0
28919_left,0
28919_right,0
28975_right,0
29004_left,0
29004_right,0
29018_left,0
29018_right,0
29097_left,0
29097_right,0
29320_left,0
29346_right,0
29365_right,0
29418_left,0
29418_right,0
29484_left,0
29484_right,0
29490_right,0
29604_left,0
29604_right,0
29976_left,0
29976_right,0
30015_left,0
30226_left,0
30226_right,0
30301_left,0
30301_right,0
30307_right,0
30349_left,0
30349_right,0
30396_right,0
30495_left,0
30495_right,0
30594_left,0
30594_right,0
30666_left,0
30666_right,0
30728_left,0
30747_left,0
30892_right,0
30922_left,0
30922_right,0
30925_left,0
30925_right,0
30930_left,0
30930_right,0
31202_left,0
31202_right,0
31426_left,0
31426_right,0
31461_left,0
31497_left,0
31647_left,0
31647_right,0
31712_right,0
31735_left,0
31735_right,0
31746_right,0
31758_left,0
31758_right,0
31784_right,0
31837_right,0
31962_left,0
31962_right,0
31967_right,0
31984_right,0
31994_left,0
31994_right,0
32000_left,0
32062_right,0
32064_left,0
32064_right,0
32221_left,0
32221_right,0
32242_left,0
32247_left,0
32247_right,0
32311_left,0
32339_left,0
32339_right,0
32388_left,0
32507_left,0
32507_right,0
32603_left,0
32603_right,0
32604_left,0
32604_right,0
32711_left,0
32726_left,0
32726_right,0
32783_right,0
32821_left,0
32821_right,0
33003_right,0
33252_right,0
33270_right,0
33287_right,0
33374_left,0
33432_left,0
33432_right,0
33460_left,0
33460_right,0
33551_left,0
33679_left,0
33679_right,0
33685_left,0
33685_right,0
33750_right,0
33753_right,0
33840_left,0
33840_right,0
34006_left,0
34006_right,0
34175_left,0
34442_right,0
34445_left,0
34445_right,0
34524_left,0
34524_right,0
34547_left,0
34547_right,0
34571_left,0
34571_right,0
34666_left,0
34666_right,0
34673_right,0
34690_right,0
34831_left,0
34831_right,0
34863_right,0
34918_left,0
34918_right,0
35052_left,0
35052_right,0
35124_left,0
35124_right,0
35128_right,0
35285_left,0
35285_right,0
35368_right,0
35378_left,0
35378_right,0
35422_left,0
35422_right,0
35499_left,0
35499_right,0
35609_right,0
35699_left,0
35699_right,0
35710_left,0
35710_right,0
35789_left,0
35789_right,0
35842_left,0
35850_left,0
35850_right,0
35867_right,0
35873_left,0
35873_right,0
35966_left,0
35966_right,0
36002_right,0
36130_left,0
36130_right,0
36166_left,0
36184_left,0
36190_left,0
36190_right,0
36213_right,0
36336_left,0
36336_right,0
36423_left,0
36423_right,0
36502_left,0
36502_right,0
36691_left,0
36691_right,0
36692_left,0
36692_right,0
36722_left,0
36729_left,0
36729_right,0
36740_left,0
36740_right,0
36767_right,0
36812_right,0
36832_left,0
36978_right,0
36989_left,0
36989_right,0
37004_left,0
37004_right,0
37032_left,0
37032_right,0
37034_right,0
37232_right,0
37339_left,0
37339_right,0
37354_right,0
37422_right,0
37426_left,0
37426_right,0
37601_right,0
37624_left,0
37624_right,0
37667_left,0
37875_left,0
37875_right,0
37958_right,0
38016_left,0
38016_right,0
38039_left,0
38039_right,0
38198_left,0
38198_right,0
38247_right,0
38345_right,0
38463_left,0
38573_right,0
38595_left,0
38662_right,0
38694_left,0
38694_right,0
38825_left,0
38825_right,0
38907_right,0
39106_left,0
39145_left,0
39272_left,0
39272_right,0
39322_right,0
39455_right,0
39521_left,0
39521_right,0
39575_left,0
39632_left,0
39756_left,0
39772_left,0
40048_left,0
40052_left,0
40052_right,0
40069_left,0
40069_right,0
40078_right,0
40223_left,0
40223_right,0
40259_left,0
40296_left,0
40296_right,0
40341_right,0
40366_left,0
40366_right,0
40405_left,0
40441_left,0
40441_right,0
40731_left,0
40731_right,0
40922_left,0
40922_right,0
40994_left,0
41031_left,0
41031_right,0
41336_left,0
41336_right,0
41342_right,0
41451_left,0
41451_right,0
41506_right,0
41566_left,0
41566_right,0
41714_left,0
41714_right,0
41903_left,0
41903_right,0
41926_left,0
41926_right,0
41953_left,0
41953_right,0
42172_left,0
42199_left,0
42260_left,0
42260_right,0
42265_right,0
42316_right,0
42408_left,0
42408_right,0
42428_left,0
42753_right,0
42772_left,0
42772_right,0
42891_left,0
43008_right,0
43105_left,0
43105_right,0
43157_left,0
43157_right,0
43223_left,0
43223_right,0
43416_left,0
43416_right,0
43633_left,0
43633_right,0
43831_left,0
43831_right,0
43836_left,0
43836_right,0
44100_right,0
44165_right,0
44199_left,0
44200_left,0
44200_right,0
9518_right,0
9598_left,0
9598_right,0
9608_left,0
9608_right,0
9680_left,0
9682_left,0
9682_right,0
9783_right,0
9863_left,0
9863_right,0
9942_left,0
10017_left,0
10017_right,0
10047_right,0
10193_right,0
10312_left,0
10321_left,0
10570_left,0
10570_right,0
10653_left,0
10653_right,0
10785_left,0
10785_right,0
10904_left,0
10904_right,0
10954_left,0
10954_right,0
11032_left,0
11032_right,0
11417_right,0
11492_left,0
11492_right,0
11730_right,0
11807_left,0
11854_left,0
11854_right,0
11874_left,0
11874_right,0
11896_left,0
11896_right,0
12014_right,0
12108_left,0
12108_right,0
12419_left,0
12419_right,0
12652_left,0
12861_left,0
12861_right,0
12995_left,0
13022_right,0
13038_right,0
13066_right,0
13222_left,0
13308_right,0
13387_left,0
13387_right,0
13395_right,0
13588_right,0
13651_right,0
13664_left,0
13664_right,0
13669_left,0
13669_right,0
13705_left,0
13811_left,0
13811_right,0
13819_left,0
13819_right,0
13938_left,0
13966_left,0
13999_left,0
13999_right,0
14021_right,0
14025_right,0
14084_left,0
14084_right,0
14340_left,0
14436_right,0
14495_right,0
14765_right,0
14844_left,0
14844_right,0
14849_left,0
14849_right,0
14976_left,0
14976_right,0
15038_left,0
15038_right,0
15114_left,0
15149_left,0
15149_right,0
15343_left,0
15343_right,0
15376_left,0
15388_left,0
15414_left,0
15414_right,0
15459_left,0
15459_right,0
15590_left,0
15590_right,0
15870_right,0
15941_left,0
15975_left,0
15975_right,0
16007_right,0
16046_right,0
16114_left,0
16114_right,0
16309_left,0
16309_right,0
16392_left,0
16392_right,0
16413_left,0
16413_right,0
16565_left,0
16565_right,0
16581_right,0
16802_left,0
16802_right,0
16920_left,0
17114_right,0
17135_left,0
17135_right,0
17221_left,0
17221_right,0
17411_right,0
17426_left,0
17426_right,0
17453_left,0
17453_right,0
17489_left,0
17489_right,0
17669_right,0
17749_left,0
17899_right,0
17925_left,0
17940_left,0
17940_right,0
18017_left,0
18030_left,0
18030_right,0
18059_right,0
18143_right,0
18370_left,0
18567_left,0
18567_right,0
18798_left,0
18803_right,0
18819_left,0
18902_left,0
18902_right,0
19005_right,0
19061_left,0
19061_right,0
19110_left,0
19110_right,0
19116_right,0
19285_right,0
19347_left,0
19347_right,0
19471_left,0
19471_right,0
19485_right,0
19586_left,0
19588_left,0
19588_right,0
19600_left,0
19604_left,0
19604_right,0
19663_left,0
19663_right,0
19748_left,0
19748_right,0
19771_left,0
19771_right,0
19961_left,0
20026_left,0
20026_right,0
20111_left,0
20144_left,0
20144_right,0
20146_right,0
20432_right,0
20458_right,0
20574_left,0
20752_left,0
20752_right,0
20855_left,0
20855_right,0
21033_right,0
21096_left,0
21096_right,0
21190_left,0
21190_right,0
21205_left,0
21205_right,0
21373_left,0
21373_right,0
21444_left,0
21511_left,0
21511_right,0
21788_left,0
21788_right,0
22160_right,0
22271_left,0
22271_right,0
22379_left,0
22379_right,0
22520_left,0
22520_right,0
22568_left,0
22568_right,0
22665_left,0
22665_right,0
22669_left,0
22669_right,0
22716_left,0
22716_right,0
22801_right,0
22894_left,0
22894_right,0
22901_left,0
22901_right,0
22906_left,0
22906_right,0
23326_left,0
23326_right,0
23403_left,0
23422_left,0
23422_right,0
23433_left,0
23433_right,0
23604_left,0
23648_right,0
23692_left,0
23692_right,0
23736_left,0
23831_left,0
23831_right,0
23906_right,0
24010_left,0
24010_right,0
24019_left,0
24019_right,0
24163_left,0
24222_right,0
24472_left,0
24472_right,0
24772_left,0
24773_left,0
24773_right,0
24853_left,0
24853_right,0
24910_left,0
24910_right,0
25080_left,0
25080_right,0
25181_left,0
25378_right,0
25407_left,0
25407_right,0
25697_right,0
25741_right,0
25916_left,0
25972_left,0
25972_right,0
25985_left,0
25985_right,0
26477_right,0
26737_right,0
26772_left,0
26772_right,0
26997_left,0
27081_left,0
27081_right,0
27094_left,0
27251_left,0
27251_right,0
27376_right,0
27395_left,0
27395_right,0
27597_left,0
27597_right,0
27674_left,0
27674_right,0
27727_left,0
28072_left,0
28077_left,0
28077_right,0
28257_right,0
28386_left,0
28386_right,0
28434_left,0
28434_right,0
28435_left,0
28435_right,0
28524_right,0
28549_left,0
28549_right,0
28675_left,0
28743_left,0
28929_left,0
28929_right,0
28948_left,0
28948_right,0
28976_right,0
29027_left,0
29027_right,0
29058_right,0
29599_left,0
29703_left,0
29703_right,0
29839_left,0
29839_right,0
29865_left,0
29865_right,0
29960_left,0
30039_left,0
30039_right,0
30046_left,0
30046_right,0
30255_left,0
30255_right,0
30297_left,0
30297_right,0
30303_right,0
30549_left,0
30549_right,0
30570_left,0
30675_left,0
30675_right,0
30722_left,0
30722_right,0
30723_left,0
30723_right,0
30725_right,0
30747_right,0
30869_left,0
30869_right,0
31006_left,0
31006_right,0
31043_left,0
31043_right,0
31442_right,0
31461_right,0
31590_left,0
31590_right,0
31602_left,0
31602_right,0
31659_left,0
31659_right,0
31729_left,0
31729_right,0
31746_left,0
31924_left,0
31984_left,0
32148_left,0
32148_right,0
32149_left,0
32149_right,0
32230_right,0
32630_left,0
32630_right,0
32846_left,0
32846_right,0
32851_right,0
32868_left,0
32868_right,0
33003_left,0
33080_left,0
33080_right,0
33236_left,0
33236_right,0
33270_left,0
33283_left,0
33283_right,0
33287_left,0
33358_right,0
33493_left,0
33493_right,0
33580_left,0
33621_left,0
33621_right,0
33725_left,0
33725_right,0
33753_left,0
33812_right,0
33884_left,0
33884_right,0
33906_left,0
33906_right,0
34152_left,0
34152_right,0
34400_left,0
34400_right,0
34453_left,0
34453_right,0
34708_left,0
34708_right,0
34844_left,0
34844_right,0
34901_left,0
34901_right,0
34995_left,0
34995_right,0
35112_left,0
35112_right,0
35130_left,0
35130_right,0
35199_right,0
35323_right,0
35412_left,0
35461_left,0
35461_right,0
35668_left,0
35668_right,0
35704_left,0
35704_right,0
35766_left,0
35766_right,0
35804_left,0
35804_right,0
35861_left,0
35861_right,0
35955_left,0
35955_right,0
36027_right,0
36074_left,0
36125_left,0
36166_right,0
36258_left,0
36258_right,0
36300_right,0
36453_left,0
36453_right,0
36531_left,0
36640_left,0
36640_right,0
36653_left,0
36653_right,0
36722_right,0
36832_right,0
37008_left,0
37008_right,0
37117_left,0
37117_right,0
37232_left,0
37332_left,0
37332_right,0
37438_left,0
37708_left,0
37708_right,0
37783_left,0
37783_right,0
37808_left,0
37808_right,0
37813_left,0
37813_right,0
37829_left,0
37834_left,0
37834_right,0
37849_left,0
37849_right,0
37951_left,0
37951_right,0
37958_left,0
37962_left,0
38064_left,0
38064_right,0
38186_left,0
38186_right,0
38325_left,0
38325_right,0
38345_left,0
38407_left,0
38407_right,0
38513_left,0
38513_right,0
38518_left,0
38518_right,0
38595_right,0
38653_left,0
38662_left,0
38811_left,0
38811_right,0
38856_left,0
38856_right,0
39081_right,0
39134_right,0
39164_left,0
39164_right,0
39188_left,0
39188_right,0
39353_right,0
39505_left,0
39505_right,0
39741_left,0
39741_right,0
39747_left,0
39747_right,0
39772_right,0
40078_left,0
40178_left,0
40178_right,0
40183_left,0
40183_right,0
40319_right,0
40323_left,0
40323_right,0
40405_right,0
40673_left,0
40673_right,0
40819_left,0
40819_right,0
40893_left,0
40893_right,0
40917_left,0
40940_left,0
41174_left,0
41174_right,0
41201_left,0
41201_right,0
41339_left,0
41339_right,0
41387_left,0
41387_right,0
41430_left,0
41430_right,0
41445_left,0
41445_right,0
41584_left,0
41584_right,0
41746_left,0
41746_right,0
41761_left,0
41761_right,0
41852_right,0
42022_right,0
42316_left,0
42358_left,0
42442_right,0
42484_left,0
42484_right,0
42815_left,0
42815_right,0
43008_left,0
43050_left,0
43050_right,0
43141_left,0
43141_right,0
43199_left,0
43199_right,0
43339_left,0
43339_right,0
43379_left,0
43379_right,0
43839_right,0
43997_left,0
43997_right,0
43998_left,0
44100_left,0
44247_left,0
44247_right,0
44249_left,0
44249_right,0
10_left,0
10_right,0
13_left,0
13_right,0
17_left,0
19_left,0
19_right,0
20_left,0
20_right,0
21_left,0
21_right,0
22_left,0
22_right,0
23_left,0
23_right,0
25_left,0
25_right,0
31_left,0
31_right,0
33_left,0
33_right,0
36_right,0
40_right,0
41_left,0
41_right,0
42_left,0
42_right,0
46_left,0
46_right,0
47_left,0
47_right,0
49_left,0
49_right,0
51_right,0
52_left,0
52_right,0
56_left,0
56_right,0
57_left,0
57_right,0
58_left,0
58_right,0
59_left,0
59_right,0
60_left,0
60_right,0
62_left,0
62_right,0
64_left,0
64_right,0
65_left,0
65_right,0
66_left,0
66_right,0
67_left,0
67_right,0
70_left,0
70_right,0
72_left,0
72_right,0
73_left,0
73_right,0
74_left,0
74_right,0
75_left,0
75_right,0
81_left,0
81_right,0
84_left,0
84_right,0
95_left,0
95_right,0
100_left,0
100_right,0
102_left,0
102_right,0
104_left,0
104_right,0
108_left,0
108_right,0
111_left,0
111_right,0
115_left,0
115_right,0
117_left,0
117_right,0
119_left,0
119_right,0
122_left,0
122_right,0
125_left,0
125_right,0
140_left,0
140_right,0
145_left,0
145_right,0
149_left,0
149_right,0
155_left,0
156_left,0
156_right,0
157_left,0
157_right,0
159_left,0
159_right,0
161_left,0
161_right,0
162_left,0
162_right,0
164_left,0
164_right,0
167_left,0
167_right,0
169_left,0
169_right,0
170_left,0
170_right,0
174_left,0
174_right,0
177_left,0
177_right,0
179_left,0
179_right,0
186_left,0
186_right,0
190_left,0
190_right,0
194_left,0
194_right,0
197_left,0
197_right,0
199_left,0
199_right,0
203_left,0
203_right,0
204_left,0
208_left,0
208_right,0
210_left,0
210_right,0
211_left,0
211_right,0
214_right,0
216_left,0
216_right,0
218_left,0
218_right,0
219_right,0
222_left,0
222_right,0
224_left,0
224_right,0
225_left,0
225_right,0
227_right,0
229_left,0
231_right,0
232_left,0
232_right,0
234_left,0
234_right,0
236_left,0
236_right,0
240_left,0
241_left,0
241_right,0
242_left,0
242_right,0
244_left,0
244_right,0
249_left,0
249_right,0
252_left,0
252_right,0
256_left,0
256_right,0
258_left,0
258_right,0
259_left,0
259_right,0
260_left,0
260_right,0
263_left,0
263_right,0
274_left,0
274_right,0
277_left,0
277_right,0
279_left,0
279_right,0
280_left,0
280_right,0
288_left,0
288_right,0
289_left,0
289_right,0
299_left,0
299_right,0
301_left,0
307_left,0
307_right,0
310_left,0
310_right,0
311_left,0
311_right,0
314_left,0
314_right,0
316_left,0
316_right,0
318_left,0
318_right,0
322_left,0
322_right,0
323_left,0
323_right,0
329_left,0
329_right,0
330_left,0
330_right,0
333_left,0
333_right,0
337_left,0
338_left,0
338_right,0
343_left,0
343_right,0
349_left,0
349_right,0
355_left,0
355_right,0
356_left,0
356_right,0
358_left,0
358_right,0
363_left,0
363_right,0
364_left,0
364_right,0
374_left,0
375_right,0
376_left,0
376_right,0
380_left,0
380_right,0
381_left,0
381_right,0
384_left,0
384_right,0
386_left,0
386_right,0
389_left,0
389_right,0
393_left,0
395_left,0
395_right,0
398_left,0
398_right,0
399_left,0
399_right,0
400_left,0
400_right,0
404_left,0
404_right,0
408_left,0
408_right,0
410_left,0
410_right,0
412_left,0
412_right,0
418_left,0
418_right,0
421_right,0
428_left,0
428_right,0
430_left,0
430_right,0
431_left,0
431_right,0
432_left,0
432_right,0
437_left,0
437_right,0
438_left,0
438_right,0
445_left,0
445_right,0
446_left,0
446_right,0
448_left,0
448_right,0
449_left,0
449_right,0
451_left,0
451_right,0
456_left,0
456_right,0
457_left,0
457_right,0
460_left,0
460_right,0
465_left,0
465_right,0
467_left,0
467_right,0
472_left,0
472_right,0
473_left,0
473_right,0
482_left,0
482_right,0
483_left,0
483_right,0
487_left,0
489_left,0
489_right,0
494_left,0
494_right,0
495_left,0
495_right,0
497_left,0
497_right,0
498_left,0
498_right,0
502_left,0
502_right,0
505_left,0
505_right,0
511_left,0
511_right,0
513_left,0
513_right,0
517_left,0
517_right,0
528_left,0
528_right,0
532_left,0
532_right,0
551_left,0
551_right,0
554_left,0
554_right,0
556_left,0
556_right,0
557_left,0
557_right,0
563_left,0
563_right,0
568_left,0
575_left,0
575_right,0
579_left,0
579_right,0
596_left,0
596_right,0
597_left,0
597_right,0
599_left,0
599_right,0
602_left,0
602_right,0
604_left,0
604_right,0
611_left,0
611_right,0
613_left,0
613_right,0
615_left,0
615_right,0
616_left,0
616_right,0
617_left,0
617_right,0
621_left,0
621_right,0
622_left,0
622_right,0
623_left,0
623_right,0
625_left,0
625_right,0
627_left,0
627_right,0
632_left,0
632_right,0
634_left,0
634_right,0
636_left,0
636_right,0
639_right,0
641_left,0
641_right,0
642_left,0
642_right,0
643_left,0
643_right,0
644_left,0
644_right,0
645_left,0
645_right,0
650_left,0
650_right,0
662_left,0
662_right,0
666_left,0
666_right,0
668_left,0
668_right,0
669_left,0
673_left,0
673_right,0
677_left,0
677_right,0
678_left,0
678_right,0
682_left,0
682_right,0
686_left,0
686_right,0
690_left,0
690_right,0
694_left,0
694_right,0
698_left,0
698_right,0
700_left,0
700_right,0
702_left,0
702_right,0
703_left,0
703_right,0
704_left,0
704_right,0
706_left,0
706_right,0
710_left,0
710_right,0
721_left,0
721_right,0
723_left,0
723_right,0
728_left,0
731_left,0
731_right,0
732_left,0
732_right,0
733_left,0
733_right,0
734_left,0
734_right,0
735_left,0
735_right,0
736_left,0
736_right,0
739_left,0
739_right,0
740_left,0
740_right,0
743_left,0
743_right,0
745_left,0
745_right,0
747_left,0
747_right,0
754_left,0
754_right,0
760_left,0
760_right,0
761_right,0
762_left,0
762_right,0
765_left,0
765_right,0
768_left,0
768_right,0
773_left,0
773_right,0
780_left,0
780_right,0
783_left,0
783_right,0
784_left,0
784_right,0
787_left,0
787_right,0
791_left,0
791_right,0
792_left,0
15_left,0
17_right,0
30_left,0
36_left,0
114_left,0
114_right,0
178_left,0
178_right,0
204_right,0
214_left,0
227_left,0
231_left,0
240_right,0
301_right,0
320_left,0
348_left,0
348_right,0
374_right,0
393_right,0
417_left,0
417_right,0
421_left,0
435_left,0
435_right,0
487_right,0
525_left,0
525_right,0
527_left,0
560_left,0
566_left,0
566_right,0
568_right,0
607_right,0
669_right,0
696_left,0
728_right,0
766_left,0
766_right,0
844_right,0
869_left,0
869_right,0
971_right,0
978_left,0
978_right,0
992_left,0
997_right,0
1020_left,0
1020_right,0
1027_left,0
1036_left,0
1036_right,0
1043_left,0
1077_left,0
1077_right,0
1098_left,0
1100_left,0
1100_right,0
1139_left,0
1145_left,0
1226_left,0
1266_left,0
1266_right,0
1277_left,0
1283_left,0
1309_left,0
1343_left,0
1343_right,0
1369_left,0
1369_right,0
1374_right,0
1409_left,0
1454_left,0
1520_left,0
1520_right,0
1532_left,0
1540_right,0
1544_right,0
1570_left,0
1592_left,0
1592_right,0
1658_left,0
1666_left,0
1666_right,0
1669_right,0
1689_right,0
1776_left,0
1776_right,0
1785_left,0
1817_right,0
1833_right,0
1851_left,0
1853_right,0
1856_left,0
1856_right,0
1867_left,0
1867_right,0
1932_left,0
1932_right,0
1933_left,0
1986_right,0
1999_left,0
2010_right,0
2034_left,0
2034_right,0
2106_left,0
2106_right,0
2129_left,0
2129_right,0
2155_left,0
2161_left,0
2168_left,0
2192_right,0
2233_left,0
2233_right,0
2261_right,0
2294_left,0
2294_right,0
2318_right,0
2359_right,0
2382_left,0
2382_right,0
2423_left,0
2423_right,0
2430_left,0
2433_right,0
2488_left,0
2488_right,0
2495_right,0
2516_right,0
2525_left,0
2531_left,0
2531_right,0
2623_right,0
2629_left,0
2629_right,0
2691_left,0
2802_right,0
2844_left,0
2844_right,0
2858_left,0
2858_right,0
2877_left,0
2877_right,0
2949_right,0
2953_left,0
2956_left,0
2956_right,0
2965_right,0
2972_left,0
2972_right,0
3017_left,0
3018_right,0
3060_left,0
3061_left,0
3094_left,0
3124_left,0
3124_right,0
3139_left,0
3189_right,0
3197_left,0
3216_right,0
3237_right,0
3271_right,0
3303_right,0
3339_left,0
3339_right,0
3397_left,0
3397_right,0
3459_left,0
3459_right,0
3464_right,0
3515_left,0
3526_left,0
3587_left,0
3587_right,0
3605_left,0
3605_right,0
3612_left,0
3622_left,0
3622_right,0
3671_left,0
3688_left,0
3722_left,0
3740_left,0
3767_right,0
3774_right,0
3779_left,0
3779_right,0
3780_left,0
3780_right,0
3782_left,0
3829_right,0
3888_right,0
3894_left,0
3895_right,0
3983_right,0
4036_left,0
4113_left,0
4113_right,0
4204_left,0
4204_right,0
4230_left,0
4230_right,0
4232_right,0
4249_left,0
4249_right,0
4257_left,0
4300_left,0
4300_right,0
4304_left,0
4304_right,0
4311_left,0
4311_right,0
4326_left,0
4326_right,0
4329_left,0
4329_right,0
4391_right,0
4395_left,0
4424_right,0
4434_left,0
4470_left,0
4470_right,0
4479_left,0
4485_right,0
4524_left,0
4524_right,0
4527_left,0
4527_right,0
4533_left,0
4534_right,0
4545_left,0
4545_right,0
4570_left,0
4582_right,0
4614_left,0
4614_right,0
4689_left,0
4696_right,0
4711_right,0
4755_left,0
4757_left,0
4769_left,0
4769_right,0
4781_left,0
4781_right,0
4830_left,0
4831_left,0
4831_right,0
4839_left,0
4839_right,0
4852_left,0
4864_left,0
4864_right,0
4869_right,0
4885_right,0
4904_left,0
4904_right,0
4915_right,0
4916_left,0
4931_right,0
4946_left,0
4946_right,0
5008_left,0
5009_left,0
5009_right,0
5010_left,0
5010_right,0
5024_right,0
5039_right,0
5044_left,0
5044_right,0
5062_left,0
5062_right,0
5118_left,0
5118_right,0
5137_left,0
5137_right,0
5146_left,0
5177_left,0
5209_right,0
5267_left,0
5267_right,0
5274_right,0
5276_right,0
5288_left,0
5288_right,0
5358_left,0
5358_right,0
5365_left,0
5383_left,0
5394_left,0
5407_right,0
5423_left,0
5423_right,0
5435_right,0
5441_left,0
5441_right,0
5472_left,0
5497_left,0
5497_right,0
5506_left,0
5516_left,0
5526_left,0
5526_right,0
5559_right,0
5581_left,0
5581_right,0
5589_right,0
5615_right,0
5667_left,0
5667_right,0
5695_left,0
5695_right,0
5697_left,0
5697_right,0
5720_left,0
5743_right,0
5776_left,0
5776_right,0
5792_left,0
5811_right,0
5827_right,0
5841_left,0
5841_right,0
5861_left,0
5861_right,0
5891_left,0
5891_right,0
5930_left,0
5944_right,0
5953_right,0
5962_left,0
5962_right,0
5974_left,0
5980_left,0
5980_right,0
5994_left,0
5994_right,0
6005_left,0
6021_left,0
6032_right,0
6127_left,0
6138_left,0
6165_left,0
6165_right,0
6168_left,0
6175_left,0
6175_right,0
6199_left,0
6199_right,0
6240_right,0
6259_right,0
6290_right,0
6305_left,0
6305_right,0
6317_right,0
6348_left,0
6374_left,0
6415_right,0
6452_left,0
6459_left,0
6529_right,0
6546_left,0
6546_right,0
6631_left,0
6643_left,0
6643_right,0
6691_left,0
6691_right,0
6704_left,0
6704_right,0
6732_left,0
6732_right,0
6772_left,0
6772_right,0
6785_right,0
6806_left,0
6806_right,0
6808_left,0
6808_right,0
6811_right,0
6840_right,0
6865_left,0
6865_right,0
6927_right,0
6947_left,0
6947_right,0
6958_left,0
6958_right,0
6965_left,0
6965_right,0
7009_left,0
7009_right,0
7107_right,0
7131_left,0
7131_right,0
7158_left,0
7172_left,0
7172_right,0
7174_left,0
7174_right,0
7205_left,0
7219_left,0
7219_right,0
7290_left,0
7292_left,0
7292_right,0
7299_right,0
7322_left,0
7339_left,0
7378_right,0
7379_right,0
7390_left,0
7411_right,0
7457_right,0
7459_left,0
7459_right,0
7463_left,0
7463_right,0
7464_right,0
7466_left,0
7468_right,0
7475_right,0
7494_right,0
7504_left,0
7504_right,0
7505_left,0
7556_left,0
7556_right,0
7560_left,0
7580_left,0
7580_right,0
7601_left,0
7651_right,0
7726_left,0
7739_right,0
7746_left,0
7746_right,0
7750_right,0
7754_left,0
7754_right,0
7773_right,0
7788_left,0
7797_left,0
7797_right,0
7800_left,0
7886_left,0
7886_right,0
7890_left,0
7898_right,0
7961_left,0
7961_right,0
7985_right,0
8006_left,0
8006_right,0
8007_left,0
8029_left,0
8047_left,0
8093_left,0
8093_right,0
8146_left,0
8162_left,0
8181_left,0
8203_left,0
8203_right,0
8231_left,0
8231_right,0
8232_left,0
8275_right,0
8295_left,0
8295_right,0
8339_left,0
8342_right,0
8347_left,0
8347_right,0
8358_left,0
8388_left,0
8403_right,0
8407_left,0
8407_right,0
8410_left,0
8410_right,0
8418_right,0
8421_left,0
8430_left,0
8493_left,0
8513_left,0
8513_right,0
15_right,1
30_right,1
40_left,1
51_left,1
54_left,1
54_right,1
78_left,1
78_right,1
79_left,1
79_right,1
82_left,1
82_right,1
129_left,1
129_right,1
155_right,1
172_left,1
172_right,1
184_left,1
184_right,1
192_left,1
192_right,1
195_left,1
195_right,1
219_left,1
229_right,1
239_left,1
239_right,1
257_left,1
257_right,1
264_left,1
264_right,1
283_left,1
283_right,1
286_left,1
286_right,1
317_left,1
317_right,1
320_right,1
325_left,1
325_right,1
328_left,1
337_right,1
360_left,1
360_right,1
375_left,1
378_left,1
378_right,1
391_left,1
396_left,1
396_right,1
419_left,1
419_right,1
427_left,1
427_right,1
439_left,1
444_left,1
444_right,1
466_left,1
466_right,1
508_left,1
508_right,1
509_right,1
510_left,1
510_right,1
527_right,1
534_left,1
534_right,1
558_left,1
558_right,1
560_right,1
607_left,1
609_right,1
639_left,1
660_left,1
660_right,1
679_right,1
681_left,1
681_right,1
685_left,1
685_right,1
696_right,1
715_left,1
715_right,1
717_left,1
717_right,1
752_left,1
752_right,1
761_left,1
818_left,1
820_left,1
820_right,1
829_left,1
829_right,1
857_left,1
865_left,1
865_right,1
877_left,1
877_right,1
878_left,1
904_left,1
905_left,1
905_right,1
906_left,1
906_right,1
916_left,1
928_left,1
928_right,1
934_left,1
934_right,1
945_left,1
945_right,1
947_left,1
960_left,1
960_right,1
971_left,1
985_right,1
986_right,1
1002_right,1
1030_left,1
1030_right,1
1032_left,1
1032_right,1
1034_left,1
1034_right,1
1037_right,1
1049_left,1
1049_right,1
1050_left,1
1050_right,1
1075_left,1
1076_left,1
1098_right,1
1107_left,1
1107_right,1
1111_left,1
1111_right,1
1119_right,1
1140_left,1
1140_right,1
1142_right,1
1145_right,1
1152_right,1
1167_left,1
1167_right,1
1178_left,1
1178_right,1
1204_left,1
1204_right,1
1233_left,1
1233_right,1
1259_left,1
1259_right,1
1290_left,1
1290_right,1
1296_left,1
1296_right,1
1324_right,1
1362_left,1
1362_right,1
1367_left,1
1367_right,1
1391_right,1
1407_left,1
1407_right,1
1412_left,1
1419_left,1
1419_right,1
1444_left,1
1444_right,1
1469_left,1
1469_right,1
1475_left,1
1475_right,1
1487_left,1
1495_left,1
1495_right,1
1496_left,1
1496_right,1
1500_left,1
1501_left,1
1501_right,1
1505_left,1
1509_right,1
1526_left,1
1527_left,1
1530_left,1
1530_right,1
1536_left,1
1536_right,1
1540_left,1
1541_left,1
1541_right,1
1544_left,1
1552_left,1
1552_right,1
1557_right,1
1599_left,1
1599_right,1
1607_left,1
1607_right,1
1614_left,1
1614_right,1
1632_left,1
1632_right,1
1636_left,1
1636_right,1
1640_right,1
1675_left,1
1675_right,1
1687_left,1
1687_right,1
1732_left,1
1732_right,1
1743_left,1
1743_right,1
1752_left,1
1752_right,1
1779_right,1
1827_left,1
1827_right,1
1831_right,1
1835_right,1
1851_right,1
1873_left,1
1873_right,1
1893_left,1
1893_right,1
1906_left,1
1906_right,1
1919_right,1
1920_left,1
1920_right,1
1926_left,1
1926_right,1
1928_left,1
1928_right,1
1933_right,1
1941_right,1
1947_left,1
1947_right,1
1960_right,1
1965_left,1
1965_right,1
1981_left,1
1987_left,1
1987_right,1
2001_left,1
2001_right,1
2010_left,1
2011_left,1
2011_right,1
2029_right,1
2030_left,1
2031_left,1
2047_left,1
2047_right,1
2053_right,1
2065_left,1
2065_right,1
2081_left,1
2081_right,1
2094_left,1
2094_right,1
2099_right,1
2107_left,1
2107_right,1
2131_left,1
2132_left,1
2161_right,1
2180_left,1
2180_right,1
2194_left,1
2205_left,1
2205_right,1
2232_right,1
2249_left,1
2249_right,1
2264_right,1
2272_left,1
2272_right,1
2273_right,1
2275_right,1
2315_right,1
2357_left,1
2357_right,1
2359_left,1
2369_left,1
2407_left,1
2407_right,1
2424_left,1
2424_right,1
2447_left,1
2447_right,1
2453_left,1
2453_right,1
2468_left,1
2468_right,1
2470_left,1
2470_right,1
2489_left,1
2489_right,1
2508_left,1
2508_right,1
2536_left,1
2536_right,1
2545_left,1
2545_right,1
2548_left,1
2548_right,1
2553_left,1
2553_right,1
2561_left,1
2561_right,1
2610_left,1
2610_right,1
2613_left,1
2613_right,1
2623_left,1
2628_left,1
2628_right,1
2640_right,1
2648_left,1
2648_right,1
2652_left,1
2668_left,1
2668_right,1
2670_right,1
2705_left,1
2706_left,1
2706_right,1
2714_left,1
2714_right,1
2729_left,1
2729_right,1
2756_left,1
2756_right,1
2795_left,1
2798_left,1
2798_right,1
2872_left,1
2872_right,1
2880_left,1
2901_left,1
2903_left,1
2903_right,1
2946_left,1
2946_right,1
2962_left,1
2962_right,1
2966_left,1
2966_right,1
2992_left,1
2992_right,1
3026_left,1
3026_right,1
3029_left,1
3029_right,1
3031_left,1
3031_right,1
3059_left,1
3059_right,1
3070_right,1
3074_left,1
3088_right,1
3101_left,1
3101_right,1
3104_left,1
3104_right,1
3139_right,1
3163_left,1
3163_right,1
3166_left,1
3166_right,1
3192_right,1
3194_left,1
3194_right,1
3197_right,1
3202_left,1
3202_right,1
3213_left,1
3213_right,1
3216_left,1
3220_left,1
3220_right,1
3237_left,1
3250_left,1
3250_right,1
3265_left,1
3265_right,1
3267_left,1
3267_right,1
3271_left,1
3275_left,1
3275_right,1
3276_left,1
3276_right,1
3295_left,1
3295_right,1
3300_left,1
3300_right,1
3301_left,1
3301_right,1
3317_left,1
3320_left,1
3334_left,1
3334_right,1
3356_left,1
3356_right,1
3372_right,1
3408_left,1
3418_right,1
3420_left,1
3420_right,1
3432_left,1
3432_right,1
3446_left,1
3446_right,1
3454_left,1
3454_right,1
3485_left,1
3485_right,1
3523_right,1
3525_left,1
3525_right,1
3533_right,1
3554_left,1
3554_right,1
3560_left,1
3560_right,1
3562_left,1
3562_right,1
3606_left,1
3606_right,1
3614_left,1
3614_right,1
3636_left,1
3648_left,1
3648_right,1
3655_left,1
3682_left,1
3682_right,1
3703_left,1
3722_right,1
3738_left,1
3738_right,1
3744_left,1
3744_right,1
3748_left,1
3754_right,1
3759_left,1
3759_right,1
3778_left,1
3778_right,1
3808_left,1
3808_right,1
3829_left,1
3865_left,1
3884_left,1
3884_right,1
3888_left,1
3895_left,1
3914_left,1
3914_right,1
3932_left,1
3932_right,1
3933_left,1
3933_right,1
3977_left,1
3977_right,1
3983_left,1
3988_right,1
3989_left,1
4025_left,1
4025_right,1
4043_left,1
4043_right,1
4060_left,1
4060_right,1
4078_left,1
4078_right,1
4082_right,1
4122_left,1
4122_right,1
4125_right,1
4148_left,1
4149_left,1
4149_right,1
4163_left,1
99_left,0
99_right,0
163_left,0
163_right,0
328_right,0
352_left,0
352_right,0
391_right,0
458_left,0
509_left,0
531_left,0
531_right,0
609_left,0
679_left,0
687_left,0
687_right,0
932_left,0
932_right,0
1002_left,0
1008_left,0
1008_right,0
1099_left,0
1162_left,0
1162_right,0
1177_left,0
1177_right,0
1196_left,0
1196_right,0
1350_right,0
1391_left,0
1420_left,0
1420_right,0
1471_left,0
1471_right,0
1639_left,0
1639_right,0
1640_left,0
1919_left,0
2016_right,0
2132_right,0
2275_left,0
2496_right,0
2532_left,0
2532_right,0
2577_left,0
2577_right,0
2767_left,0
2767_right,0
2862_left,0
2862_right,0
2901_right,0
3096_left,0
3096_right,0
3192_left,0
3287_left,0
3287_right,0
3307_left,0
3307_right,0
3317_right,0
3343_left,0
3343_right,0
3379_left,0
3379_right,0
3422_left,0
3422_right,0
3444_left,0
3444_right,0
3523_left,0
3570_left,0
3570_right,0
3748_right,0
3773_left,0
3773_right,0
3868_left,0
3868_right,0
3988_left,0
3992_left,0
3992_right,0
4148_right,0
4155_left,0
4282_left,0
4282_right,0
4366_left,0
4366_right,0
4374_right,0
4531_right,0
4620_right,0
4674_left,0
4773_left,0
4793_right,0
4967_left,0
4970_right,0
5139_right,0
5140_left,0
5140_right,0
5185_right,0
5298_left,0
5298_right,0
5304_left,0
5505_left,0
5505_right,0
5789_left,0
5814_right,0
5823_left,0
5823_right,0
5927_left,0
5964_left,0
5964_right,0
6321_left,0
6321_right,0
6433_left,0
6433_right,0
6502_right,0
6537_left,0
6687_left,0
6687_right,0
6736_left,0
6736_right,0
6875_left,0
6875_right,0
6878_right,0
6901_left,0
6997_left,0
7026_left,0
7026_right,0
7060_left,0
7060_right,0
7137_right,0
7276_left,0
7298_right,0
7329_left,0
7329_right,0
7349_left,0
7398_right,0
7520_left,0
7520_right,0
7531_left,0
7623_left,0
7623_right,0
7631_right,0
7859_left,0
7859_right,0
7883_right,0
7923_left,0
7923_right,0
7959_left,0
7959_right,0
7982_left,0
8073_left,0
8073_right,0
8248_left,0
8284_left,0
8302_left,0
8302_right,0
8363_left,0
8424_left,0
8424_right,0
8565_right,0
8640_right,0
8678_left,0
8678_right,0
8699_left,0
8699_right,0
8723_left,0
8723_right,0
8749_left,0
8749_right,0
8798_left,0
8798_right,0
8950_right,0
9001_left,0
9001_right,0
9450_right,0
9526_left,0
9526_right,0
16_left,0
16_right,0
217_left,0
217_right,0
294_left,0
294_right,0
326_left,0
326_right,0
367_left,0
367_right,0
405_left,0
405_right,0
406_left,0
406_right,0
439_right,0
458_right,0
670_left,0
670_right,0
936_left,0
936_right,0
986_left,0
1084_left,0
1084_right,0
1099_right,0
1138_left,0
1138_right,0
1350_left,0
1430_left,0
1430_right,0
1663_left,0
1663_right,0
1941_left,0
2016_left,0
2031_right,0
2338_left,0
2338_right,0
2496_left,0
2804_left,0
2804_right,0
2810_left,0
2810_right,0
2880_right,0
2916_left,0
2916_right,0
2970_left,0
2970_right,0
3064_left,0
3064_right,0
3088_left,0
3371_left,0
3371_right,0
3412_left,0
3412_right,0
3418_left,0
3501_left,0
3563_left,0
3563_right,0
3611_right,0
3802_left,0
3802_right,0
3993_left,0
3993_right,0
4005_left,0
4005_right,0
4086_left,0
4086_right,0
4130_left,0
4130_right,0
4155_right,0
4252_left,0
4252_right,0
4374_left,0
4496_left,0
4496_right,0
4531_left,0
4688_right,0
4793_left,0
4909_left,0
4909_right,0
5032_left,0
5032_right,0
5105_left,0
5105_right,0
5258_left,0
5258_right,0
5304_right,0
5825_left,0
5825_right,0
5838_left,0
6017_left,0
6017_right,0
6096_left,0
6096_right,0
6613_left,0
6613_right,0
6707_left,0
6707_right,0
6719_left,0
6719_right,0
6997_right,0
7164_left,0
7164_right,0
7279_left,0
7398_left,0
7531_right,0
7821_right,0
7853_left,0
7853_right,0
7945_left,0
7945_right,0
7992_left,0
7992_right,0
8087_left,0
8087_right,0
8090_left,0
8236_left,0
8236_right,0
8292_left,0
8292_right,0
8388_right,0
8462_left,0
8462_right,0
8681_left,0
8681_right,0
8743_left,0
8743_right,0
8950_left,0
9156_left,0
9156_right,0
9157_left,0
9157_right,0
9216_left,0
9298_left,0
9298_right,0
9311_left,0
9311_right,0
9353_left,0
9353_right,0
9419_left,0
9419_right,0
9518_left,0
